#
# There is insufficient memory for the Java Runtime Environment to continue.
# Native memory allocation (mmap) failed to map 65536 bytes. Error detail: Failed to commit metaspace.
# Possible reasons:
#   The system is out of physical RAM or swap space
#   This process is running with CompressedOops enabled, and the Java Heap may be blocking the growth of the native heap
# Possible solutions:
#   Reduce memory load on the system
#   Increase physical memory or swap space
#   Check if swap backing store is full
#   Decrease Java heap size (-Xmx/-Xms)
#   Decrease number of Java threads
#   Decrease Java thread stack sizes (-Xss)
#   Set larger code cache with -XX:ReservedCodeCacheSize=
#   JVM is running with Unscaled Compressed Oops mode in which the Java heap is
#     placed in the first 4GB address space. The Java Heap base address is the
#     maximum limit for the native heap growth. Please use -XX:HeapBaseMinAddress
#     to set the Java Heap base and to place the Java Heap above 4GB virtual address.
# This output file may be truncated or incomplete.
#
#  Out of Memory Error (virtualSpaceNode.cpp:113), pid=55472, tid=64456
#
# JRE version: OpenJDK Runtime Environment Temurin-21.0.12.1+1 (21.0.12.1+1) (build 21.0.12.1+1-LTS)
# Java VM: OpenJDK 64-Bit Server VM Temurin-21.0.12.1+1 (21.0.12.1+1-LTS, mixed mode, sharing, tiered, compressed oops, compressed class ptrs, g1 gc, windows-amd64)
# No core dump will be written. Minidumps are not enabled by default on client versions of Windows
#

---------------  S U M M A R Y ------------

Command Line: --add-opens=java.base/java.lang=ALL-UNNAMED --add-opens=java.base/java.lang.invoke=ALL-UNNAMED --add-opens=java.base/java.util=ALL-UNNAMED --add-opens=java.prefs/java.util.prefs=ALL-UNNAMED --add-exports=jdk.compiler/com.sun.tools.javac.api=ALL-UNNAMED --add-exports=jdk.compiler/com.sun.tools.javac.util=ALL-UNNAMED --add-opens=java.base/java.nio.charset=ALL-UNNAMED --add-opens=java.base/java.net=ALL-UNNAMED --add-opens=java.base/java.util.concurrent=ALL-UNNAMED --add-opens=java.base/java.util.concurrent.atomic=ALL-UNNAMED --add-opens=java.xml/javax.xml.namespace=ALL-UNNAMED --add-opens=java.base/java.time=ALL-UNNAMED -XX:MaxMetaspaceSize=384m -XX:+HeapDumpOnOutOfMemoryError -Xms256m -Xmx512m -Dfile.encoding=UTF-8 -Duser.country=MX -Duser.language=es -Duser.variant -javaagent:C:\Users\leyot\.gradle\wrapper\dists\gradle-9.6.0-bin\42k10rwplmzkhuboz9kdazi7s\gradle-9.6.0\lib\agents\gradle-instrumentation-agent-9.6.0.jar org.gradle.launcher.daemon.bootstrap.GradleDaemon 9.6.0

Host: AMD Ryzen 5 7535HS with Radeon Graphics        , 12 cores, 15G,  Windows 11 , 64 bit Build 26100 (10.0.26100.9444)
Time: Sat Sep 19 22:29:37 2026 Hora estándar central (México) elapsed time: 92.855392 seconds (0d 0h 1m 32s)

---------------  T H R E A D  ---------------

Current thread (0x000002629f71bcc0):  JavaThread "Daemon worker"        [_thread_in_vm, id=64456, stack(0x0000007055e00000,0x0000007055f00000) (1024K)]

Stack: [0x0000007055e00000,0x0000007055f00000]
Native frames: (J=compiled Java code, j=interpreted, Vv=VM code, C=native code)
V  [jvm.dll+0x6d83e9]
V  [jvm.dll+0x8b5736]
V  [jvm.dll+0x8b7cee]
V  [jvm.dll+0x8b83d3]
V  [jvm.dll+0x284596]
V  [jvm.dll+0x8b147e]
V  [jvm.dll+0x679ad4]
V  [jvm.dll+0x1e849b]
V  [jvm.dll+0x1e825e]
V  [jvm.dll+0x67c3d2]
V  [jvm.dll+0x67c202]
V  [jvm.dll+0x67a4ae]
V  [jvm.dll+0x684758]
V  [jvm.dll+0x21973e]
V  [jvm.dll+0x219be5]
V  [jvm.dll+0x21a5d8]
V  [jvm.dll+0x20f80e]
V  [jvm.dll+0x5b6a7f]
V  [jvm.dll+0x82f606]
V  [jvm.dll+0x4792f8]
V  [jvm.dll+0x47f128]
C  [java.dll+0x17ec]

Java frames: (J=compiled Java code, j=interpreted, Vv=VM code)
J 757  java.lang.ClassLoader.defineClass1(Ljava/lang/ClassLoader;Ljava/lang/String;[BIILjava/security/ProtectionDomain;Ljava/lang/String;)Ljava/lang/Class; java.base@21.0.12.1 (0 bytes) @ 0x00000262941ca311 [0x00000262941ca240+0x00000000000000d1]
J 1201 c1 java.lang.ClassLoader.defineClass(Ljava/lang/String;[BIILjava/security/ProtectionDomain;)Ljava/lang/Class; java.base@21.0.12.1 (43 bytes) @ 0x000002628c8b7ff4 [0x000002628c8b7ca0+0x0000000000000354]
J 1046 c1 java.security.SecureClassLoader.defineClass(Ljava/lang/String;[BIILjava/security/CodeSource;)Ljava/lang/Class; java.base@21.0.12.1 (16 bytes) @ 0x000002628c87919c [0x000002628c8790c0+0x00000000000000dc]
J 1000 c1 java.net.URLClassLoader.defineClass(Ljava/lang/String;Ljdk/internal/loader/Resource;)Ljava/lang/Class; java.base@21.0.12.1 (224 bytes) @ 0x000002628c8558c4 [0x000002628c854180+0x0000000000001744]
J 860 c1 java.net.URLClassLoader$1.run()Ljava/lang/Class; java.base@21.0.12.1 (81 bytes) @ 0x000002628c8165ec [0x000002628c8159c0+0x0000000000000c2c]
J 819 c1 java.net.URLClassLoader$1.run()Ljava/lang/Object; java.base@21.0.12.1 (5 bytes) @ 0x000002628c807bd4 [0x000002628c807b40+0x0000000000000094]
J 649 c1 java.security.AccessController.doPrivileged(Ljava/security/PrivilegedExceptionAction;Ljava/security/AccessControlContext;)Ljava/lang/Object; java.base@21.0.12.1 (26 bytes) @ 0x000002628c79fc8c [0x000002628c79faa0+0x00000000000001ec]
J 1477 c1 java.net.URLClassLoader.findClass(Ljava/lang/String;)Ljava/lang/Class; java.base@21.0.12.1 (47 bytes) @ 0x000002628c978d4c [0x000002628c978ba0+0x00000000000001ac]
J 751 c1 java.lang.ClassLoader.loadClass(Ljava/lang/String;Z)Ljava/lang/Class; java.base@21.0.12.1 (121 bytes) @ 0x000002628c7e6524 [0x000002628c7e5f60+0x00000000000005c4]
J 771 c1 java.lang.ClassLoader.loadClass(Ljava/lang/String;)Ljava/lang/Class; java.base@21.0.12.1 (7 bytes) @ 0x000002628c7ee054 [0x000002628c7edf40+0x0000000000000114]
v  ~StubRoutines::call_stub 0x0000026293be100d
j  org.gradle.internal.service.scopes.CoreCrossBuildSessionServices.configure(Lorg/gradle/internal/service/ServiceRegistration;)V+15
j  java.lang.invoke.DirectMethodHandle$Holder.invokeVirtual(Ljava/lang/Object;Ljava/lang/Object;Ljava/lang/Object;)V+11 java.base@21.0.12.1
j  java.lang.invoke.LambdaForm$MH+0x00000262a103f000.invoke(Ljava/lang/Object;Ljava/lang/Object;Ljava/lang/Object;)Ljava/lang/Object;+52 java.base@21.0.12.1
J 2161 c1 jdk.internal.reflect.DirectMethodHandleAccessor.invoke(Ljava/lang/Object;[Ljava/lang/Object;)Ljava/lang/Object; java.base@21.0.12.1 (92 bytes) @ 0x000002628cac843c [0x000002628cac6840+0x0000000000001bfc]
J 2160 c1 java.lang.reflect.Method.invoke(Ljava/lang/Object;[Ljava/lang/Object;)Ljava/lang/Object; java.base@21.0.12.1 (108 bytes) @ 0x000002628cac5fd4 [0x000002628cac5ac0+0x0000000000000514]
j  org.gradle.internal.reflect.JavaMethod.invoke(Ljava/lang/Object;[Ljava/lang/Object;)Ljava/lang/Object;+6
j  org.gradle.internal.service.ReflectionBasedServiceMethod.invoke(Ljava/lang/Object;[Ljava/lang/Object;)Ljava/lang/Object;+6
j  org.gradle.internal.service.DefaultServiceRegistry.applyConfigureMethod(Lorg/gradle/internal/service/ServiceAccessToken;Lorg/gradle/internal/service/ServiceMethod;Ljava/lang/Object;)V+148
j  org.gradle.internal.service.DefaultServiceRegistry.findProviderMethods(Lorg/gradle/internal/service/ServiceRegistrationProvider;Lorg/gradle/internal/service/ServiceAccessToken;)V+215
j  org.gradle.internal.service.DefaultServiceRegistry.addProvider(Lorg/gradle/internal/service/ServiceRegistrationProvider;)Lorg/gradle/internal/service/DefaultServiceRegistry;+18
j  org.gradle.internal.service.DefaultServiceRegistry$1.addProvider(Lorg/gradle/internal/service/ServiceRegistrationProvider;)V+5
j  org.gradle.internal.service.scopes.CoreServices.registerCrossBuildSessionServices(Lorg/gradle/internal/service/ServiceRegistration;)V+8
j  org.gradle.internal.session.CrossBuildSessionState$Services.configure(Lorg/gradle/internal/service/ServiceRegistration;Ljava/util/List;)V+30
j  java.lang.invoke.LambdaForm$DMH+0x00000262a10bc000.invokeVirtual(Ljava/lang/Object;Ljava/lang/Object;Ljava/lang/Object;Ljava/lang/Object;)V+14 java.base@21.0.12.1
j  java.lang.invoke.LambdaForm$MH+0x00000262a11b6400.invoke(Ljava/lang/Object;Ljava/lang/Object;Ljava/lang/Object;Ljava/lang/Object;)Ljava/lang/Object;+73 java.base@21.0.12.1
J 2161 c1 jdk.internal.reflect.DirectMethodHandleAccessor.invoke(Ljava/lang/Object;[Ljava/lang/Object;)Ljava/lang/Object; java.base@21.0.12.1 (92 bytes) @ 0x000002628cac7de4 [0x000002628cac6840+0x00000000000015a4]
J 2160 c1 java.lang.reflect.Method.invoke(Ljava/lang/Object;[Ljava/lang/Object;)Ljava/lang/Object; java.base@21.0.12.1 (108 bytes) @ 0x000002628cac5fd4 [0x000002628cac5ac0+0x0000000000000514]
j  org.gradle.internal.reflect.JavaMethod.invoke(Ljava/lang/Object;[Ljava/lang/Object;)Ljava/lang/Object;+6
j  org.gradle.internal.service.ReflectionBasedServiceMethod.invoke(Ljava/lang/Object;[Ljava/lang/Object;)Ljava/lang/Object;+6
j  org.gradle.internal.service.DefaultServiceRegistry.applyConfigureMethod(Lorg/gradle/internal/service/ServiceAccessToken;Lorg/gradle/internal/service/ServiceMethod;Ljava/lang/Object;)V+148
j  org.gradle.internal.service.DefaultServiceRegistry.findProviderMethods(Lorg/gradle/internal/service/ServiceRegistrationProvider;Lorg/gradle/internal/service/ServiceAccessToken;)V+215
j  org.gradle.internal.service.DefaultServiceRegistry.addProvider(Lorg/gradle/internal/service/ServiceRegistrationProvider;)Lorg/gradle/internal/service/DefaultServiceRegistry;+18
j  org.gradle.internal.service.ServiceRegistryBuilder.build()Lorg/gradle/internal/service/CloseableServiceRegistry;+93
j  org.gradle.internal.session.CrossBuildSessionState.<init>(Lorg/gradle/internal/service/ServiceRegistry;Lorg/gradle/api/internal/StartParameterInternal;Ljava/io/File;)V+35
j  org.gradle.internal.buildprocess.execution.BuildSessionLifecycleBuildActionExecutor.execute(Lorg/gradle/internal/invocation/BuildAction;Lorg/gradle/launcher/exec/BuildActionParameters;Lorg/gradle/initialization/BuildRequestContext;)Lorg/gradle/launcher/exec/BuildActionResult;+54
j  org.gradle.internal.buildprocess.execution.BuildSessionLifecycleBuildActionExecutor.execute(Lorg/gradle/internal/invocation/BuildAction;Ljava/lang/Object;Ljava/lang/Object;)Lorg/gradle/launcher/exec/BuildActionResult;+10
j  org.gradle.internal.buildprocess.execution.StartParamsValidatingActionExecutor.execute(Lorg/gradle/internal/invocation/BuildAction;Lorg/gradle/launcher/exec/BuildActionParameters;Lorg/gradle/initialization/BuildRequestContext;)Lorg/gradle/launcher/exec/BuildActionResult;+142
j  org.gradle.internal.buildprocess.execution.StartParamsValidatingActionExecutor.execute(Lorg/gradle/internal/invocation/BuildAction;Ljava/lang/Object;Ljava/lang/Object;)Lorg/gradle/launcher/exec/BuildActionResult;+10
j  org.gradle.internal.buildprocess.execution.SessionFailureReportingActionExecutor.execute(Lorg/gradle/internal/invocation/BuildAction;Lorg/gradle/launcher/exec/BuildActionParameters;Lorg/gradle/initialization/BuildRequestContext;)Lorg/gradle/launcher/exec/BuildActionResult;+7
j  org.gradle.internal.buildprocess.execution.SessionFailureReportingActionExecutor.execute(Lorg/gradle/internal/invocation/BuildAction;Ljava/lang/Object;Ljava/lang/Object;)Lorg/gradle/launcher/exec/BuildActionResult;+10
j  org.gradle.internal.buildprocess.execution.SetupLoggingActionExecutor.execute(Lorg/gradle/internal/invocation/BuildAction;Lorg/gradle/launcher/exec/BuildActionParameters;Lorg/gradle/initialization/BuildRequestContext;)Lorg/gradle/launcher/exec/BuildActionResult;+50
j  org.gradle.internal.buildprocess.execution.SetupLoggingActionExecutor.execute(Lorg/gradle/internal/invocation/BuildAction;Ljava/lang/Object;Ljava/lang/Object;)Lorg/gradle/launcher/exec/BuildActionResult;+10
j  org.gradle.launcher.daemon.server.exec.ExecuteBuild.doBuild(Lorg/gradle/launcher/daemon/server/api/DaemonCommandExecution;Lorg/gradle/launcher/daemon/protocol/Build;)V+147
j  org.gradle.launcher.daemon.server.exec.BuildCommandOnly.execute(Lorg/gradle/launcher/daemon/server/api/DaemonCommandExecution;)V+49
j  org.gradle.launcher.daemon.server.api.DaemonCommandExecution.proceed()Z+23
j  org.gradle.launcher.daemon.server.exec.WatchForDisconnection.execute(Lorg/gradle/launcher/daemon/server/api/DaemonCommandExecution;)V+19
j  org.gradle.launcher.daemon.server.api.DaemonCommandExecution.proceed()Z+23
j  org.gradle.launcher.daemon.server.exec.ResetDeprecationLogger.execute(Lorg/gradle/launcher/daemon/server/api/DaemonCommandExecution;)V+7
j  org.gradle.launcher.daemon.server.api.DaemonCommandExecution.proceed()Z+23
j  org.gradle.launcher.daemon.server.exec.RequestStopIfSingleUsedDaemon.execute(Lorg/gradle/launcher/daemon/server/api/DaemonCommandExecution;)V+33
j  org.gradle.launcher.daemon.server.api.DaemonCommandExecution.proceed()Z+23
j  org.gradle.launcher.daemon.server.exec.ForwardClientInput.lambda$execute$0(Lorg/gradle/launcher/daemon/server/api/DaemonCommandExecution;Lorg/gradle/internal/daemon/clientinput/StdinHandler;)Ljava/lang/Object;+11
j  org.gradle.launcher.daemon.server.exec.ForwardClientInput$$Lambda+0x00000262a1198688.apply(Ljava/lang/Object;)Ljava/lang/Object;+8
j  org.gradle.internal.daemon.clientinput.ClientInputForwarder.forwardInput(Ljava/util/function/Function;)Ljava/lang/Object;+46
j  org.gradle.launcher.daemon.server.exec.ForwardClientInput.execute(Lorg/gradle/launcher/daemon/server/api/DaemonCommandExecution;)V+10
j  org.gradle.launcher.daemon.server.api.DaemonCommandExecution.proceed()Z+23
j  org.gradle.launcher.daemon.server.exec.LogAndCheckHealth.execute(Lorg/gradle/launcher/daemon/server/api/DaemonCommandExecution;)V+51
j  org.gradle.launcher.daemon.server.api.DaemonCommandExecution.proceed()Z+23
j  org.gradle.launcher.daemon.server.exec.ApplyClientEnvironmentVariables.doBuild(Lorg/gradle/launcher/daemon/server/api/DaemonCommandExecution;Lorg/gradle/launcher/daemon/protocol/Build;)V+133
j  org.gradle.launcher.daemon.server.exec.BuildCommandOnly.execute(Lorg/gradle/launcher/daemon/server/api/DaemonCommandExecution;)V+49
j  org.gradle.launcher.daemon.server.api.DaemonCommandExecution.proceed()Z+23
j  org.gradle.launcher.daemon.server.exec.LogToClient.doBuild(Lorg/gradle/launcher/daemon/server/api/DaemonCommandExecution;Lorg/gradle/launcher/daemon/protocol/Build;)V+87
j  org.gradle.launcher.daemon.server.exec.BuildCommandOnly.execute(Lorg/gradle/launcher/daemon/server/api/DaemonCommandExecution;)V+49
j  org.gradle.launcher.daemon.server.api.DaemonCommandExecution.proceed()Z+23
j  org.gradle.launcher.daemon.server.exec.EstablishBuildEnvironment.doBuild(Lorg/gradle/launcher/daemon/server/api/DaemonCommandExecution;Lorg/gradle/launcher/daemon/protocol/Build;)V+225
j  org.gradle.launcher.daemon.server.exec.BuildCommandOnly.execute(Lorg/gradle/launcher/daemon/server/api/DaemonCommandExecution;)V+49
j  org.gradle.launcher.daemon.server.api.DaemonCommandExecution.proceed()Z+23
j  org.gradle.launcher.daemon.server.exec.StartBuildOrRespondWithBusy$1.run()V+44
j  org.gradle.launcher.daemon.server.DaemonStateCoordinator.lambda$runCommand$0(Ljava/lang/Runnable;)V+1
j  org.gradle.launcher.daemon.server.DaemonStateCoordinator$$Lambda+0x00000262a1197420.run()V+8
j  org.gradle.internal.concurrent.ExecutorPolicy$CatchAndRecordFailures.onExecute(Ljava/lang/Runnable;)V+1
j  org.gradle.internal.concurrent.AbstractManagedExecutor$1.run()V+25
j  java.util.concurrent.ThreadPoolExecutor.runWorker(Ljava/util/concurrent/ThreadPoolExecutor$Worker;)V+92 java.base@21.0.12.1
j  java.util.concurrent.ThreadPoolExecutor$Worker.run()V+5 java.base@21.0.12.1
j  java.lang.Thread.runWith(Ljava/lang/Object;Ljava/lang/Runnable;)V+5 java.base@21.0.12.1
j  java.lang.Thread.run()V+19 java.base@21.0.12.1
v  ~StubRoutines::call_stub 0x0000026293be100d

Compiled method (n/a) 93450  757     n 0       java.lang.ClassLoader::defineClass1 (native)
 total in heap  [0x00000262941ca090,0x00000262941ca628] = 1432
 relocation     [0x00000262941ca1f0,0x00000262941ca228] = 56
 main code      [0x00000262941ca240,0x00000262941ca621] = 993
 stub code      [0x00000262941ca621,0x00000262941ca628] = 7

[Constant Pool (empty)]

[MachCode]
[Entry Point]
  # {method} {0x00000262a0434c38} 'defineClass1' '(Ljava/lang/ClassLoader;Ljava/lang/String;[BIILjava/security/ProtectionDomain;Ljava/lang/String;)Ljava/lang/Class;' in 'java/lang/ClassLoader'
  # parm0:    rdx:rdx   = 'java/lang/ClassLoader'
  # parm1:    r8:r8     = 'java/lang/String'
  # parm2:    r9:r9     = '[B'
  # parm3:    rdi       = int
  # parm4:    rsi       = int
  # parm5:    rcx:rcx   = 'java/security/ProtectionDomain'
  # parm6:    [sp+0xa0]   = 'java/lang/String'  (sp of caller)
  0x00000262941ca240: 448b 5208 | 49bb 0000 | 00a0 6202 | 0000 4d03 | d349 3bc2 | 0f84 0600 

  0x00000262941ca258: ;   {runtime_call ic_miss_stub}
  0x00000262941ca258: 0000 e921 | 45a6 ff90 
[Verified Entry Point]
  0x00000262941ca260: 8984 2400 | 80ff ff55 | 488b ec48 | 81ec 9000 | 0000 6690 | 4181 7f20 | 0100 0000 

  0x00000262941ca27c: ;   {runtime_call StubRoutines (final stubs)}
  0x00000262941ca27c: 7405 e81d | c2a4 ff48 | 837d 1000 | 488d 4510 | 480f 4445 | 1048 8944 | 2440 4889 | 4c24 7048 
  0x00000262941ca29c: 83f9 0048 | 8d44 2470 | 480f 4444 | 2470 4889 | 4424 3848 | 8974 2430 | 4889 7c24 | 284c 894c 
  0x00000262941ca2bc: 2458 4983 | f900 488d | 4424 5848 | 0f44 4424 | 5848 8944 | 2420 4c89 | 4424 5049 | 83f8 004c 
  0x00000262941ca2dc: 8d4c 2450 | 4c0f 444c | 2450 4889 | 5424 4848 | 83fa 004c | 8d44 2448 | 4c0f 4444 

  0x00000262941ca2f8: ;   {oop(a 'java/lang/Class'{0x00000000e0978d50} = 'java/lang/ClassLoader')}
  0x00000262941ca2f8: 2448 49be | 508d 97e0 | 0000 0000 | 4c89 7424 | 784c 8d74 | 2478 498b | d6c5 f877 

  0x00000262941ca314: ;   {internal_word}
  0x00000262941ca314: 49ba 11a3 | 1c94 6202 | 0000 4d89 | 97a8 0300 | 0049 89a7 | a003 0000 

  0x00000262941ca32c: ;   {external_word}
  0x00000262941ca32c: 49ba 066d | 50c2 fb7f | 0000 4180 | 3a00 0f84 | 4e00 0000 | 5241 5041 

  0x00000262941ca344: ;   {metadata({method} {0x00000262a0434c38} 'defineClass1' '(Ljava/lang/ClassLoader;Ljava/lang/String;[BIILjava/security/ProtectionDomain;Ljava/lang/String;)Ljava/lang/Class;' in 'java/lang/ClassLoader')}
  0x00000262941ca344: 5148 ba30 | 4c43 a062 | 0200 0049 | 8bcf 4883 | ec20 40f6 | c40f 0f84 | 1900 0000 | 4883 ec08 
  0x00000262941ca364: ;   {runtime_call}
  0x00000262941ca364: 48b8 e0ea | f9c1 fb7f | 0000 ffd0 | 4883 c408 | e90c 0000 

  0x00000262941ca378: ;   {runtime_call}
  0x00000262941ca378: 0048 b8e0 | eaf9 c1fb | 7f00 00ff | d048 83c4 | 2041 5941 | 585a 498d | 8fc0 0300 | 0041 c787 
  0x00000262941ca398: 4c04 0000 | 0400 0000 

  0x00000262941ca3a0: ;   {runtime_call}
  0x00000262941ca3a0: 48b8 ac16 | 8798 fc7f | 0000 ffd0 | c5f8 7741 | c787 4c04 | 0000 0500 | 0000 f083 | 4424 c000 
  0x00000262941ca3c0: 493b af50 | 0400 000f | 870e 0000 | 0041 83bf | 4804 0000 | 000f 842b | 0000 00c5 | f877 4889 
  0x00000262941ca3e0: 45f8 498b | cf4c 8be4 | 4883 ec20 | 4883 e4f0 

  0x00000262941ca3f0: ;   {runtime_call}
  0x00000262941ca3f0: 48b8 0058 | c5c1 fb7f | 0000 ffd0 | 498b e44d | 33e4 488b | 45f8 41c7 | 874c 0400 | 0008 0000 
  0x00000262941ca410: 0041 83bf | c804 0000 | 020f 84d5 

  0x00000262941ca41c: ;   {external_word}
  0x00000262941ca41c: 0100 0049 | ba06 6d50 | c2fb 7f00 | 0041 803a | 000f 844c | 0000 0048 

  0x00000262941ca434: ;   {metadata({method} {0x00000262a0434c38} 'defineClass1' '(Ljava/lang/ClassLoader;Ljava/lang/String;[BIILjava/security/ProtectionDomain;Ljava/lang/String;)Ljava/lang/Class;' in 'java/lang/ClassLoader')}
  0x00000262941ca434: 8945 f848 | ba30 4c43 | a062 0200 | 0049 8bcf | 4883 ec20 | 40f6 c40f | 0f84 1900 | 0000 4883 
  0x00000262941ca454: ;   {runtime_call}
  0x00000262941ca454: ec08 48b8 | e0ea f9c1 | fb7f 0000 | ffd0 4883 | c408 e90c 

  0x00000262941ca468: ;   {runtime_call}
  0x00000262941ca468: 0000 0048 | b8e0 eaf9 | c1fb 7f00 | 00ff d048 | 83c4 2048 | 8b45 f849 | c787 a003 | 0000 0000 
  0x00000262941ca488: 0000 49c7 | 87a8 0300 | 0000 0000 | 00c5 f877 | 4885 c00f | 8430 0100 | 00a8 030f | 8508 0000 
  0x00000262941ca4a8: 0048 8b00 | e920 0100 | 00a8 010f | 8509 0000 | 0048 8b40 | fee9 0f01 | 0000 488b | 40ff 4180 
  0x00000262941ca4c8: 7f40 000f | 8400 0100 | 0048 83f8 | 000f 84f6 | 0000 0049 | 8b4f 2848 | 83f9 000f | 8414 0000 
  0x00000262941ca4e8: 0048 83e9 | 0849 894f | 2849 034f | 3848 8901 | e9d4 0000 | 0048 83ec | 7048 8904 | 2448 894c 
  0x00000262941ca508: 2408 4889 | 5424 104c | 8944 2418 | 4c89 4c24 | 204c 8954 | 2428 4c89 | 5c24 30c5 | fb11 4424 
  0x00000262941ca528: 40c5 fb11 | 4c24 48c5 | fb11 5424 | 50c5 fb11 | 5c24 58c5 | fb11 6424 | 60c5 fb11 | 6c24 6849 
  0x00000262941ca548: 8bd7 488b | c848 83ec | 2040 f6c4 | 0f0f 8419 | 0000 0048 

  0x00000262941ca55c: ;   {runtime_call}
  0x00000262941ca55c: 83ec 0848 | b820 a4b8 | c1fb 7f00 | 00ff d048 | 83c4 08e9 | 0c00 0000 

  0x00000262941ca574: ;   {runtime_call}
  0x00000262941ca574: 48b8 20a4 | b8c1 fb7f | 0000 ffd0 | 4883 c420 | c5fb 106c | 2468 c5fb | 1064 2460 | c5fb 105c 
  0x00000262941ca594: 2458 c5fb | 1054 2450 | c5fb 104c | 2448 c5fb | 1044 2440 | 4c8b 5c24 | 304c 8b54 | 2428 4c8b 
  0x00000262941ca5b4: 4c24 204c | 8b44 2418 | 488b 5424 | 1048 8b4c | 2408 488b | 0424 4883 | c470 c5f8 | 7749 8b8f 
  0x00000262941ca5d4: 3004 0000 | c781 0001 | 0000 0000 | 0000 c949 | 837f 0800 | 0f85 0100 

  0x00000262941ca5ec: ;   {runtime_call StubRoutines (initial stubs)}
  0x00000262941ca5ec: 0000 c3e9 | 0c69 a1ff | c5f8 7748 | 8945 f84c | 8be4 4883 | ec20 4883 

  0x00000262941ca604: ;   {runtime_call}
  0x00000262941ca604: e4f0 48b8 | 3022 fac1 | fb7f 0000 | ffd0 498b | e44d 33e4 | 488b 45f8 | e9fe fdff | fff4 f4f4 
  0x00000262941ca624: f4f4 f4f4 
[/MachCode]


Compiled method (c1) 93513 1201       3       java.lang.ClassLoader::defineClass (43 bytes)
 total in heap  [0x000002628c8b7a90,0x000002628c8b83e0] = 2384
 relocation     [0x000002628c8b7bf0,0x000002628c8b7c90] = 160
 main code      [0x000002628c8b7ca0,0x000002628c8b8138] = 1176
 stub code      [0x000002628c8b8138,0x000002628c8b81b0] = 120
 metadata       [0x000002628c8b81b0,0x000002628c8b81e0] = 48
 scopes data    [0x000002628c8b81e0,0x000002628c8b82d0] = 240
 scopes pcs     [0x000002628c8b82d0,0x000002628c8b83b0] = 224
 dependencies   [0x000002628c8b83b0,0x000002628c8b83b8] = 8
 nul chk table  [0x000002628c8b83b8,0x000002628c8b83e0] = 40

[Constant Pool (empty)]

[MachCode]
[Entry Point]
  # {method} {0x00000262a0434fb8} 'defineClass' '(Ljava/lang/String;[BIILjava/security/ProtectionDomain;)Ljava/lang/Class;' in 'java/lang/ClassLoader'
  # this:     rdx:rdx   = 'java/lang/ClassLoader'
  # parm0:    r8:r8     = 'java/lang/String'
  # parm1:    r9:r9     = '[B'
  # parm2:    rdi       = int
  # parm3:    rsi       = int
  # parm4:    rcx:rcx   = 'java/security/ProtectionDomain'
  #           [sp+0xc0]  (sp of caller)
  0x000002628c8b7ca0: 448b 5208 | 49bb 0000 | 00a0 6202 | 0000 4d03 | d34c 3bd0 

  0x000002628c8b7cb4: ;   {runtime_call ic_miss_stub}
  0x000002628c8b7cb4: 0f85 c66a | 3707 660f | 1f44 0000 
[Verified Entry Point]
  0x000002628c8b7cc0: 8984 2400 | 80ff ff55 | 4881 ecb0 | 0000 0090 | 4181 7f20 | 0100 0000 

  0x000002628c8b7cd8: ;   {runtime_call StubRoutines (final stubs)}
  0x000002628c8b7cd8: 7405 e8c1 | e735 0748 | 8954 2478 

  0x000002628c8b7ce4: ;   {metadata(method data for {method} {0x00000262a0434fb8} 'defineClass' '(Ljava/lang/String;[BIILjava/security/ProtectionDomain;)Ljava/lang/Class;' in 'java/lang/ClassLoader')}
  0x000002628c8b7ce4: 48bb 609f | 18b5 6202 | 0000 8b83 | cc00 0000 | 83c0 0289 | 83cc 0000 | 0025 fe07 | 0000 85c0 
  0x000002628c8b7d04: 0f84 5003 | 0000 89b4 | 2494 0000 | 0089 bc24 | 9000 0000 | 4c89 8c24 | 8800 0000 

  0x000002628c8b7d20: ;   {metadata(method data for {method} {0x00000262a0434fb8} 'defineClass' '(Ljava/lang/String;[BIILjava/security/ProtectionDomain;)Ljava/lang/Class;' in 'java/lang/ClassLoader')}
  0x000002628c8b7d20: 488b da48 | b860 9f18 | b562 0200 | 0048 8380 | 1001 0000 | 0149 8bd8 | 4c8b c34c | 8bc9 488b 
  0x000002628c8b7d40: ca48 8bd1 | 4889 9c24 | 8000 0000 

  0x000002628c8b7d4c: ;   {optimized virtual_call}
  0x000002628c8b7d4c: 6666 90e8 

  0x000002628c8b7d50: ; ImmutableOopMap {[120]=Oop [128]=Oop [136]=Oop }
                      ;*invokevirtual preDefineClass {reexecute=0 rethrow=0 return_oop=0}
                      ; - java.lang.ClassLoader::defineClass@4
  0x000002628c8b7d50: 4c7a fcff 

  0x000002628c8b7d54: ;   {other}
  0x000002628c8b7d54: 0f1f 8400 | c402 0000 | 4889 8424 | 9800 0000 | 488b 5424 

  0x000002628c8b7d68: ;   {metadata(method data for {method} {0x00000262a0434fb8} 'defineClass' '(Ljava/lang/String;[BIILjava/security/ProtectionDomain;)Ljava/lang/Class;' in 'java/lang/ClassLoader')}
  0x000002628c8b7d68: 7849 b860 | 9f18 b562 | 0200 0049 | 8380 4801 

  0x000002628c8b7d78: ;   {metadata(method data for {method} {0x00000262a0434ca0} 'defineClassSourceLocation' '(Ljava/security/ProtectionDomain;)Ljava/lang/String;' in 'java/lang/ClassLoader')}
  0x000002628c8b7d78: 0000 0149 | b888 2519 | b562 0200 | 0041 8b90 | cc00 0000 | 83c2 0241 | 8990 cc00 | 0000 81e2 
  0x000002628c8b7d98: feff 1f00 | 85d2 0f84 | d702 0000 

  0x000002628c8b7da4: ; implicit exception: dispatches to 0x000002628c8b809c
  0x000002628c8b7da4: 483b 004c 

  0x000002628c8b7da8: ;   {metadata(method data for {method} {0x00000262a0434ca0} 'defineClassSourceLocation' '(Ljava/security/ProtectionDomain;)Ljava/lang/String;' in 'java/lang/ClassLoader')}
  0x000002628c8b7da8: 8bc0 48ba | 8825 19b5 | 6202 0000 | 4883 8210 | 0100 0001 | 448b 4010 

  0x000002628c8b7dc0: ;   {metadata(method data for {method} {0x00000262a0434ca0} 'defineClassSourceLocation' '(Ljava/security/ProtectionDomain;)Ljava/lang/String;' in 'java/lang/ClassLoader')}
  0x000002628c8b7dc0: 4d85 c048 | ba88 2519 | b562 0200 | 0048 c7c6 | 5801 0000 | 7507 48c7 | c648 0100 | 0048 8b3c 
  0x000002628c8b7de0: 3248 8d7f | 0148 893c | 320f 850f 

  0x000002628c8b7dec: ;   {oop(nullptr)}
  0x000002628c8b7dec: 0000 0048 | bb00 0000 | 0000 0000 | 00e9 a101 | 0000 493b | 0049 8bd0 

  0x000002628c8b7e04: ;   {metadata(method data for {method} {0x00000262a0434ca0} 'defineClassSourceLocation' '(Ljava/security/ProtectionDomain;)Ljava/lang/String;' in 'java/lang/ClassLoader')}
  0x000002628c8b7e04: 48be 8825 | 19b5 6202 | 0000 4883 | 8668 0100 | 0001 418b | 500c 4885 

  0x000002628c8b7e1c: ;   {metadata(method data for {method} {0x00000262a0434ca0} 'defineClassSourceLocation' '(Ljava/security/ProtectionDomain;)Ljava/lang/String;' in 'java/lang/ClassLoader')}
  0x000002628c8b7e1c: d248 be88 | 2519 b562 | 0200 0048 | c7c7 b001 | 0000 7507 | 48c7 c7a0 | 0100 0048 | 8b1c 3e48 
  0x000002628c8b7e3c: 8d5b 0148 | 891c 3e0f | 850f 0000 

  0x000002628c8b7e48: ;   {oop(nullptr)}
  0x000002628c8b7e48: 0048 bb00 | 0000 0000 | 0000 00e9 | 4701 0000 

  0x000002628c8b7e58: ;   {metadata(method data for {method} {0x00000262a0434ca0} 'defineClassSourceLocation' '(Ljava/security/ProtectionDomain;)Ljava/lang/String;' in 'java/lang/ClassLoader')}
  0x000002628c8b7e58: 48be 8825 | 19b5 6202 | 0000 4883 | 86c0 0100 | 0001 483b | 024c 8bc2 

  0x000002628c8b7e70: ;   {metadata(method data for {method} {0x00000262a0434ca0} 'defineClassSourceLocation' '(Ljava/security/ProtectionDomain;)Ljava/lang/String;' in 'java/lang/ClassLoader')}
  0x000002628c8b7e70: 48be 8825 | 19b5 6202 | 0000 4883 | 86f8 0100 

  0x000002628c8b7e80: ;   {metadata(method data for {method} {0x00000262a001abf0} 'toString' '()Ljava/lang/String;' in 'java/net/URL')}
  0x000002628c8b7e80: 0001 49b8 | f833 0eb5 | 6202 0000 | 418b b0cc | 0000 0083 | c602 4189 | b0cc 0000 | 0081 e6fe 
  0x000002628c8b7ea0: ff1f 0085 | f60f 8400 | 0200 004c 

  0x000002628c8b7eac: ;   {metadata(method data for {method} {0x00000262a001abf0} 'toString' '()Ljava/lang/String;' in 'java/net/URL')}
  0x000002628c8b7eac: 8bc2 48be | f833 0eb5 | 6202 0000 | 4883 8610 | 0100 0001 

  0x000002628c8b7ec0: ;   {metadata(method data for {method} {0x00000262a0428840} 'toExternalForm' '()Ljava/lang/String;' in 'java/net/URL')}
  0x000002628c8b7ec0: 49b8 8035 | 0eb5 6202 | 0000 418b | b0cc 0000 | 0083 c602 | 4189 b0cc | 0000 0081 | e6fe ff1f 
  0x000002628c8b7ee0: 0085 f60f | 84e3 0100 | 008b 7238 

  0x000002628c8b7eec: ; implicit exception: dispatches to 0x000002628c8b80ed
  0x000002628c8b7eec: 483b 064c 

  0x000002628c8b7ef0: ;   {metadata(method data for {method} {0x00000262a0428840} 'toExternalForm' '()Ljava/lang/String;' in 'java/net/URL')}
  0x000002628c8b7ef0: 8bc6 48bf | 8035 0eb5 | 6202 0000 | 458b 4008 | 49ba 0000 | 00a0 6202 | 0000 4d03 | c24c 3b87 
  0x000002628c8b7f10: 2001 0000 | 750d 4883 | 8728 0100 | 0001 e960 | 0000 004c | 3b87 3001 | 0000 750d | 4883 8738 
  0x000002628c8b7f30: 0100 0001 | e94a 0000 | 0048 83bf | 2001 0000 | 0075 174c | 8987 2001 | 0000 48c7 | 8728 0100 
  0x000002628c8b7f50: 0001 0000 | 00e9 2900 | 0000 4883 | bf30 0100 | 0000 7517 | 4c89 8730 | 0100 0048 | c787 3801 
  0x000002628c8b7f70: 0000 0100 | 0000 e908 | 0000 0048 | 8387 1001 | 0000 014c | 8bc2 488b | d666 0f1f 

  0x000002628c8b7f8c: ;   {optimized virtual_call}
  0x000002628c8b7f8c: 4400 00e8 

  0x000002628c8b7f90: ; ImmutableOopMap {[120]=Oop [128]=Oop [136]=Oop [152]=Oop }
                      ;*invokevirtual toExternalForm {reexecute=0 rethrow=0 return_oop=0}
                      ; - java.net.URL::toExternalForm@5
                      ; - java.net.URL::toString@1
                      ; - java.lang.ClassLoader::defineClassSourceLocation@22
                      ; - java.lang.ClassLoader::defineClass@12
  0x000002628c8b7f90: 0cce f0ff 

  0x000002628c8b7f94: ;   {other}
  0x000002628c8b7f94: 0f1f 8400 | 0405 0001 | 488b d848 | 8b84 2498 | 0000 008b | b424 9400 | 0000 8bbc | 2490 0000 
  0x000002628c8b7fb4: 004c 8b8c | 2488 0000 | 004c 8b84 | 2480 0000 | 0048 8b54 

  0x000002628c8b7fc8: ;   {metadata(method data for {method} {0x00000262a0434fb8} 'defineClass' '(Ljava/lang/String;[BIILjava/security/ProtectionDomain;)Ljava/lang/Class;' in 'java/lang/ClassLoader')}
  0x000002628c8b7fc8: 2478 48b9 | 609f 18b5 | 6202 0000 | 4883 8180 | 0100 0001 | 4c8b da49 | 8bd3 488b | c848 891c 
  0x000002628c8b7fe8: 2466 0f1f 

  0x000002628c8b7fec: ;   {static_call}
  0x000002628c8b7fec: 4400 00e8 

  0x000002628c8b7ff0: ; ImmutableOopMap {[120]=Oop [152]=Oop }
                      ;*invokestatic defineClass1 {reexecute=0 rethrow=0 return_oop=0}
                      ; - java.lang.ClassLoader::defineClass@27
  0x000002628c8b7ff0: 6c22 9107 

  0x000002628c8b7ff4: ;   {other}
  0x000002628c8b7ff4: 0f1f 8400 | 6405 0002 | 488b 5424 

  0x000002628c8b8000: ;   {metadata(method data for {method} {0x00000262a0434fb8} 'defineClass' '(Ljava/lang/String;[BIILjava/security/ProtectionDomain;)Ljava/lang/Class;' in 'java/lang/ClassLoader')}
  0x000002628c8b8000: 7849 b860 | 9f18 b562 | 0200 0049 | 8380 9001 | 0000 014c | 8bc0 4c8b | 8c24 9800 | 0000 488b 
  0x000002628c8b8020: 5424 7848 | 8984 24a0 | 0000 000f 

  0x000002628c8b802c: ;   {optimized virtual_call}
  0x000002628c8b802c: 1f40 00e8 

  0x000002628c8b8030: ; ImmutableOopMap {[160]=Oop }
                      ;*invokevirtual postDefineClass {reexecute=0 rethrow=0 return_oop=0}
                      ; - java.lang.ClassLoader::defineClass@37
  0x000002628c8b8030: 6cb6 f6ff 

  0x000002628c8b8034: ;   {other}
  0x000002628c8b8034: 0f1f 8400 | a405 0003 | 488b 8424 | a000 0000 | 4881 c4b0 | 0000 005d 

  0x000002628c8b804c: ;   {poll_return}
  0x000002628c8b804c: 493b a750 | 0400 000f | 8799 0000 

  0x000002628c8b8058: ;   {metadata({method} {0x00000262a0434fb8} 'defineClass' '(Ljava/lang/String;[BIILjava/security/ProtectionDomain;)Ljava/lang/Class;' in 'java/lang/ClassLoader')}
  0x000002628c8b8058: 00c3 49ba | b04f 43a0 | 6202 0000 | 4c89 5424 | 0848 c704 | 24ff ffff 

  0x000002628c8b8070: ;   {runtime_call counter_overflow Runtime1 stub}
  0x000002628c8b8070: ffe8 0ac6 

  0x000002628c8b8074: ; ImmutableOopMap {rdx=Oop r8=Oop r9=Oop rcx=Oop [120]=Oop }
                      ;*synchronization entry
                      ; - java.lang.ClassLoader::defineClass@-1
  0x000002628c8b8074: 4207 e98f 

  0x000002628c8b8078: ;   {metadata({method} {0x00000262a0434ca0} 'defineClassSourceLocation' '(Ljava/security/ProtectionDomain;)Ljava/lang/String;' in 'java/lang/ClassLoader')}
  0x000002628c8b8078: fcff ff49 | ba98 4c43 | a062 0200 | 004c 8954 | 2408 48c7 | 0424 ffff 

  0x000002628c8b8090: ;   {runtime_call counter_overflow Runtime1 stub}
  0x000002628c8b8090: ffff e8e9 

  0x000002628c8b8094: ; ImmutableOopMap {rax=Oop [120]=Oop [128]=Oop [136]=Oop [152]=Oop }
                      ;*synchronization entry
                      ; - java.lang.ClassLoader::defineClassSourceLocation@-1
                      ; - java.lang.ClassLoader::defineClass@12
  0x000002628c8b8094: c542 07e9 | 08fd ffff 

  0x000002628c8b809c: ;   {runtime_call throw_null_pointer_exception Runtime1 stub}
  0x000002628c8b809c: e8df 7442 

  0x000002628c8b80a0: ; ImmutableOopMap {rax=Oop [120]=Oop [128]=Oop [136]=Oop [152]=Oop }
                      ;*invokevirtual getCodeSource {reexecute=0 rethrow=0 return_oop=0}
                      ; - java.lang.ClassLoader::defineClassSourceLocation@1
                      ; - java.lang.ClassLoader::defineClass@12
                      ;   {runtime_call throw_null_pointer_exception Runtime1 stub}
  0x000002628c8b80a0: 07e8 da74 

  0x000002628c8b80a4: ; ImmutableOopMap {rax=Oop r8=Oop [120]=Oop [128]=Oop [136]=Oop [152]=Oop }
                      ;*invokevirtual getLocation {reexecute=0 rethrow=0 return_oop=0}
                      ; - java.lang.ClassLoader::defineClassSourceLocation@12
                      ; - java.lang.ClassLoader::defineClass@12
                      ;   {runtime_call throw_null_pointer_exception Runtime1 stub}
  0x000002628c8b80a4: 4207 e8d5 

  0x000002628c8b80a8: ; ImmutableOopMap {rdx=Oop [120]=Oop [128]=Oop [136]=Oop [152]=Oop }
                      ;*invokevirtual toString {reexecute=0 rethrow=0 return_oop=0}
                      ; - java.lang.ClassLoader::defineClassSourceLocation@22
                      ; - java.lang.ClassLoader::defineClass@12
                      ;   {metadata({method} {0x00000262a001abf0} 'toString' '()Ljava/lang/String;' in 'java/net/URL')}
  0x000002628c8b80a8: 7442 0749 | bae8 ab01 | a062 0200 | 004c 8954 | 2408 48c7 | 0424 ffff 

  0x000002628c8b80c0: ;   {runtime_call counter_overflow Runtime1 stub}
  0x000002628c8b80c0: ffff e8b9 

  0x000002628c8b80c4: ; ImmutableOopMap {rdx=Oop [120]=Oop [128]=Oop [136]=Oop [152]=Oop }
                      ;*synchronization entry
                      ; - java.net.URL::toString@-1
                      ; - java.lang.ClassLoader::defineClassSourceLocation@22
                      ; - java.lang.ClassLoader::defineClass@12
  0x000002628c8b80c4: c542 07e9 | dffd ffff 

  0x000002628c8b80cc: ;   {metadata({method} {0x00000262a0428840} 'toExternalForm' '()Ljava/lang/String;' in 'java/net/URL')}
  0x000002628c8b80cc: 49ba 3888 | 42a0 6202 | 0000 4c89 | 5424 0848 | c704 24ff 

  0x000002628c8b80e0: ;   {runtime_call counter_overflow Runtime1 stub}
  0x000002628c8b80e0: ffff ffe8 

  0x000002628c8b80e4: ; ImmutableOopMap {rdx=Oop [120]=Oop [128]=Oop [136]=Oop [152]=Oop }
                      ;*synchronization entry
                      ; - java.net.URL::toExternalForm@-1
                      ; - java.net.URL::toString@1
                      ; - java.lang.ClassLoader::defineClassSourceLocation@22
                      ; - java.lang.ClassLoader::defineClass@12
  0x000002628c8b80e4: 98c5 4207 | e9fc fdff 

  0x000002628c8b80ec: ;   {runtime_call throw_null_pointer_exception Runtime1 stub}
  0x000002628c8b80ec: ffe8 8e74 

  0x000002628c8b80f0: ; ImmutableOopMap {rdx=Oop rsi=Oop [120]=Oop [128]=Oop [136]=Oop [152]=Oop }
                      ;*invokevirtual toExternalForm {reexecute=0 rethrow=0 return_oop=0}
                      ; - java.net.URL::toExternalForm@5
                      ; - java.net.URL::toString@1
                      ; - java.lang.ClassLoader::defineClassSourceLocation@22
                      ; - java.lang.ClassLoader::defineClass@12
                      ;   {internal_word}
  0x000002628c8b80f0: 4207 49ba | 4c80 8b8c | 6202 0000 | 4d89 9768 

  0x000002628c8b8100: ;   {runtime_call SafepointBlob}
  0x000002628c8b8100: 0400 00e9 | 78d3 3707 | 498b 8700 | 0500 0049 | c787 0005 | 0000 0000 | 0000 49c7 | 8708 0500 
  0x000002628c8b8120: 0000 0000 | 0048 81c4 | b000 0000 

  0x000002628c8b812c: ;   {runtime_call unwind_exception Runtime1 stub}
  0x000002628c8b812c: 5de9 4e65 | 4207 f4f4 | f4f4 f4f4 
[Stub Code]
  0x000002628c8b8138: ;   {no_reloc}
  0x000002628c8b8138: 0f1f 4400 

  0x000002628c8b813c: ;   {static_stub}
  0x000002628c8b813c: 0048 bb00 | 0000 0000 

  0x000002628c8b8144: ;   {runtime_call nmethod}
  0x000002628c8b8144: 0000 00e9 | fbff ffff 

  0x000002628c8b814c: ;   {static_stub}
  0x000002628c8b814c: 48bb 0000 | 0000 0000 

  0x000002628c8b8154: ;   {runtime_call nmethod}
  0x000002628c8b8154: 0000 e9fb 

  0x000002628c8b8158: ;   {static_stub}
  0x000002628c8b8158: ffff ff48 | bb00 0000 | 0000 0000 

  0x000002628c8b8164: ;   {runtime_call nmethod}
  0x000002628c8b8164: 00e9 fbff 

  0x000002628c8b8168: ;   {static_stub}
  0x000002628c8b8168: ffff 48bb | 0000 0000 | 0000 0000 

  0x000002628c8b8174: ;   {runtime_call nmethod}
  0x000002628c8b8174: e9fb ffff 

  0x000002628c8b8178: ;   {runtime_call handle_exception_from_callee Runtime1 stub}
  0x000002628c8b8178: ffe8 0292 

  0x000002628c8b817c: ;   {external_word}
  0x000002628c8b817c: 4207 48b9 | 5063 26c2 | fb7f 0000 | 4883 e4f0 

  0x000002628c8b818c: ;   {runtime_call}
  0x000002628c8b818c: 48b8 c0c9 | e8c1 fb7f | 0000 ffd0 

  0x000002628c8b8198: ;   {section_word}
  0x000002628c8b8198: f449 ba99 | 818b 8c62 | 0200 0041 

  0x000002628c8b81a4: ;   {runtime_call DeoptimizationBlob}
  0x000002628c8b81a4: 52e9 76c5 | 3707 f4f4 | f4f4 f4f4 
[/MachCode]


Compiled method (c1) 93588 1046       3       java.security.SecureClassLoader::defineClass (16 bytes)
 total in heap  [0x000002628c878f10,0x000002628c879310] = 1024
 relocation     [0x000002628c879070,0x000002628c8790c0] = 80
 main code      [0x000002628c8790c0,0x000002628c879218] = 344
 stub code      [0x000002628c879218,0x000002628c879268] = 80
 metadata       [0x000002628c879268,0x000002628c879270] = 8
 scopes data    [0x000002628c879270,0x000002628c8792b8] = 72
 scopes pcs     [0x000002628c8792b8,0x000002628c879308] = 80
 dependencies   [0x000002628c879308,0x000002628c879310] = 8

[Constant Pool (empty)]

[MachCode]
[Entry Point]
  # {method} {0x00000262a004e0e8} 'defineClass' '(Ljava/lang/String;[BIILjava/security/CodeSource;)Ljava/lang/Class;' in 'java/security/SecureClassLoader'
  # this:     rdx:rdx   = 'java/security/SecureClassLoader'
  # parm0:    r8:r8     = 'java/lang/String'
  # parm1:    r9:r9     = '[B'
  # parm2:    rdi       = int
  # parm3:    rsi       = int
  # parm4:    rcx:rcx   = 'java/security/CodeSource'
  #           [sp+0x80]  (sp of caller)
  0x000002628c8790c0: 448b 5208 | 49bb 0000 | 00a0 6202 | 0000 4d03 | d34c 3bd0 

  0x000002628c8790d4: ;   {runtime_call ic_miss_stub}
  0x000002628c8790d4: 0f85 a656 | 3b07 660f | 1f44 0000 
[Verified Entry Point]
  0x000002628c8790e0: 8984 2400 | 80ff ff55 | 4883 ec70 | 4181 7f20 | 0100 0000 

  0x000002628c8790f4: ;   {runtime_call StubRoutines (final stubs)}
  0x000002628c8790f4: 7405 e8a5 

  0x000002628c8790f8: ;   {metadata(method data for {method} {0x00000262a004e0e8} 'defineClass' '(Ljava/lang/String;[BIILjava/security/CodeSource;)Ljava/lang/Class;' in 'java/security/SecureClassLoader')}
  0x000002628c8790f8: d339 0748 | bbc8 b717 | b562 0200 | 008b 83cc | 0000 0083 | c002 8983 | cc00 0000 | 25fe 0700 
  0x000002628c879118: 0085 c00f | 8496 0000 | 0089 7424 | 5c89 7c24 | 584c 894c | 2450 4c89 | 4424 4848 

  0x000002628c879134: ;   {metadata(method data for {method} {0x00000262a004e0e8} 'defineClass' '(Ljava/lang/String;[BIILjava/security/CodeSource;)Ljava/lang/Class;' in 'java/security/SecureClassLoader')}
  0x000002628c879134: 8bda 48b8 | c8b7 17b5 | 6202 0000 | 4883 8010 | 0100 0001 | 4c8b c148 | 8bc2 488b | d048 8944 
  0x000002628c879154: ;   {optimized virtual_call}
  0x000002628c879154: 2440 90e8 

  0x000002628c879158: ; ImmutableOopMap {[64]=Oop [72]=Oop [80]=Oop }
                      ;*invokevirtual getProtectionDomain {reexecute=0 rethrow=0 return_oop=0}
                      ; - java.security.SecureClassLoader::defineClass@9
  0x000002628c879158: c4e0 0300 

  0x000002628c87915c: ;   {other}
  0x000002628c87915c: 0f1f 8400 | 4c02 0000 | 488b 5424 

  0x000002628c879168: ;   {metadata(method data for {method} {0x00000262a004e0e8} 'defineClass' '(Ljava/lang/String;[BIILjava/security/CodeSource;)Ljava/lang/Class;' in 'java/security/SecureClassLoader')}
  0x000002628c879168: 4049 b8c8 | b717 b562 | 0200 0049 | 8380 4801 | 0000 014c | 8b44 2448 | 4c8b 4c24 | 508b 7c24 
  0x000002628c879188: 588b 7424 | 5c48 8bc8 | 488b 5424 

  0x000002628c879194: ;   {optimized virtual_call}
  0x000002628c879194: 4066 90e8 

  0x000002628c879198: ; ImmutableOopMap {}
                      ;*invokevirtual defineClass {reexecute=0 rethrow=0 return_oop=0}
                      ; - java.security.SecureClassLoader::defineClass@12
  0x000002628c879198: 24eb 0300 

  0x000002628c87919c: ;   {other}
  0x000002628c87919c: 0f1f 8400 | 8c02 0001 | 4883 c470 

  0x000002628c8791a8: ;   {poll_return}
  0x000002628c8791a8: 5d49 3ba7 | 5004 0000 | 0f87 2200 

  0x000002628c8791b4: ;   {metadata({method} {0x00000262a004e0e8} 'defineClass' '(Ljava/lang/String;[BIILjava/security/CodeSource;)Ljava/lang/Class;' in 'java/security/SecureClassLoader')}
  0x000002628c8791b4: 0000 c349 | bae0 e004 | a062 0200 | 004c 8954 | 2408 48c7 | 0424 ffff 

  0x000002628c8791cc: ;   {runtime_call counter_overflow Runtime1 stub}
  0x000002628c8791cc: ffff e8ad 

  0x000002628c8791d0: ; ImmutableOopMap {rdx=Oop r8=Oop r9=Oop rcx=Oop }
                      ;*synchronization entry
                      ; - java.security.SecureClassLoader::defineClass@-1
  0x000002628c8791d0: b446 07e9 | 49ff ffff 

  0x000002628c8791d8: ;   {internal_word}
  0x000002628c8791d8: 49ba a991 | 878c 6202 | 0000 4d89 | 9768 0400 

  0x000002628c8791e8: ;   {runtime_call SafepointBlob}
  0x000002628c8791e8: 00e9 92c2 | 3b07 498b | 8700 0500 | 0049 c787 | 0005 0000 | 0000 0000 | 49c7 8708 | 0500 0000 
  0x000002628c879208: 0000 0048 | 83c4 705d 

  0x000002628c879210: ;   {runtime_call unwind_exception Runtime1 stub}
  0x000002628c879210: e96b 5446 | 07f4 f4f4 
[Stub Code]
  0x000002628c879218: ;   {no_reloc}
  0x000002628c879218: 48bb 30e0 | 04a0 6202 

  0x000002628c879220: ;   {runtime_call I2C/C2I adapters}
  0x000002628c879220: 0000 e9c0 

  0x000002628c879224: ;   {static_stub}
  0x000002628c879224: ad3b 0748 | bbb0 4f43 | a062 0200 

  0x000002628c879230: ;   {runtime_call I2C/C2I adapters}
  0x000002628c879230: 00e9 bf93 

  0x000002628c879234: ;   {runtime_call handle_exception_from_callee Runtime1 stub}
  0x000002628c879234: 3a07 e845 

  0x000002628c879238: ;   {external_word}
  0x000002628c879238: 8146 0748 | b950 6326 | c2fb 7f00 | 0048 83e4 

  0x000002628c879248: ;   {runtime_call}
  0x000002628c879248: f048 b8c0 | c9e8 c1fb | 7f00 00ff 

  0x000002628c879254: ;   {section_word}
  0x000002628c879254: d0f4 49ba | 5692 878c | 6202 0000 

  0x000002628c879260: ;   {runtime_call DeoptimizationBlob}
  0x000002628c879260: 4152 e9b9 | b43b 07f4 
[/MachCode]


---------------  P R O C E S S  ---------------

Threads class SMR info:
_java_thread_list=0x00000262badbb930, length=45, elements={
0x00000262894b1cd0, 0x000002629f2c49b0, 0x000002629f2bdb80, 0x000002629f2be6e0,
0x000002629f2cac30, 0x000002629f2cb690, 0x000002629f2cd100, 0x000002629f2cde90,
0x000002629f2d2dd0, 0x000002629f49c8f0, 0x000002629f4627f0, 0x00000262b9c96490,
0x00000262ba5a92a0, 0x000002629f73bc10, 0x000002629f66d4d0, 0x000002629f71bcc0,
0x000002629f657490, 0x000002629f658840, 0x000002629f656770, 0x00000262b9437850,
0x00000262b9439290, 0x00000262b9437ee0, 0x00000262b9436b30, 0x00000262b943b9f0,
0x00000262b943c080, 0x00000262b943c710, 0x00000262badbea90, 0x00000262badbdd70,
0x00000262badbf120, 0x00000262badbfe40, 0x00000262badc1f10, 0x00000262badc25a0,
0x00000262badc32c0, 0x00000262badc04d0, 0x00000262b951fb30, 0x00000262b951c6b0,
0x00000262b9520ee0, 0x00000262b9521c00, 0x00000262b9522290, 0x00000262b9522920,
0x00000262b951cd40, 0x00000262b951ee10, 0x00000262b951d3d0, 0x00000262b951f4a0,
0x00000262b951e0f0
}

Java Threads: ( => current thread )
  0x00000262894b1cd0 JavaThread "main"                              [_thread_blocked, id=17972, stack(0x0000007054200000,0x0000007054300000) (1024K)]
  0x000002629f2c49b0 JavaThread "Reference Handler"          daemon [_thread_blocked, id=65208, stack(0x0000007054a00000,0x0000007054b00000) (1024K)]
  0x000002629f2bdb80 JavaThread "Finalizer"                  daemon [_thread_blocked, id=30756, stack(0x0000007054b00000,0x0000007054c00000) (1024K)]
  0x000002629f2be6e0 JavaThread "Signal Dispatcher"          daemon [_thread_blocked, id=24704, stack(0x0000007054c00000,0x0000007054d00000) (1024K)]
  0x000002629f2cac30 JavaThread "Attach Listener"            daemon [_thread_blocked, id=11136, stack(0x0000007054d00000,0x0000007054e00000) (1024K)]
  0x000002629f2cb690 JavaThread "Service Thread"             daemon [_thread_blocked, id=66248, stack(0x0000007054e00000,0x0000007054f00000) (1024K)]
  0x000002629f2cd100 JavaThread "Monitor Deflation Thread"   daemon [_thread_blocked, id=66532, stack(0x0000007054f00000,0x0000007055000000) (1024K)]
  0x000002629f2cde90 JavaThread "C2 CompilerThread0"         daemon [_thread_blocked, id=65628, stack(0x0000007055000000,0x0000007055100000) (1024K)]
  0x000002629f2d2dd0 JavaThread "C1 CompilerThread0"         daemon [_thread_blocked, id=65052, stack(0x0000007055100000,0x0000007055200000) (1024K)]
  0x000002629f49c8f0 JavaThread "Common-Cleaner"             daemon [_thread_blocked, id=40436, stack(0x0000007055200000,0x0000007055300000) (1024K)]
  0x000002629f4627f0 JavaThread "Notification Thread"        daemon [_thread_blocked, id=41544, stack(0x0000007055300000,0x0000007055400000) (1024K)]
  0x00000262b9c96490 JavaThread "Daemon health stats"               [_thread_blocked, id=32572, stack(0x0000007055900000,0x0000007055a00000) (1024K)]
  0x00000262ba5a92a0 JavaThread "Incoming local TCP Connector on port 60337"        [_thread_in_native, id=46688, stack(0x0000007055a00000,0x0000007055b00000) (1024K)]
  0x000002629f73bc10 JavaThread "Daemon periodic checks"            [_thread_blocked, id=32640, stack(0x0000007055b00000,0x0000007055c00000) (1024K)]
  0x000002629f66d4d0 JavaThread "Daemon"                            [_thread_blocked, id=22016, stack(0x0000007054100000,0x0000007054200000) (1024K)]
=>0x000002629f71bcc0 JavaThread "Daemon worker"                     [_thread_in_vm, id=64456, stack(0x0000007055e00000,0x0000007055f00000) (1024K)]
  0x000002629f657490 JavaThread "Daemon Thread 2"                   [_thread_blocked, id=66740, stack(0x0000007055c00000,0x0000007055d00000) (1024K)]
  0x000002629f658840 JavaThread "Daemon Thread 3"                   [_thread_blocked, id=70512, stack(0x0000007055f00000,0x0000007056000000) (1024K)]
  0x000002629f656770 JavaThread "Daemon Thread 4"                   [_thread_blocked, id=57556, stack(0x0000007056400000,0x0000007056500000) (1024K)]
  0x00000262b9437850 JavaThread "Daemon Thread 5"                   [_thread_blocked, id=54804, stack(0x0000007056700000,0x0000007056800000) (1024K)]
  0x00000262b9439290 JavaThread "Daemon Thread 6"                   [_thread_blocked, id=70620, stack(0x0000007056900000,0x0000007056a00000) (1024K)]
  0x00000262b9437ee0 JavaThread "Daemon Thread 7"                   [_thread_blocked, id=65136, stack(0x0000007056d00000,0x0000007056e00000) (1024K)]
  0x00000262b9436b30 JavaThread "Daemon Thread 8"                   [_thread_blocked, id=27108, stack(0x0000007056f00000,0x0000007057000000) (1024K)]
  0x00000262b943b9f0 JavaThread "Daemon Thread 9"                   [_thread_blocked, id=44420, stack(0x0000007057300000,0x0000007057400000) (1024K)]
  0x00000262b943c080 JavaThread "Daemon Thread 10"                  [_thread_blocked, id=63532, stack(0x0000007057500000,0x0000007057600000) (1024K)]
  0x00000262b943c710 JavaThread "Daemon Thread 11"                  [_thread_blocked, id=63848, stack(0x0000007057700000,0x0000007057800000) (1024K)]
  0x00000262badbea90 JavaThread "Daemon Thread 12"                  [_thread_blocked, id=70256, stack(0x0000007057900000,0x0000007057a00000) (1024K)]
  0x00000262badbdd70 JavaThread "Daemon Thread 13"                  [_thread_blocked, id=67116, stack(0x0000007057d00000,0x0000007057e00000) (1024K)]
  0x00000262badbf120 JavaThread "Daemon Thread 14"                  [_thread_blocked, id=54852, stack(0x0000007057f00000,0x0000007058000000) (1024K)]
  0x00000262badbfe40 JavaThread "Daemon Thread 15"                  [_thread_blocked, id=70484, stack(0x0000007058200000,0x0000007058300000) (1024K)]
  0x00000262badc1f10 JavaThread "Daemon Thread 16"                  [_thread_blocked, id=54152, stack(0x0000007058300000,0x0000007058400000) (1024K)]
  0x00000262badc25a0 JavaThread "Daemon Thread 17"                  [_thread_blocked, id=47200, stack(0x0000007058500000,0x0000007058600000) (1024K)]
  0x00000262badc32c0 JavaThread "Daemon Thread 18"                  [_thread_blocked, id=67896, stack(0x0000007058700000,0x0000007058800000) (1024K)]
  0x00000262badc04d0 JavaThread "Daemon Thread 19"                  [_thread_blocked, id=63008, stack(0x0000007058a00000,0x0000007058b00000) (1024K)]
  0x00000262b951fb30 JavaThread "Daemon Thread 20"                  [_thread_blocked, id=60216, stack(0x0000007059000000,0x0000007059100000) (1024K)]
  0x00000262b951c6b0 JavaThread "Daemon Thread 21"                  [_thread_blocked, id=24040, stack(0x0000007059600000,0x0000007059700000) (1024K)]
  0x00000262b9520ee0 JavaThread "Daemon Thread 22"                  [_thread_blocked, id=12464, stack(0x0000007059b00000,0x0000007059c00000) (1024K)]
  0x00000262b9521c00 JavaThread "Daemon Thread 23"                  [_thread_blocked, id=25092, stack(0x0000007059d00000,0x0000007059e00000) (1024K)]
  0x00000262b9522290 JavaThread "Daemon Thread 24"                  [_thread_blocked, id=14448, stack(0x0000007059f00000,0x000000705a000000) (1024K)]
  0x00000262b9522920 JavaThread "Daemon Thread 25"                  [_thread_blocked, id=28612, stack(0x000000705a100000,0x000000705a200000) (1024K)]
  0x00000262b951cd40 JavaThread "Handler for socket connection from /127.0.0.1:60337 to /127.0.0.1:57133"        [_thread_in_native, id=59908, stack(0x0000007055d00000,0x0000007055e00000) (1024K)]
  0x00000262b951ee10 JavaThread "Cancel handler"                    [_thread_blocked, id=70120, stack(0x0000007056000000,0x0000007056100000) (1024K)]
  0x00000262b951d3d0 JavaThread "Asynchronous log dispatcher for DefaultDaemonConnection: socket connection from /127.0.0.1:60337 to /127.0.0.1:57133"        [_thread_blocked, id=60496, stack(0x0000007056100000,0x0000007056200000) (1024K)]
  0x00000262b951f4a0 JavaThread "Stdin handler"                     [_thread_blocked, id=54248, stack(0x0000007056200000,0x0000007056300000) (1024K)]
  0x00000262b951e0f0 JavaThread "Daemon client event forwarder"        [_thread_blocked, id=28964, stack(0x0000007056300000,0x0000007056400000) (1024K)]
Total: 45

Other Threads:
  0x000002629f2a42b0 VMThread "VM Thread"                           [id=53056, stack(0x0000007054900000,0x0000007054a00000) (1024K)] _threads_hazard_ptr=0x00000262badbb930
  0x000002629f296dc0 WatcherThread "VM Periodic Task Thread"        [id=21360, stack(0x0000007054800000,0x0000007054900000) (1024K)]
  0x00000262894dd210 WorkerThread "GC Thread#0"                     [id=3424, stack(0x0000007054300000,0x0000007054400000) (1024K)]
  0x000002629febe1d0 WorkerThread "GC Thread#1"                     [id=30028, stack(0x0000007055400000,0x0000007055500000) (1024K)]
  0x00000262b937af90 WorkerThread "GC Thread#2"                     [id=38776, stack(0x0000007055500000,0x0000007055600000) (1024K)]
  0x00000262b937b340 WorkerThread "GC Thread#3"                     [id=5832, stack(0x0000007055600000,0x0000007055700000) (1024K)]
  0x00000262b937b6f0 WorkerThread "GC Thread#4"                     [id=40844, stack(0x0000007055700000,0x0000007055800000) (1024K)]
  0x00000262b90c5030 WorkerThread "GC Thread#5"                     [id=19672, stack(0x0000007055800000,0x0000007055900000) (1024K)]
  0x00000262ba7dd9c0 WorkerThread "GC Thread#6"                     [id=17932, stack(0x0000007059200000,0x0000007059300000) (1024K)]
  0x00000262ba7dd610 WorkerThread "GC Thread#7"                     [id=29720, stack(0x0000007059300000,0x0000007059400000) (1024K)]
  0x00000262ba7dc750 WorkerThread "GC Thread#8"                     [id=19592, stack(0x0000007059400000,0x0000007059500000) (1024K)]
  0x00000262ba7dcb00 WorkerThread "GC Thread#9"                     [id=65776, stack(0x0000007059500000,0x0000007059600000) (1024K)]
  0x00000262894e2920 ConcurrentGCThread "G1 Main Marker"            [id=65020, stack(0x0000007054400000,0x0000007054500000) (1024K)]
  0x00000262894e3340 WorkerThread "G1 Conc#0"                       [id=61272, stack(0x0000007054500000,0x0000007054600000) (1024K)]
  0x000002629f164270 ConcurrentGCThread "G1 Refine#0"               [id=55820, stack(0x0000007054600000,0x0000007054700000) (1024K)]
  0x000002629f164d00 ConcurrentGCThread "G1 Service"                [id=19600, stack(0x0000007054700000,0x0000007054800000) (1024K)]
Total: 16

Threads with active compile tasks:
Total: 0

VM state: synchronizing (normal execution)

VM Mutex/Monitor currently owned by a thread:  ([mutex/lock_event])
[0x00007ffbc251d530] Metaspace_lock - owner thread: 0x000002629f71bcc0
[0x00007ffbc251f5b0] Threads_lock - owner thread: 0x000002629f2a42b0

Heap address: 0x00000000e0000000, size: 512 MB, Compressed Oops mode: 32-bit

CDS archive(s) mapped at: [0x00000262a0000000-0x00000262a0ba0000-0x00000262a0ba0000), size 12189696, SharedBaseAddress: 0x00000262a0000000, ArchiveRelocationMode: 1.
Compressed class space mapped at: 0x00000262a1000000-0x00000262b5000000, reserved size: 335544320
Narrow klass base: 0x00000262a0000000, Narrow klass shift: 0, Narrow klass range: 0x100000000

GC Precious Log:
 CardTable entry size: 512
 Card Set container configuration: InlinePtr #cards 5 size 8 Array Of Cards #cards 12 size 40 Howl #buckets 4 coarsen threshold 1843 Howl Bitmap #cards 512 size 80 coarsen threshold 460 Card regions per heap region 1 cards per card region 2048
 CPUs: 12 total, 12 available
 Memory: 15688M
 Large Page Support: Disabled
 NUMA Support: Disabled
 Compressed Oops: Enabled (32-bit)
 Heap Region Size: 1M
 Heap Min Capacity: 256M
 Heap Initial Capacity: 256M
 Heap Max Capacity: 512M
 Pre-touch: Disabled
 Parallel Workers: 10
 Concurrent Workers: 3
 Concurrent Refinement Workers: 10
 Periodic GC: Disabled

Heap:
 garbage-first heap   total 262144K, used 39622K [0x00000000e0000000, 0x0000000100000000)
  region size 1024K, 28 young (28672K), 10 survivors (10240K)
 Metaspace       used 12823K, committed 13120K, reserved 393216K
  class space    used 1653K, committed 1792K, reserved 327680K

Heap Regions: E=young(eden), S=young(survivor), O=old, HS=humongous(starts), HC=humongous(continues), CS=collection set, F=free, TAMS=top-at-mark-start, PB=parsable bottom
|   0|0x00000000e0000000, 0x00000000e0100000, 0x00000000e0100000|100%|HS|  |TAMS 0x00000000e0000000| PB 0x00000000e0000000| Complete 
|   1|0x00000000e0100000, 0x00000000e0200000, 0x00000000e0200000|100%|HC|  |TAMS 0x00000000e0100000| PB 0x00000000e0100000| Complete 
|   2|0x00000000e0200000, 0x00000000e0300000, 0x00000000e0300000|100%|HC|  |TAMS 0x00000000e0200000| PB 0x00000000e0200000| Complete 
|   3|0x00000000e0300000, 0x00000000e0400000, 0x00000000e0400000|100%|HC|  |TAMS 0x00000000e0300000| PB 0x00000000e0300000| Complete 
|   4|0x00000000e0400000, 0x00000000e0500000, 0x00000000e0500000|100%| O|  |TAMS 0x00000000e0400000| PB 0x00000000e0400000| Untracked 
|   5|0x00000000e0500000, 0x00000000e0600000, 0x00000000e0600000|100%| O|  |TAMS 0x00000000e0500000| PB 0x00000000e0500000| Untracked 
|   6|0x00000000e0600000, 0x00000000e0700000, 0x00000000e0700000|100%| O|  |TAMS 0x00000000e0600000| PB 0x00000000e0600000| Untracked 
|   7|0x00000000e0700000, 0x00000000e0800000, 0x00000000e0800000|100%| O|  |TAMS 0x00000000e0700000| PB 0x00000000e0700000| Untracked 
|   8|0x00000000e0800000, 0x00000000e0900000, 0x00000000e0900000|100%|HS|  |TAMS 0x00000000e0800000| PB 0x00000000e0800000| Complete 
|   9|0x00000000e0900000, 0x00000000e0a00000, 0x00000000e0a00000|100%| O|  |TAMS 0x00000000e0900000| PB 0x00000000e0900000| Untracked 
|  10|0x00000000e0a00000, 0x00000000e0b00000, 0x00000000e0b00000|100%| O|  |TAMS 0x00000000e0a00000| PB 0x00000000e0a00000| Untracked 
|  11|0x00000000e0b00000, 0x00000000e0bd6258, 0x00000000e0c00000| 83%| O|  |TAMS 0x00000000e0b00000| PB 0x00000000e0b00000| Untracked 
|  12|0x00000000e0c00000, 0x00000000e0c00000, 0x00000000e0d00000|  0%| F|  |TAMS 0x00000000e0c00000| PB 0x00000000e0c00000| Untracked 
|  13|0x00000000e0d00000, 0x00000000e0d00000, 0x00000000e0e00000|  0%| F|  |TAMS 0x00000000e0d00000| PB 0x00000000e0d00000| Untracked 
|  14|0x00000000e0e00000, 0x00000000e0e00000, 0x00000000e0f00000|  0%| F|  |TAMS 0x00000000e0e00000| PB 0x00000000e0e00000| Untracked 
|  15|0x00000000e0f00000, 0x00000000e0f00000, 0x00000000e1000000|  0%| F|  |TAMS 0x00000000e0f00000| PB 0x00000000e0f00000| Untracked 
|  16|0x00000000e1000000, 0x00000000e1000000, 0x00000000e1100000|  0%| F|  |TAMS 0x00000000e1000000| PB 0x00000000e1000000| Untracked 
|  17|0x00000000e1100000, 0x00000000e1100000, 0x00000000e1200000|  0%| F|  |TAMS 0x00000000e1100000| PB 0x00000000e1100000| Untracked 
|  18|0x00000000e1200000, 0x00000000e1200000, 0x00000000e1300000|  0%| F|  |TAMS 0x00000000e1200000| PB 0x00000000e1200000| Untracked 
|  19|0x00000000e1300000, 0x00000000e1300000, 0x00000000e1400000|  0%| F|  |TAMS 0x00000000e1300000| PB 0x00000000e1300000| Untracked 
|  20|0x00000000e1400000, 0x00000000e1400000, 0x00000000e1500000|  0%| F|  |TAMS 0x00000000e1400000| PB 0x00000000e1400000| Untracked 
|  21|0x00000000e1500000, 0x00000000e1500000, 0x00000000e1600000|  0%| F|  |TAMS 0x00000000e1500000| PB 0x00000000e1500000| Untracked 
|  22|0x00000000e1600000, 0x00000000e1600000, 0x00000000e1700000|  0%| F|  |TAMS 0x00000000e1600000| PB 0x00000000e1600000| Untracked 
|  23|0x00000000e1700000, 0x00000000e1700000, 0x00000000e1800000|  0%| F|  |TAMS 0x00000000e1700000| PB 0x00000000e1700000| Untracked 
|  24|0x00000000e1800000, 0x00000000e1800000, 0x00000000e1900000|  0%| F|  |TAMS 0x00000000e1800000| PB 0x00000000e1800000| Untracked 
|  25|0x00000000e1900000, 0x00000000e1900000, 0x00000000e1a00000|  0%| F|  |TAMS 0x00000000e1900000| PB 0x00000000e1900000| Untracked 
|  26|0x00000000e1a00000, 0x00000000e1a00000, 0x00000000e1b00000|  0%| F|  |TAMS 0x00000000e1a00000| PB 0x00000000e1a00000| Untracked 
|  27|0x00000000e1b00000, 0x00000000e1b00000, 0x00000000e1c00000|  0%| F|  |TAMS 0x00000000e1b00000| PB 0x00000000e1b00000| Untracked 
|  28|0x00000000e1c00000, 0x00000000e1c00000, 0x00000000e1d00000|  0%| F|  |TAMS 0x00000000e1c00000| PB 0x00000000e1c00000| Untracked 
|  29|0x00000000e1d00000, 0x00000000e1d00000, 0x00000000e1e00000|  0%| F|  |TAMS 0x00000000e1d00000| PB 0x00000000e1d00000| Untracked 
|  30|0x00000000e1e00000, 0x00000000e1e00000, 0x00000000e1f00000|  0%| F|  |TAMS 0x00000000e1e00000| PB 0x00000000e1e00000| Untracked 
|  31|0x00000000e1f00000, 0x00000000e1f00000, 0x00000000e2000000|  0%| F|  |TAMS 0x00000000e1f00000| PB 0x00000000e1f00000| Untracked 
|  32|0x00000000e2000000, 0x00000000e2000000, 0x00000000e2100000|  0%| F|  |TAMS 0x00000000e2000000| PB 0x00000000e2000000| Untracked 
|  33|0x00000000e2100000, 0x00000000e2100000, 0x00000000e2200000|  0%| F|  |TAMS 0x00000000e2100000| PB 0x00000000e2100000| Untracked 
|  34|0x00000000e2200000, 0x00000000e2200000, 0x00000000e2300000|  0%| F|  |TAMS 0x00000000e2200000| PB 0x00000000e2200000| Untracked 
|  35|0x00000000e2300000, 0x00000000e2300000, 0x00000000e2400000|  0%| F|  |TAMS 0x00000000e2300000| PB 0x00000000e2300000| Untracked 
|  36|0x00000000e2400000, 0x00000000e2400000, 0x00000000e2500000|  0%| F|  |TAMS 0x00000000e2400000| PB 0x00000000e2400000| Untracked 
|  37|0x00000000e2500000, 0x00000000e2500000, 0x00000000e2600000|  0%| F|  |TAMS 0x00000000e2500000| PB 0x00000000e2500000| Untracked 
|  38|0x00000000e2600000, 0x00000000e2600000, 0x00000000e2700000|  0%| F|  |TAMS 0x00000000e2600000| PB 0x00000000e2600000| Untracked 
|  39|0x00000000e2700000, 0x00000000e2700000, 0x00000000e2800000|  0%| F|  |TAMS 0x00000000e2700000| PB 0x00000000e2700000| Untracked 
|  40|0x00000000e2800000, 0x00000000e2800000, 0x00000000e2900000|  0%| F|  |TAMS 0x00000000e2800000| PB 0x00000000e2800000| Untracked 
|  41|0x00000000e2900000, 0x00000000e2900000, 0x00000000e2a00000|  0%| F|  |TAMS 0x00000000e2900000| PB 0x00000000e2900000| Untracked 
|  42|0x00000000e2a00000, 0x00000000e2a00000, 0x00000000e2b00000|  0%| F|  |TAMS 0x00000000e2a00000| PB 0x00000000e2a00000| Untracked 
|  43|0x00000000e2b00000, 0x00000000e2b00000, 0x00000000e2c00000|  0%| F|  |TAMS 0x00000000e2b00000| PB 0x00000000e2b00000| Untracked 
|  44|0x00000000e2c00000, 0x00000000e2c00000, 0x00000000e2d00000|  0%| F|  |TAMS 0x00000000e2c00000| PB 0x00000000e2c00000| Untracked 
|  45|0x00000000e2d00000, 0x00000000e2d00000, 0x00000000e2e00000|  0%| F|  |TAMS 0x00000000e2d00000| PB 0x00000000e2d00000| Untracked 
|  46|0x00000000e2e00000, 0x00000000e2e00000, 0x00000000e2f00000|  0%| F|  |TAMS 0x00000000e2e00000| PB 0x00000000e2e00000| Untracked 
|  47|0x00000000e2f00000, 0x00000000e2f00000, 0x00000000e3000000|  0%| F|  |TAMS 0x00000000e2f00000| PB 0x00000000e2f00000| Untracked 
|  48|0x00000000e3000000, 0x00000000e3000000, 0x00000000e3100000|  0%| F|  |TAMS 0x00000000e3000000| PB 0x00000000e3000000| Untracked 
|  49|0x00000000e3100000, 0x00000000e3100000, 0x00000000e3200000|  0%| F|  |TAMS 0x00000000e3100000| PB 0x00000000e3100000| Untracked 
|  50|0x00000000e3200000, 0x00000000e3200000, 0x00000000e3300000|  0%| F|  |TAMS 0x00000000e3200000| PB 0x00000000e3200000| Untracked 
|  51|0x00000000e3300000, 0x00000000e3300000, 0x00000000e3400000|  0%| F|  |TAMS 0x00000000e3300000| PB 0x00000000e3300000| Untracked 
|  52|0x00000000e3400000, 0x00000000e3400000, 0x00000000e3500000|  0%| F|  |TAMS 0x00000000e3400000| PB 0x00000000e3400000| Untracked 
|  53|0x00000000e3500000, 0x00000000e3500000, 0x00000000e3600000|  0%| F|  |TAMS 0x00000000e3500000| PB 0x00000000e3500000| Untracked 
|  54|0x00000000e3600000, 0x00000000e3600000, 0x00000000e3700000|  0%| F|  |TAMS 0x00000000e3600000| PB 0x00000000e3600000| Untracked 
|  55|0x00000000e3700000, 0x00000000e3700000, 0x00000000e3800000|  0%| F|  |TAMS 0x00000000e3700000| PB 0x00000000e3700000| Untracked 
|  56|0x00000000e3800000, 0x00000000e3800000, 0x00000000e3900000|  0%| F|  |TAMS 0x00000000e3800000| PB 0x00000000e3800000| Untracked 
|  57|0x00000000e3900000, 0x00000000e3900000, 0x00000000e3a00000|  0%| F|  |TAMS 0x00000000e3900000| PB 0x00000000e3900000| Untracked 
|  58|0x00000000e3a00000, 0x00000000e3a00000, 0x00000000e3b00000|  0%| F|  |TAMS 0x00000000e3a00000| PB 0x00000000e3a00000| Untracked 
|  59|0x00000000e3b00000, 0x00000000e3b00000, 0x00000000e3c00000|  0%| F|  |TAMS 0x00000000e3b00000| PB 0x00000000e3b00000| Untracked 
|  60|0x00000000e3c00000, 0x00000000e3c00000, 0x00000000e3d00000|  0%| F|  |TAMS 0x00000000e3c00000| PB 0x00000000e3c00000| Untracked 
|  61|0x00000000e3d00000, 0x00000000e3d00000, 0x00000000e3e00000|  0%| F|  |TAMS 0x00000000e3d00000| PB 0x00000000e3d00000| Untracked 
|  62|0x00000000e3e00000, 0x00000000e3e00000, 0x00000000e3f00000|  0%| F|  |TAMS 0x00000000e3e00000| PB 0x00000000e3e00000| Untracked 
|  63|0x00000000e3f00000, 0x00000000e3f00000, 0x00000000e4000000|  0%| F|  |TAMS 0x00000000e3f00000| PB 0x00000000e3f00000| Untracked 
|  64|0x00000000e4000000, 0x00000000e4000000, 0x00000000e4100000|  0%| F|  |TAMS 0x00000000e4000000| PB 0x00000000e4000000| Untracked 
|  65|0x00000000e4100000, 0x00000000e4100000, 0x00000000e4200000|  0%| F|  |TAMS 0x00000000e4100000| PB 0x00000000e4100000| Untracked 
|  66|0x00000000e4200000, 0x00000000e4200000, 0x00000000e4300000|  0%| F|  |TAMS 0x00000000e4200000| PB 0x00000000e4200000| Untracked 
|  67|0x00000000e4300000, 0x00000000e4300000, 0x00000000e4400000|  0%| F|  |TAMS 0x00000000e4300000| PB 0x00000000e4300000| Untracked 
|  68|0x00000000e4400000, 0x00000000e4400000, 0x00000000e4500000|  0%| F|  |TAMS 0x00000000e4400000| PB 0x00000000e4400000| Untracked 
|  69|0x00000000e4500000, 0x00000000e4500000, 0x00000000e4600000|  0%| F|  |TAMS 0x00000000e4500000| PB 0x00000000e4500000| Untracked 
|  70|0x00000000e4600000, 0x00000000e4600000, 0x00000000e4700000|  0%| F|  |TAMS 0x00000000e4600000| PB 0x00000000e4600000| Untracked 
|  71|0x00000000e4700000, 0x00000000e4700000, 0x00000000e4800000|  0%| F|  |TAMS 0x00000000e4700000| PB 0x00000000e4700000| Untracked 
|  72|0x00000000e4800000, 0x00000000e4800000, 0x00000000e4900000|  0%| F|  |TAMS 0x00000000e4800000| PB 0x00000000e4800000| Untracked 
|  73|0x00000000e4900000, 0x00000000e4900000, 0x00000000e4a00000|  0%| F|  |TAMS 0x00000000e4900000| PB 0x00000000e4900000| Untracked 
|  74|0x00000000e4a00000, 0x00000000e4a00000, 0x00000000e4b00000|  0%| F|  |TAMS 0x00000000e4a00000| PB 0x00000000e4a00000| Untracked 
|  75|0x00000000e4b00000, 0x00000000e4b00000, 0x00000000e4c00000|  0%| F|  |TAMS 0x00000000e4b00000| PB 0x00000000e4b00000| Untracked 
|  76|0x00000000e4c00000, 0x00000000e4c00000, 0x00000000e4d00000|  0%| F|  |TAMS 0x00000000e4c00000| PB 0x00000000e4c00000| Untracked 
|  77|0x00000000e4d00000, 0x00000000e4d00000, 0x00000000e4e00000|  0%| F|  |TAMS 0x00000000e4d00000| PB 0x00000000e4d00000| Untracked 
|  78|0x00000000e4e00000, 0x00000000e4e00000, 0x00000000e4f00000|  0%| F|  |TAMS 0x00000000e4e00000| PB 0x00000000e4e00000| Untracked 
|  79|0x00000000e4f00000, 0x00000000e4f00000, 0x00000000e5000000|  0%| F|  |TAMS 0x00000000e4f00000| PB 0x00000000e4f00000| Untracked 
|  80|0x00000000e5000000, 0x00000000e5000000, 0x00000000e5100000|  0%| F|  |TAMS 0x00000000e5000000| PB 0x00000000e5000000| Untracked 
|  81|0x00000000e5100000, 0x00000000e5100000, 0x00000000e5200000|  0%| F|  |TAMS 0x00000000e5100000| PB 0x00000000e5100000| Untracked 
|  82|0x00000000e5200000, 0x00000000e5200000, 0x00000000e5300000|  0%| F|  |TAMS 0x00000000e5200000| PB 0x00000000e5200000| Untracked 
|  83|0x00000000e5300000, 0x00000000e5300000, 0x00000000e5400000|  0%| F|  |TAMS 0x00000000e5300000| PB 0x00000000e5300000| Untracked 
|  84|0x00000000e5400000, 0x00000000e5400000, 0x00000000e5500000|  0%| F|  |TAMS 0x00000000e5400000| PB 0x00000000e5400000| Untracked 
|  85|0x00000000e5500000, 0x00000000e5500000, 0x00000000e5600000|  0%| F|  |TAMS 0x00000000e5500000| PB 0x00000000e5500000| Untracked 
|  86|0x00000000e5600000, 0x00000000e5600000, 0x00000000e5700000|  0%| F|  |TAMS 0x00000000e5600000| PB 0x00000000e5600000| Untracked 
|  87|0x00000000e5700000, 0x00000000e5700000, 0x00000000e5800000|  0%| F|  |TAMS 0x00000000e5700000| PB 0x00000000e5700000| Untracked 
|  88|0x00000000e5800000, 0x00000000e5800000, 0x00000000e5900000|  0%| F|  |TAMS 0x00000000e5800000| PB 0x00000000e5800000| Untracked 
|  89|0x00000000e5900000, 0x00000000e5900000, 0x00000000e5a00000|  0%| F|  |TAMS 0x00000000e5900000| PB 0x00000000e5900000| Untracked 
|  90|0x00000000e5a00000, 0x00000000e5a00000, 0x00000000e5b00000|  0%| F|  |TAMS 0x00000000e5a00000| PB 0x00000000e5a00000| Untracked 
|  91|0x00000000e5b00000, 0x00000000e5b00000, 0x00000000e5c00000|  0%| F|  |TAMS 0x00000000e5b00000| PB 0x00000000e5b00000| Untracked 
|  92|0x00000000e5c00000, 0x00000000e5c00000, 0x00000000e5d00000|  0%| F|  |TAMS 0x00000000e5c00000| PB 0x00000000e5c00000| Untracked 
|  93|0x00000000e5d00000, 0x00000000e5d00000, 0x00000000e5e00000|  0%| F|  |TAMS 0x00000000e5d00000| PB 0x00000000e5d00000| Untracked 
|  94|0x00000000e5e00000, 0x00000000e5e00000, 0x00000000e5f00000|  0%| F|  |TAMS 0x00000000e5e00000| PB 0x00000000e5e00000| Untracked 
|  95|0x00000000e5f00000, 0x00000000e5f00000, 0x00000000e6000000|  0%| F|  |TAMS 0x00000000e5f00000| PB 0x00000000e5f00000| Untracked 
|  96|0x00000000e6000000, 0x00000000e6000000, 0x00000000e6100000|  0%| F|  |TAMS 0x00000000e6000000| PB 0x00000000e6000000| Untracked 
|  97|0x00000000e6100000, 0x00000000e6100000, 0x00000000e6200000|  0%| F|  |TAMS 0x00000000e6100000| PB 0x00000000e6100000| Untracked 
|  98|0x00000000e6200000, 0x00000000e6200000, 0x00000000e6300000|  0%| F|  |TAMS 0x00000000e6200000| PB 0x00000000e6200000| Untracked 
|  99|0x00000000e6300000, 0x00000000e6300000, 0x00000000e6400000|  0%| F|  |TAMS 0x00000000e6300000| PB 0x00000000e6300000| Untracked 
| 100|0x00000000e6400000, 0x00000000e6400000, 0x00000000e6500000|  0%| F|  |TAMS 0x00000000e6400000| PB 0x00000000e6400000| Untracked 
| 101|0x00000000e6500000, 0x00000000e6500000, 0x00000000e6600000|  0%| F|  |TAMS 0x00000000e6500000| PB 0x00000000e6500000| Untracked 
| 102|0x00000000e6600000, 0x00000000e6600000, 0x00000000e6700000|  0%| F|  |TAMS 0x00000000e6600000| PB 0x00000000e6600000| Untracked 
| 103|0x00000000e6700000, 0x00000000e6700000, 0x00000000e6800000|  0%| F|  |TAMS 0x00000000e6700000| PB 0x00000000e6700000| Untracked 
| 104|0x00000000e6800000, 0x00000000e6800000, 0x00000000e6900000|  0%| F|  |TAMS 0x00000000e6800000| PB 0x00000000e6800000| Untracked 
| 105|0x00000000e6900000, 0x00000000e6900000, 0x00000000e6a00000|  0%| F|  |TAMS 0x00000000e6900000| PB 0x00000000e6900000| Untracked 
| 106|0x00000000e6a00000, 0x00000000e6a00000, 0x00000000e6b00000|  0%| F|  |TAMS 0x00000000e6a00000| PB 0x00000000e6a00000| Untracked 
| 107|0x00000000e6b00000, 0x00000000e6b00000, 0x00000000e6c00000|  0%| F|  |TAMS 0x00000000e6b00000| PB 0x00000000e6b00000| Untracked 
| 108|0x00000000e6c00000, 0x00000000e6c00000, 0x00000000e6d00000|  0%| F|  |TAMS 0x00000000e6c00000| PB 0x00000000e6c00000| Untracked 
| 109|0x00000000e6d00000, 0x00000000e6d00000, 0x00000000e6e00000|  0%| F|  |TAMS 0x00000000e6d00000| PB 0x00000000e6d00000| Untracked 
| 110|0x00000000e6e00000, 0x00000000e6e00000, 0x00000000e6f00000|  0%| F|  |TAMS 0x00000000e6e00000| PB 0x00000000e6e00000| Untracked 
| 111|0x00000000e6f00000, 0x00000000e6f00000, 0x00000000e7000000|  0%| F|  |TAMS 0x00000000e6f00000| PB 0x00000000e6f00000| Untracked 
| 112|0x00000000e7000000, 0x00000000e7000000, 0x00000000e7100000|  0%| F|  |TAMS 0x00000000e7000000| PB 0x00000000e7000000| Untracked 
| 113|0x00000000e7100000, 0x00000000e7100000, 0x00000000e7200000|  0%| F|  |TAMS 0x00000000e7100000| PB 0x00000000e7100000| Untracked 
| 114|0x00000000e7200000, 0x00000000e7200000, 0x00000000e7300000|  0%| F|  |TAMS 0x00000000e7200000| PB 0x00000000e7200000| Untracked 
| 115|0x00000000e7300000, 0x00000000e7300000, 0x00000000e7400000|  0%| F|  |TAMS 0x00000000e7300000| PB 0x00000000e7300000| Untracked 
| 116|0x00000000e7400000, 0x00000000e7400000, 0x00000000e7500000|  0%| F|  |TAMS 0x00000000e7400000| PB 0x00000000e7400000| Untracked 
| 117|0x00000000e7500000, 0x00000000e7500000, 0x00000000e7600000|  0%| F|  |TAMS 0x00000000e7500000| PB 0x00000000e7500000| Untracked 
| 118|0x00000000e7600000, 0x00000000e7600000, 0x00000000e7700000|  0%| F|  |TAMS 0x00000000e7600000| PB 0x00000000e7600000| Untracked 
| 119|0x00000000e7700000, 0x00000000e7700000, 0x00000000e7800000|  0%| F|  |TAMS 0x00000000e7700000| PB 0x00000000e7700000| Untracked 
| 120|0x00000000e7800000, 0x00000000e7800000, 0x00000000e7900000|  0%| F|  |TAMS 0x00000000e7800000| PB 0x00000000e7800000| Untracked 
| 121|0x00000000e7900000, 0x00000000e7900000, 0x00000000e7a00000|  0%| F|  |TAMS 0x00000000e7900000| PB 0x00000000e7900000| Untracked 
| 122|0x00000000e7a00000, 0x00000000e7a00000, 0x00000000e7b00000|  0%| F|  |TAMS 0x00000000e7a00000| PB 0x00000000e7a00000| Untracked 
| 123|0x00000000e7b00000, 0x00000000e7b00000, 0x00000000e7c00000|  0%| F|  |TAMS 0x00000000e7b00000| PB 0x00000000e7b00000| Untracked 
| 124|0x00000000e7c00000, 0x00000000e7c00000, 0x00000000e7d00000|  0%| F|  |TAMS 0x00000000e7c00000| PB 0x00000000e7c00000| Untracked 
| 125|0x00000000e7d00000, 0x00000000e7d00000, 0x00000000e7e00000|  0%| F|  |TAMS 0x00000000e7d00000| PB 0x00000000e7d00000| Untracked 
| 126|0x00000000e7e00000, 0x00000000e7e00000, 0x00000000e7f00000|  0%| F|  |TAMS 0x00000000e7e00000| PB 0x00000000e7e00000| Untracked 
| 127|0x00000000e7f00000, 0x00000000e7f00000, 0x00000000e8000000|  0%| F|  |TAMS 0x00000000e7f00000| PB 0x00000000e7f00000| Untracked 
| 128|0x00000000e8000000, 0x00000000e8000000, 0x00000000e8100000|  0%| F|  |TAMS 0x00000000e8000000| PB 0x00000000e8000000| Untracked 
| 129|0x00000000e8100000, 0x00000000e8100000, 0x00000000e8200000|  0%| F|  |TAMS 0x00000000e8100000| PB 0x00000000e8100000| Untracked 
| 130|0x00000000e8200000, 0x00000000e8200000, 0x00000000e8300000|  0%| F|  |TAMS 0x00000000e8200000| PB 0x00000000e8200000| Untracked 
| 131|0x00000000e8300000, 0x00000000e8300000, 0x00000000e8400000|  0%| F|  |TAMS 0x00000000e8300000| PB 0x00000000e8300000| Untracked 
| 132|0x00000000e8400000, 0x00000000e8400000, 0x00000000e8500000|  0%| F|  |TAMS 0x00000000e8400000| PB 0x00000000e8400000| Untracked 
| 133|0x00000000e8500000, 0x00000000e8500000, 0x00000000e8600000|  0%| F|  |TAMS 0x00000000e8500000| PB 0x00000000e8500000| Untracked 
| 134|0x00000000e8600000, 0x00000000e8600000, 0x00000000e8700000|  0%| F|  |TAMS 0x00000000e8600000| PB 0x00000000e8600000| Untracked 
| 135|0x00000000e8700000, 0x00000000e8700000, 0x00000000e8800000|  0%| F|  |TAMS 0x00000000e8700000| PB 0x00000000e8700000| Untracked 
| 136|0x00000000e8800000, 0x00000000e8800000, 0x00000000e8900000|  0%| F|  |TAMS 0x00000000e8800000| PB 0x00000000e8800000| Untracked 
| 137|0x00000000e8900000, 0x00000000e8900000, 0x00000000e8a00000|  0%| F|  |TAMS 0x00000000e8900000| PB 0x00000000e8900000| Untracked 
| 138|0x00000000e8a00000, 0x00000000e8a00000, 0x00000000e8b00000|  0%| F|  |TAMS 0x00000000e8a00000| PB 0x00000000e8a00000| Untracked 
| 139|0x00000000e8b00000, 0x00000000e8b00000, 0x00000000e8c00000|  0%| F|  |TAMS 0x00000000e8b00000| PB 0x00000000e8b00000| Untracked 
| 140|0x00000000e8c00000, 0x00000000e8c00000, 0x00000000e8d00000|  0%| F|  |TAMS 0x00000000e8c00000| PB 0x00000000e8c00000| Untracked 
| 141|0x00000000e8d00000, 0x00000000e8d00000, 0x00000000e8e00000|  0%| F|  |TAMS 0x00000000e8d00000| PB 0x00000000e8d00000| Untracked 
| 142|0x00000000e8e00000, 0x00000000e8e00000, 0x00000000e8f00000|  0%| F|  |TAMS 0x00000000e8e00000| PB 0x00000000e8e00000| Untracked 
| 143|0x00000000e8f00000, 0x00000000e8f00000, 0x00000000e9000000|  0%| F|  |TAMS 0x00000000e8f00000| PB 0x00000000e8f00000| Untracked 
| 144|0x00000000e9000000, 0x00000000e9000000, 0x00000000e9100000|  0%| F|  |TAMS 0x00000000e9000000| PB 0x00000000e9000000| Untracked 
| 145|0x00000000e9100000, 0x00000000e9100000, 0x00000000e9200000|  0%| F|  |TAMS 0x00000000e9100000| PB 0x00000000e9100000| Untracked 
| 146|0x00000000e9200000, 0x00000000e9200000, 0x00000000e9300000|  0%| F|  |TAMS 0x00000000e9200000| PB 0x00000000e9200000| Untracked 
| 147|0x00000000e9300000, 0x00000000e9300000, 0x00000000e9400000|  0%| F|  |TAMS 0x00000000e9300000| PB 0x00000000e9300000| Untracked 
| 148|0x00000000e9400000, 0x00000000e9400000, 0x00000000e9500000|  0%| F|  |TAMS 0x00000000e9400000| PB 0x00000000e9400000| Untracked 
| 149|0x00000000e9500000, 0x00000000e9500000, 0x00000000e9600000|  0%| F|  |TAMS 0x00000000e9500000| PB 0x00000000e9500000| Untracked 
| 150|0x00000000e9600000, 0x00000000e9600000, 0x00000000e9700000|  0%| F|  |TAMS 0x00000000e9600000| PB 0x00000000e9600000| Untracked 
| 151|0x00000000e9700000, 0x00000000e9700000, 0x00000000e9800000|  0%| F|  |TAMS 0x00000000e9700000| PB 0x00000000e9700000| Untracked 
| 152|0x00000000e9800000, 0x00000000e9800000, 0x00000000e9900000|  0%| F|  |TAMS 0x00000000e9800000| PB 0x00000000e9800000| Untracked 
| 153|0x00000000e9900000, 0x00000000e9900000, 0x00000000e9a00000|  0%| F|  |TAMS 0x00000000e9900000| PB 0x00000000e9900000| Untracked 
| 154|0x00000000e9a00000, 0x00000000e9a00000, 0x00000000e9b00000|  0%| F|  |TAMS 0x00000000e9a00000| PB 0x00000000e9a00000| Untracked 
| 155|0x00000000e9b00000, 0x00000000e9b00000, 0x00000000e9c00000|  0%| F|  |TAMS 0x00000000e9b00000| PB 0x00000000e9b00000| Untracked 
| 156|0x00000000e9c00000, 0x00000000e9c00000, 0x00000000e9d00000|  0%| F|  |TAMS 0x00000000e9c00000| PB 0x00000000e9c00000| Untracked 
| 157|0x00000000e9d00000, 0x00000000e9d00000, 0x00000000e9e00000|  0%| F|  |TAMS 0x00000000e9d00000| PB 0x00000000e9d00000| Untracked 
| 158|0x00000000e9e00000, 0x00000000e9e00000, 0x00000000e9f00000|  0%| F|  |TAMS 0x00000000e9e00000| PB 0x00000000e9e00000| Untracked 
| 159|0x00000000e9f00000, 0x00000000e9f00000, 0x00000000ea000000|  0%| F|  |TAMS 0x00000000e9f00000| PB 0x00000000e9f00000| Untracked 
| 160|0x00000000ea000000, 0x00000000ea000000, 0x00000000ea100000|  0%| F|  |TAMS 0x00000000ea000000| PB 0x00000000ea000000| Untracked 
| 161|0x00000000ea100000, 0x00000000ea100000, 0x00000000ea200000|  0%| F|  |TAMS 0x00000000ea100000| PB 0x00000000ea100000| Untracked 
| 162|0x00000000ea200000, 0x00000000ea200000, 0x00000000ea300000|  0%| F|  |TAMS 0x00000000ea200000| PB 0x00000000ea200000| Untracked 
| 163|0x00000000ea300000, 0x00000000ea300000, 0x00000000ea400000|  0%| F|  |TAMS 0x00000000ea300000| PB 0x00000000ea300000| Untracked 
| 164|0x00000000ea400000, 0x00000000ea400000, 0x00000000ea500000|  0%| F|  |TAMS 0x00000000ea400000| PB 0x00000000ea400000| Untracked 
| 165|0x00000000ea500000, 0x00000000ea500000, 0x00000000ea600000|  0%| F|  |TAMS 0x00000000ea500000| PB 0x00000000ea500000| Untracked 
| 166|0x00000000ea600000, 0x00000000ea600000, 0x00000000ea700000|  0%| F|  |TAMS 0x00000000ea600000| PB 0x00000000ea600000| Untracked 
| 167|0x00000000ea700000, 0x00000000ea700000, 0x00000000ea800000|  0%| F|  |TAMS 0x00000000ea700000| PB 0x00000000ea700000| Untracked 
| 168|0x00000000ea800000, 0x00000000ea800000, 0x00000000ea900000|  0%| F|  |TAMS 0x00000000ea800000| PB 0x00000000ea800000| Untracked 
| 169|0x00000000ea900000, 0x00000000ea9db700, 0x00000000eaa00000| 85%| S|CS|TAMS 0x00000000ea900000| PB 0x00000000ea900000| Complete 
| 170|0x00000000eaa00000, 0x00000000eab00000, 0x00000000eab00000|100%| S|CS|TAMS 0x00000000eaa00000| PB 0x00000000eaa00000| Complete 
| 171|0x00000000eab00000, 0x00000000eac00000, 0x00000000eac00000|100%| S|CS|TAMS 0x00000000eab00000| PB 0x00000000eab00000| Complete 
| 172|0x00000000eac00000, 0x00000000ead00000, 0x00000000ead00000|100%| S|CS|TAMS 0x00000000eac00000| PB 0x00000000eac00000| Complete 
| 173|0x00000000ead00000, 0x00000000eae00000, 0x00000000eae00000|100%| S|CS|TAMS 0x00000000ead00000| PB 0x00000000ead00000| Complete 
| 174|0x00000000eae00000, 0x00000000eaf00000, 0x00000000eaf00000|100%| S|CS|TAMS 0x00000000eae00000| PB 0x00000000eae00000| Complete 
| 175|0x00000000eaf00000, 0x00000000eb000000, 0x00000000eb000000|100%| S|CS|TAMS 0x00000000eaf00000| PB 0x00000000eaf00000| Complete 
| 176|0x00000000eb000000, 0x00000000eb100000, 0x00000000eb100000|100%| S|CS|TAMS 0x00000000eb000000| PB 0x00000000eb000000| Complete 
| 177|0x00000000eb100000, 0x00000000eb200000, 0x00000000eb200000|100%| S|CS|TAMS 0x00000000eb100000| PB 0x00000000eb100000| Complete 
| 178|0x00000000eb200000, 0x00000000eb300000, 0x00000000eb300000|100%| S|CS|TAMS 0x00000000eb200000| PB 0x00000000eb200000| Complete 
| 179|0x00000000eb300000, 0x00000000eb300000, 0x00000000eb400000|  0%| F|  |TAMS 0x00000000eb300000| PB 0x00000000eb300000| Untracked 
| 180|0x00000000eb400000, 0x00000000eb400000, 0x00000000eb500000|  0%| F|  |TAMS 0x00000000eb400000| PB 0x00000000eb400000| Untracked 
| 181|0x00000000eb500000, 0x00000000eb500000, 0x00000000eb600000|  0%| F|  |TAMS 0x00000000eb500000| PB 0x00000000eb500000| Untracked 
| 182|0x00000000eb600000, 0x00000000eb600000, 0x00000000eb700000|  0%| F|  |TAMS 0x00000000eb600000| PB 0x00000000eb600000| Untracked 
| 183|0x00000000eb700000, 0x00000000eb700000, 0x00000000eb800000|  0%| F|  |TAMS 0x00000000eb700000| PB 0x00000000eb700000| Untracked 
| 184|0x00000000eb800000, 0x00000000eb800000, 0x00000000eb900000|  0%| F|  |TAMS 0x00000000eb800000| PB 0x00000000eb800000| Untracked 
| 185|0x00000000eb900000, 0x00000000eb900000, 0x00000000eba00000|  0%| F|  |TAMS 0x00000000eb900000| PB 0x00000000eb900000| Untracked 
| 186|0x00000000eba00000, 0x00000000eba00000, 0x00000000ebb00000|  0%| F|  |TAMS 0x00000000eba00000| PB 0x00000000eba00000| Untracked 
| 187|0x00000000ebb00000, 0x00000000ebb00000, 0x00000000ebc00000|  0%| F|  |TAMS 0x00000000ebb00000| PB 0x00000000ebb00000| Untracked 
| 188|0x00000000ebc00000, 0x00000000ebc00000, 0x00000000ebd00000|  0%| F|  |TAMS 0x00000000ebc00000| PB 0x00000000ebc00000| Untracked 
| 189|0x00000000ebd00000, 0x00000000ebd00000, 0x00000000ebe00000|  0%| F|  |TAMS 0x00000000ebd00000| PB 0x00000000ebd00000| Untracked 
| 190|0x00000000ebe00000, 0x00000000ebe00000, 0x00000000ebf00000|  0%| F|  |TAMS 0x00000000ebe00000| PB 0x00000000ebe00000| Untracked 
| 191|0x00000000ebf00000, 0x00000000ebf00000, 0x00000000ec000000|  0%| F|  |TAMS 0x00000000ebf00000| PB 0x00000000ebf00000| Untracked 
| 192|0x00000000ec000000, 0x00000000ec000000, 0x00000000ec100000|  0%| F|  |TAMS 0x00000000ec000000| PB 0x00000000ec000000| Untracked 
| 193|0x00000000ec100000, 0x00000000ec100000, 0x00000000ec200000|  0%| F|  |TAMS 0x00000000ec100000| PB 0x00000000ec100000| Untracked 
| 194|0x00000000ec200000, 0x00000000ec200000, 0x00000000ec300000|  0%| F|  |TAMS 0x00000000ec200000| PB 0x00000000ec200000| Untracked 
| 195|0x00000000ec300000, 0x00000000ec300000, 0x00000000ec400000|  0%| F|  |TAMS 0x00000000ec300000| PB 0x00000000ec300000| Untracked 
| 196|0x00000000ec400000, 0x00000000ec400000, 0x00000000ec500000|  0%| F|  |TAMS 0x00000000ec400000| PB 0x00000000ec400000| Untracked 
| 197|0x00000000ec500000, 0x00000000ec500000, 0x00000000ec600000|  0%| F|  |TAMS 0x00000000ec500000| PB 0x00000000ec500000| Untracked 
| 198|0x00000000ec600000, 0x00000000ec600000, 0x00000000ec700000|  0%| F|  |TAMS 0x00000000ec600000| PB 0x00000000ec600000| Untracked 
| 199|0x00000000ec700000, 0x00000000ec700000, 0x00000000ec800000|  0%| F|  |TAMS 0x00000000ec700000| PB 0x00000000ec700000| Untracked 
| 200|0x00000000ec800000, 0x00000000ec800000, 0x00000000ec900000|  0%| F|  |TAMS 0x00000000ec800000| PB 0x00000000ec800000| Untracked 
| 201|0x00000000ec900000, 0x00000000ec900000, 0x00000000eca00000|  0%| F|  |TAMS 0x00000000ec900000| PB 0x00000000ec900000| Untracked 
| 202|0x00000000eca00000, 0x00000000eca00000, 0x00000000ecb00000|  0%| F|  |TAMS 0x00000000eca00000| PB 0x00000000eca00000| Untracked 
| 203|0x00000000ecb00000, 0x00000000ecb00000, 0x00000000ecc00000|  0%| F|  |TAMS 0x00000000ecb00000| PB 0x00000000ecb00000| Untracked 
| 204|0x00000000ecc00000, 0x00000000ecc00000, 0x00000000ecd00000|  0%| F|  |TAMS 0x00000000ecc00000| PB 0x00000000ecc00000| Untracked 
| 205|0x00000000ecd00000, 0x00000000ecd00000, 0x00000000ece00000|  0%| F|  |TAMS 0x00000000ecd00000| PB 0x00000000ecd00000| Untracked 
| 206|0x00000000ece00000, 0x00000000ece00000, 0x00000000ecf00000|  0%| F|  |TAMS 0x00000000ece00000| PB 0x00000000ece00000| Untracked 
| 207|0x00000000ecf00000, 0x00000000ecf00000, 0x00000000ed000000|  0%| F|  |TAMS 0x00000000ecf00000| PB 0x00000000ecf00000| Untracked 
| 208|0x00000000ed000000, 0x00000000ed000000, 0x00000000ed100000|  0%| F|  |TAMS 0x00000000ed000000| PB 0x00000000ed000000| Untracked 
| 209|0x00000000ed100000, 0x00000000ed100000, 0x00000000ed200000|  0%| F|  |TAMS 0x00000000ed100000| PB 0x00000000ed100000| Untracked 
| 210|0x00000000ed200000, 0x00000000ed200000, 0x00000000ed300000|  0%| F|  |TAMS 0x00000000ed200000| PB 0x00000000ed200000| Untracked 
| 211|0x00000000ed300000, 0x00000000ed300000, 0x00000000ed400000|  0%| F|  |TAMS 0x00000000ed300000| PB 0x00000000ed300000| Untracked 
| 212|0x00000000ed400000, 0x00000000ed400000, 0x00000000ed500000|  0%| F|  |TAMS 0x00000000ed400000| PB 0x00000000ed400000| Untracked 
| 213|0x00000000ed500000, 0x00000000ed500000, 0x00000000ed600000|  0%| F|  |TAMS 0x00000000ed500000| PB 0x00000000ed500000| Untracked 
| 214|0x00000000ed600000, 0x00000000ed600000, 0x00000000ed700000|  0%| F|  |TAMS 0x00000000ed600000| PB 0x00000000ed600000| Untracked 
| 215|0x00000000ed700000, 0x00000000ed700000, 0x00000000ed800000|  0%| F|  |TAMS 0x00000000ed700000| PB 0x00000000ed700000| Untracked 
| 216|0x00000000ed800000, 0x00000000ed800000, 0x00000000ed900000|  0%| F|  |TAMS 0x00000000ed800000| PB 0x00000000ed800000| Untracked 
| 217|0x00000000ed900000, 0x00000000ed900000, 0x00000000eda00000|  0%| F|  |TAMS 0x00000000ed900000| PB 0x00000000ed900000| Untracked 
| 218|0x00000000eda00000, 0x00000000eda00000, 0x00000000edb00000|  0%| F|  |TAMS 0x00000000eda00000| PB 0x00000000eda00000| Untracked 
| 219|0x00000000edb00000, 0x00000000edb00000, 0x00000000edc00000|  0%| F|  |TAMS 0x00000000edb00000| PB 0x00000000edb00000| Untracked 
| 220|0x00000000edc00000, 0x00000000edc00000, 0x00000000edd00000|  0%| F|  |TAMS 0x00000000edc00000| PB 0x00000000edc00000| Untracked 
| 221|0x00000000edd00000, 0x00000000edd00000, 0x00000000ede00000|  0%| F|  |TAMS 0x00000000edd00000| PB 0x00000000edd00000| Untracked 
| 222|0x00000000ede00000, 0x00000000ede00000, 0x00000000edf00000|  0%| F|  |TAMS 0x00000000ede00000| PB 0x00000000ede00000| Untracked 
| 223|0x00000000edf00000, 0x00000000edf00000, 0x00000000ee000000|  0%| F|  |TAMS 0x00000000edf00000| PB 0x00000000edf00000| Untracked 
| 224|0x00000000ee000000, 0x00000000ee000000, 0x00000000ee100000|  0%| F|  |TAMS 0x00000000ee000000| PB 0x00000000ee000000| Untracked 
| 225|0x00000000ee100000, 0x00000000ee100000, 0x00000000ee200000|  0%| F|  |TAMS 0x00000000ee100000| PB 0x00000000ee100000| Untracked 
| 226|0x00000000ee200000, 0x00000000ee200000, 0x00000000ee300000|  0%| F|  |TAMS 0x00000000ee200000| PB 0x00000000ee200000| Untracked 
| 227|0x00000000ee300000, 0x00000000ee300000, 0x00000000ee400000|  0%| F|  |TAMS 0x00000000ee300000| PB 0x00000000ee300000| Untracked 
| 228|0x00000000ee400000, 0x00000000ee400000, 0x00000000ee500000|  0%| F|  |TAMS 0x00000000ee400000| PB 0x00000000ee400000| Untracked 
| 229|0x00000000ee500000, 0x00000000ee500000, 0x00000000ee600000|  0%| F|  |TAMS 0x00000000ee500000| PB 0x00000000ee500000| Untracked 
| 230|0x00000000ee600000, 0x00000000ee600000, 0x00000000ee700000|  0%| F|  |TAMS 0x00000000ee600000| PB 0x00000000ee600000| Untracked 
| 231|0x00000000ee700000, 0x00000000ee700000, 0x00000000ee800000|  0%| F|  |TAMS 0x00000000ee700000| PB 0x00000000ee700000| Untracked 
| 232|0x00000000ee800000, 0x00000000ee800000, 0x00000000ee900000|  0%| F|  |TAMS 0x00000000ee800000| PB 0x00000000ee800000| Untracked 
| 233|0x00000000ee900000, 0x00000000ee900000, 0x00000000eea00000|  0%| F|  |TAMS 0x00000000ee900000| PB 0x00000000ee900000| Untracked 
| 234|0x00000000eea00000, 0x00000000eea00000, 0x00000000eeb00000|  0%| F|  |TAMS 0x00000000eea00000| PB 0x00000000eea00000| Untracked 
| 235|0x00000000eeb00000, 0x00000000eeb00000, 0x00000000eec00000|  0%| F|  |TAMS 0x00000000eeb00000| PB 0x00000000eeb00000| Untracked 
| 236|0x00000000eec00000, 0x00000000eec00000, 0x00000000eed00000|  0%| F|  |TAMS 0x00000000eec00000| PB 0x00000000eec00000| Untracked 
| 237|0x00000000eed00000, 0x00000000eed00000, 0x00000000eee00000|  0%| F|  |TAMS 0x00000000eed00000| PB 0x00000000eed00000| Untracked 
| 238|0x00000000eee00000, 0x00000000eee48e38, 0x00000000eef00000| 28%| E|  |TAMS 0x00000000eee00000| PB 0x00000000eee00000| Complete 
| 239|0x00000000eef00000, 0x00000000ef000000, 0x00000000ef000000|100%| E|CS|TAMS 0x00000000eef00000| PB 0x00000000eef00000| Complete 
| 240|0x00000000ef000000, 0x00000000ef100000, 0x00000000ef100000|100%| E|CS|TAMS 0x00000000ef000000| PB 0x00000000ef000000| Complete 
| 241|0x00000000ef100000, 0x00000000ef200000, 0x00000000ef200000|100%| E|CS|TAMS 0x00000000ef100000| PB 0x00000000ef100000| Complete 
| 242|0x00000000ef200000, 0x00000000ef300000, 0x00000000ef300000|100%| E|CS|TAMS 0x00000000ef200000| PB 0x00000000ef200000| Complete 
| 243|0x00000000ef300000, 0x00000000ef400000, 0x00000000ef400000|100%| E|CS|TAMS 0x00000000ef300000| PB 0x00000000ef300000| Complete 
| 244|0x00000000ef400000, 0x00000000ef500000, 0x00000000ef500000|100%| E|CS|TAMS 0x00000000ef400000| PB 0x00000000ef400000| Complete 
| 245|0x00000000ef500000, 0x00000000ef600000, 0x00000000ef600000|100%| E|CS|TAMS 0x00000000ef500000| PB 0x00000000ef500000| Complete 
| 246|0x00000000ef600000, 0x00000000ef700000, 0x00000000ef700000|100%| E|CS|TAMS 0x00000000ef600000| PB 0x00000000ef600000| Complete 
| 247|0x00000000ef700000, 0x00000000ef800000, 0x00000000ef800000|100%| E|CS|TAMS 0x00000000ef700000| PB 0x00000000ef700000| Complete 
| 248|0x00000000ef800000, 0x00000000ef900000, 0x00000000ef900000|100%| E|CS|TAMS 0x00000000ef800000| PB 0x00000000ef800000| Complete 
| 249|0x00000000ef900000, 0x00000000efa00000, 0x00000000efa00000|100%| E|CS|TAMS 0x00000000ef900000| PB 0x00000000ef900000| Complete 
| 250|0x00000000efa00000, 0x00000000efb00000, 0x00000000efb00000|100%| E|CS|TAMS 0x00000000efa00000| PB 0x00000000efa00000| Complete 
| 251|0x00000000efb00000, 0x00000000efc00000, 0x00000000efc00000|100%| E|CS|TAMS 0x00000000efb00000| PB 0x00000000efb00000| Complete 
| 252|0x00000000efc00000, 0x00000000efd00000, 0x00000000efd00000|100%| E|CS|TAMS 0x00000000efc00000| PB 0x00000000efc00000| Complete 
| 253|0x00000000efd00000, 0x00000000efe00000, 0x00000000efe00000|100%| E|CS|TAMS 0x00000000efd00000| PB 0x00000000efd00000| Complete 
| 254|0x00000000efe00000, 0x00000000eff00000, 0x00000000eff00000|100%| E|CS|TAMS 0x00000000efe00000| PB 0x00000000efe00000| Complete 
| 255|0x00000000eff00000, 0x00000000f0000000, 0x00000000f0000000|100%| E|CS|TAMS 0x00000000eff00000| PB 0x00000000eff00000| Complete 

Card table byte_map: [0x000002629bd10000,0x000002629be10000] _byte_map_base: 0x000002629b610000

Marking Bits: (CMBitMap*) 0x00000262894de040
 Bits: [0x000002629be10000, 0x000002629c610000)

Polling page: 0x00000262876d0000

Metaspace:

Usage:
  Non-class:     10.91 MB used.
      Class:      1.61 MB used.
       Both:     12.52 MB used.

Virtual space:
  Non-class space:       64.00 MB reserved,      11.06 MB ( 17%) committed,  1 nodes.
      Class space:      320.00 MB reserved,       1.75 MB ( <1%) committed,  1 nodes.
             Both:      384.00 MB reserved,      12.81 MB (  3%) committed. 

Chunk freelists:
   Non-Class:  4.23 MB
       Class:  14.27 MB
        Both:  18.50 MB

MaxMetaspaceSize: 384.00 MB
CompressedClassSpaceSize: 320.00 MB
Initial GC threshold: 21.00 MB
Current GC threshold: 21.00 MB
CDS: on
 - commit_granule_bytes: 65536.
 - commit_granule_words: 8192.
 - virtual_space_node_default_size: 8388608.
 - enlarge_chunks_in_place: 1.
 - use_allocation_guard: 0.


Internal statistics:

num_allocs_failed_limit: 0.
num_arena_births: 364.
num_arena_deaths: 0.
num_vsnodes_births: 2.
num_vsnodes_deaths: 0.
num_space_committed: 205.
num_space_uncommitted: 0.
num_chunks_returned_to_freelist: 0.
num_chunks_taken_from_freelist: 750.
num_chunk_merges: 0.
num_chunk_splits: 490.
num_chunks_enlarged: 325.
num_inconsistent_stats: 0.

CodeHeap 'non-profiled nmethods': size=120000Kb used=1444Kb max_used=1444Kb free=118555Kb
 bounds [0x0000026294180000, 0x00000262943f0000, 0x000002629b6b0000]
CodeHeap 'profiled nmethods': size=120000Kb used=6286Kb max_used=6286Kb free=113713Kb
 bounds [0x000002628c6b0000, 0x000002628cce0000, 0x0000026293be0000]
CodeHeap 'non-nmethods': size=5760Kb used=1377Kb max_used=1411Kb free=4382Kb
 bounds [0x0000026293be0000, 0x0000026293e50000, 0x0000026294180000]
CodeCache: size=245760Kb, used=9107Kb, max_used=9141Kb, free=236650Kb
 total_blobs=3809, nmethods=3272, adapters=441, full_count=0
Compilation: enabled, stopped_count=0, restarted_count=0

Compilation events (20 events):
Event: 89.349 Thread 0x000002629f2d2dd0 3263       3       java.util.concurrent.ThreadPoolExecutor::isShutdown (12 bytes)
Event: 89.349 Thread 0x000002629f2d2dd0 nmethod 3263 0x000002628ccd1a90 code [0x000002628ccd1c40, 0x000002628ccd1e20]
Event: 89.588 Thread 0x000002629f2d2dd0 3264       1       jdk.internal.event.ThreadSleepEvent::isEnabled (2 bytes)
Event: 89.588 Thread 0x000002629f2d2dd0 nmethod 3264 0x00000262942e7b90 code [0x00000262942e7d20, 0x00000262942e7de8]
Event: 89.785 Thread 0x000002629f2cde90 3266       4       org.gradle.launcher.daemon.registry.DaemonRegistryContent::access$400 (4 bytes)
Event: 89.785 Thread 0x000002629f2cde90 nmethod 3266 0x00000262942e7e90 code [0x00000262942e8020, 0x00000262942e8090]
Event: 90.229 Thread 0x000002629f2d2dd0 3267       3       java.util.concurrent.locks.AbstractQueuedSynchronizer$Node::setStatusRelaxed (12 bytes)
Event: 90.229 Thread 0x000002629f2d2dd0 nmethod 3267 0x000002628ccd1f10 code [0x000002628ccd20a0, 0x000002628ccd21b8]
Event: 90.276 Thread 0x000002629f2d2dd0 3268   !   3       java.util.concurrent.locks.LockSupport::parkNanos (56 bytes)
Event: 90.276 Thread 0x000002629f2d2dd0 nmethod 3268 0x000002628ccd2290 code [0x000002628ccd24a0, 0x000002628ccd28e0]
Event: 90.335 Thread 0x000002629f2cde90 3269       4       java.util.Arrays::copyOf (40 bytes)
Event: 90.341 Thread 0x000002629f2cde90 nmethod 3269 0x00000262942e8190 code [0x00000262942e8340, 0x00000262942e8850]
Event: 90.354 Thread 0x000002629f2d2dd0 3270       3       java.util.concurrent.ScheduledThreadPoolExecutor::canRunInCurrentRunState (61 bytes)
Event: 90.355 Thread 0x000002629f2d2dd0 nmethod 3270 0x000002628ccd2a90 code [0x000002628ccd2ca0, 0x000002628ccd3450]
Event: 90.370 Thread 0x000002629f2cde90 3271       4       org.gradle.internal.serialize.AbstractDecoder::readSmallInt (5 bytes)
Event: 90.373 Thread 0x000002629f2cde90 nmethod 3271 0x00000262942e8a90 code [0x00000262942e8c40, 0x00000262942e8da8]
Event: 90.374 Thread 0x000002629f2d2dd0 3272       3       com.google.common.collect.TransformedIterator::hasNext (10 bytes)
Event: 90.374 Thread 0x000002629f2d2dd0 nmethod 3272 0x000002628ccd3690 code [0x000002628ccd3840, 0x000002628ccd3a18]
Event: 90.557 Thread 0x000002629f2d2dd0 3273       1       org.gradle.launcher.daemon.server.exec.DaemonConnectionBackedEventConsumer::access$000 (5 bytes)
Event: 90.557 Thread 0x000002629f2d2dd0 nmethod 3273 0x00000262942e8f90 code [0x00000262942e9120, 0x00000262942e91d0]

GC Heap History (6 events):
Event: 4.898 GC heap before
{Heap before GC invocations=0 (full 0):
 garbage-first heap   total 262144K, used 26624K [0x00000000e0000000, 0x0000000100000000)
  region size 1024K, 23 young (23552K), 0 survivors (0K)
 Metaspace       used 2889K, committed 3072K, reserved 393216K
  class space    used 338K, committed 384K, reserved 327680K
}
Event: 6.415 GC heap after
{Heap after GC invocations=1 (full 0):
 garbage-first heap   total 262144K, used 11189K [0x00000000e0000000, 0x0000000100000000)
  region size 1024K, 3 young (3072K), 3 survivors (3072K)
 Metaspace       used 2889K, committed 3072K, reserved 393216K
  class space    used 338K, committed 384K, reserved 327680K
}
Event: 8.901 GC heap before
{Heap before GC invocations=1 (full 0):
 garbage-first heap   total 262144K, used 38837K [0x00000000e0000000, 0x0000000100000000)
  region size 1024K, 30 young (30720K), 3 survivors (3072K)
 Metaspace       used 4636K, committed 4864K, reserved 393216K
  class space    used 592K, committed 704K, reserved 327680K
}
Event: 8.908 GC heap after
{Heap after GC invocations=2 (full 0):
 garbage-first heap   total 262144K, used 14551K [0x00000000e0000000, 0x0000000100000000)
  region size 1024K, 3 young (3072K), 3 survivors (3072K)
 Metaspace       used 4636K, committed 4864K, reserved 393216K
  class space    used 592K, committed 704K, reserved 327680K
}
Event: 80.580 GC heap before
{Heap before GC invocations=2 (full 0):
 garbage-first heap   total 262144K, used 91351K [0x00000000e0000000, 0x0000000100000000)
  region size 1024K, 77 young (78848K), 3 survivors (3072K)
 Metaspace       used 12250K, committed 12544K, reserved 393216K
  class space    used 1599K, committed 1728K, reserved 327680K
}
Event: 80.668 GC heap after
{Heap after GC invocations=3 (full 0):
 garbage-first heap   total 262144K, used 22214K [0x00000000e0000000, 0x0000000100000000)
  region size 1024K, 10 young (10240K), 10 survivors (10240K)
 Metaspace       used 12250K, committed 12544K, reserved 393216K
  class space    used 1599K, committed 1728K, reserved 327680K
}

Dll operation events (20 events):
Event: 1.330 Attempting to load shared library C:\Users\leyot\.vscode\extensions\redhat.java-1.56.0-win32-x64\jre\21.0.12.1-win32-x86_64\bin\nio.dll
Event: 1.338 Loaded shared library C:\Users\leyot\.vscode\extensions\redhat.java-1.56.0-win32-x64\jre\21.0.12.1-win32-x86_64\bin\nio.dll
Event: 1.346 Attempting to load shared library C:\Users\leyot\.vscode\extensions\redhat.java-1.56.0-win32-x64\jre\21.0.12.1-win32-x86_64\bin\zip.dll
Event: 1.346 Loaded shared library C:\Users\leyot\.vscode\extensions\redhat.java-1.56.0-win32-x64\jre\21.0.12.1-win32-x86_64\bin\zip.dll
Event: 2.895 Attempting to load shared library C:\Users\leyot\.vscode\extensions\redhat.java-1.56.0-win32-x64\jre\21.0.12.1-win32-x86_64\bin\jimage.dll
Event: 2.895 Loaded shared library C:\Users\leyot\.vscode\extensions\redhat.java-1.56.0-win32-x64\jre\21.0.12.1-win32-x86_64\bin\jimage.dll
Event: 4.335 Attempting to load shared library C:\Users\leyot\.vscode\extensions\redhat.java-1.56.0-win32-x64\jre\21.0.12.1-win32-x86_64\bin\verify.dll
Event: 4.341 Loaded shared library C:\Users\leyot\.vscode\extensions\redhat.java-1.56.0-win32-x64\jre\21.0.12.1-win32-x86_64\bin\verify.dll
Event: 4.528 Attempting to load shared library C:\Users\leyot\.gradle\native\660c5614fbf4a5f2a75b1949f50a0caf5cd603558e7d8a26e50b933a0cfb79d1\windows-amd64\native-platform.dll
Event: 4.545 Loaded shared library C:\Users\leyot\.gradle\native\660c5614fbf4a5f2a75b1949f50a0caf5cd603558e7d8a26e50b933a0cfb79d1\windows-amd64\native-platform.dll
Event: 4.598 Attempting to load shared library C:\Users\leyot\.gradle\native\0.2.8\x86_64-windows-gnu\gradle-fileevents.dll
Event: 4.611 Loaded shared library C:\Users\leyot\.gradle\native\0.2.8\x86_64-windows-gnu\gradle-fileevents.dll
Event: 11.196 Attempting to load shared library C:\Users\leyot\.vscode\extensions\redhat.java-1.56.0-win32-x64\jre\21.0.12.1-win32-x86_64\bin\management.dll
Event: 11.198 Loaded shared library C:\Users\leyot\.vscode\extensions\redhat.java-1.56.0-win32-x64\jre\21.0.12.1-win32-x86_64\bin\management.dll
Event: 11.206 Attempting to load shared library C:\Users\leyot\.vscode\extensions\redhat.java-1.56.0-win32-x64\jre\21.0.12.1-win32-x86_64\bin\management_ext.dll
Event: 11.211 Loaded shared library C:\Users\leyot\.vscode\extensions\redhat.java-1.56.0-win32-x64\jre\21.0.12.1-win32-x86_64\bin\management_ext.dll
Event: 15.322 Attempting to load shared library C:\Users\leyot\.vscode\extensions\redhat.java-1.56.0-win32-x64\jre\21.0.12.1-win32-x86_64\bin\extnet.dll
Event: 15.325 Loaded shared library C:\Users\leyot\.vscode\extensions\redhat.java-1.56.0-win32-x64\jre\21.0.12.1-win32-x86_64\bin\extnet.dll
Event: 68.761 Attempting to load shared library C:\Users\leyot\.vscode\extensions\redhat.java-1.56.0-win32-x64\jre\21.0.12.1-win32-x86_64\bin\sunmscapi.dll
Event: 69.432 Loaded shared library C:\Users\leyot\.vscode\extensions\redhat.java-1.56.0-win32-x64\jre\21.0.12.1-win32-x86_64\bin\sunmscapi.dll

Deoptimization events (20 events):
Event: 81.651 Thread 0x00000262baa6dbd0 Uncommon trap: trap_request=0xffffffde fr.pc=0x000002629418bcc8 relative=0x00000000000001a8
Event: 81.651 Thread 0x00000262baa6dbd0 Uncommon trap: reason=class_check action=maybe_recompile pc=0x000002629418bcc8 method=java.lang.String.equals(Ljava/lang/Object;)Z @ 8 c2
Event: 81.652 Thread 0x00000262baa6dbd0 DEOPT PACKING pc=0x000002629418bcc8 sp=0x00000070566fe2e0
Event: 81.652 Thread 0x00000262baa6dbd0 DEOPT UNPACKING pc=0x0000026293c34422 sp=0x00000070566fe278 mode 2
Event: 81.652 Thread 0x00000262baa6dbd0 Uncommon trap: trap_request=0xffffffde fr.pc=0x000002629418bcc8 relative=0x00000000000001a8
Event: 81.652 Thread 0x00000262baa6dbd0 Uncommon trap: reason=class_check action=maybe_recompile pc=0x000002629418bcc8 method=java.lang.String.equals(Ljava/lang/Object;)Z @ 8 c2
Event: 81.656 Thread 0x00000262baa6dbd0 DEOPT PACKING pc=0x000002629418bcc8 sp=0x00000070566fdd50
Event: 81.656 Thread 0x00000262baa6dbd0 DEOPT UNPACKING pc=0x0000026293c34422 sp=0x00000070566fdce8 mode 2
Event: 81.656 Thread 0x00000262baa6dbd0 Uncommon trap: trap_request=0xffffffde fr.pc=0x000002629418bcc8 relative=0x00000000000001a8
Event: 81.656 Thread 0x00000262baa6dbd0 Uncommon trap: reason=class_check action=maybe_recompile pc=0x000002629418bcc8 method=java.lang.String.equals(Ljava/lang/Object;)Z @ 8 c2
Event: 81.656 Thread 0x00000262baa6dbd0 DEOPT PACKING pc=0x000002629418bcc8 sp=0x00000070566fdd50
Event: 81.656 Thread 0x00000262baa6dbd0 DEOPT UNPACKING pc=0x0000026293c34422 sp=0x00000070566fdce8 mode 2
Event: 81.656 Thread 0x00000262baa6dbd0 Uncommon trap: trap_request=0xffffffde fr.pc=0x000002629418bcc8 relative=0x00000000000001a8
Event: 81.656 Thread 0x00000262baa6dbd0 Uncommon trap: reason=class_check action=maybe_recompile pc=0x000002629418bcc8 method=java.lang.String.equals(Ljava/lang/Object;)Z @ 8 c2
Event: 81.656 Thread 0x00000262baa6dbd0 DEOPT PACKING pc=0x000002629418bcc8 sp=0x00000070566fdd50
Event: 81.656 Thread 0x00000262baa6dbd0 DEOPT UNPACKING pc=0x0000026293c34422 sp=0x00000070566fdce8 mode 2
Event: 88.630 Thread 0x000002629f71bcc0 Uncommon trap: trap_request=0xffffffcc fr.pc=0x00000262942b0afc relative=0x000000000000033c
Event: 88.630 Thread 0x000002629f71bcc0 Uncommon trap: reason=intrinsic_or_type_checked_inlining action=make_not_entrant pc=0x00000262942b0afc method=java.util.Arrays.copyOf([Ljava/lang/Object;ILjava/lang/Class;)[Ljava/lang/Object; @ 35 c2
Event: 88.630 Thread 0x000002629f71bcc0 DEOPT PACKING pc=0x00000262942b0afc sp=0x0000007055efe290
Event: 88.630 Thread 0x000002629f71bcc0 DEOPT UNPACKING pc=0x0000026293c34422 sp=0x0000007055efe220 mode 2

Classes loaded (20 events):
Event: 81.208 Loading class java/lang/foreign/MemorySegment
Event: 81.209 Loading class java/lang/foreign/MemorySegment done
Event: 81.234 Loading class java/io/PrintWriter$1
Event: 81.234 Loading class jdk/internal/access/JavaIOPrintWriterAccess
Event: 81.234 Loading class jdk/internal/access/JavaIOPrintWriterAccess done
Event: 81.234 Loading class java/io/PrintWriter$1 done
Event: 81.234 Loading class java/lang/Throwable$WrappedPrintWriter
Event: 81.234 Loading class java/lang/Throwable$WrappedPrintWriter done
Event: 81.317 Loading class jdk/internal/math/FormattedFPDecimal
Event: 81.318 Loading class jdk/internal/math/FormattedFPDecimal done
Event: 81.414 Loading class sun/text/resources/cldr/FormatData_en
Event: 81.415 Loading class sun/text/resources/cldr/FormatData_en done
Event: 81.550 Loading class sun/reflect/misc/ReflectUtil
Event: 81.551 Loading class sun/reflect/misc/ReflectUtil done
Event: 81.570 Loading class java/util/AbstractList$ListItr
Event: 81.570 Loading class java/util/AbstractList$ListItr done
Event: 81.709 Loading class java/util/Collections$EmptyListIterator
Event: 81.709 Loading class java/util/Collections$EmptyListIterator done
Event: 88.650 Loading class sun/reflect/generics/tree/VoidDescriptor
Event: 88.650 Loading class sun/reflect/generics/tree/VoidDescriptor done

Classes unloaded (0 events):
No events

Classes redefined (0 events):
No events

Internal exceptions (20 events):
Event: 76.366 Thread 0x000002629f66d4d0 Exception <a 'java/lang/NoSuchMethodError'{0x00000000ec72b370}: static Lorg/gradle/internal/exceptions/LocationAwareException;.<clinit>()V> (0x00000000ec72b370) 
thrown [s\src\hotspot\share\prims\jni.cpp, line 1111]
Event: 76.370 Thread 0x000002629f66d4d0 Exception <a 'java/lang/NoSuchMethodError'{0x00000000ec7305a0}: static Lorg/gradle/internal/exceptions/ContextAwareException;.<clinit>()V> (0x00000000ec7305a0) 
thrown [s\src\hotspot\share\prims\jni.cpp, line 1111]
Event: 76.370 Thread 0x000002629f66d4d0 Exception <a 'java/lang/NoSuchMethodError'{0x00000000ec7313f0}: static Lorg/gradle/api/GradleException;.<clinit>()V> (0x00000000ec7313f0) 
thrown [s\src\hotspot\share\prims\jni.cpp, line 1111]
Event: 76.381 Thread 0x000002629f66d4d0 Exception <a 'java/lang/NoSuchMethodError'{0x00000000ec750ed0}: static [Ljava/lang/StackTraceElement;.<clinit>()V> (0x00000000ec750ed0) 
thrown [s\src\hotspot\share\prims\jni.cpp, line 1111]
Event: 81.190 Thread 0x000002629f6581b0 Exception <a 'java/io/IOException'{0x00000000ef654618}> (0x00000000ef654618) 
thrown [s\src\hotspot\share\prims\jni.cpp, line 520]
Event: 81.211 Thread 0x000002629f656e00 Exception <a 'java/io/IOException'{0x00000000ef5015a8}> (0x00000000ef5015a8) 
thrown [s\src\hotspot\share\prims\jni.cpp, line 520]
Event: 81.222 Thread 0x00000262b9438c00 Exception <a 'sun/net/ConnectionResetException'{0x00000000ef53a938}: Connection reset> (0x00000000ef53a938) 
thrown [s\src\hotspot\share\prims\jni.cpp, line 539]
Event: 81.224 Thread 0x000002629f657b20 Exception <a 'sun/net/ConnectionResetException'{0x00000000ef573c08}: Connection reset> (0x00000000ef573c08) 
thrown [s\src\hotspot\share\prims\jni.cpp, line 539]
Event: 81.224 Thread 0x00000262b9438570 Exception <a 'sun/net/ConnectionResetException'{0x00000000ef5aced8}: Connection reset> (0x00000000ef5aced8) 
thrown [s\src\hotspot\share\prims\jni.cpp, line 539]
Event: 81.227 Thread 0x00000262b943d430 Exception <a 'java/io/IOException'{0x00000000ef4016a8}> (0x00000000ef4016a8) 
thrown [s\src\hotspot\share\prims\jni.cpp, line 520]
Event: 81.232 Thread 0x00000262badc3950 Exception <a 'java/io/IOException'{0x00000000eff5c110}> (0x00000000eff5c110) 
thrown [s\src\hotspot\share\prims\jni.cpp, line 520]
Event: 81.233 Thread 0x00000262baa6ceb0 Exception <a 'sun/net/ConnectionResetException'{0x00000000efa56b58}: Connection reset> (0x00000000efa56b58) 
thrown [s\src\hotspot\share\prims\jni.cpp, line 539]
Event: 81.252 Thread 0x00000262b9523640 Exception <a 'sun/net/ConnectionResetException'{0x00000000ef340fd0}: Connection reset> (0x00000000ef340fd0) 
thrown [s\src\hotspot\share\prims\jni.cpp, line 539]
Event: 81.253 Thread 0x00000262b951f4a0 Exception <a 'sun/net/ConnectionResetException'{0x00000000effccd68}: Connection reset> (0x00000000effccd68) 
thrown [s\src\hotspot\share\prims\jni.cpp, line 539]
Event: 81.255 Thread 0x00000262b943a640 Exception <a 'java/io/IOException'{0x00000000ef43de10}> (0x00000000ef43de10) 
thrown [s\src\hotspot\share\prims\jni.cpp, line 520]
Event: 81.262 Thread 0x00000262badbf7b0 Exception <a 'java/io/IOException'{0x00000000ef4acf18}> (0x00000000ef4acf18) 
thrown [s\src\hotspot\share\prims\jni.cpp, line 520]
Event: 81.269 Thread 0x00000262b943b360 Exception <a 'java/io/IOException'{0x00000000efd59508}> (0x00000000efd59508) 
thrown [s\src\hotspot\share\prims\jni.cpp, line 520]
Event: 81.550 Thread 0x00000262baa6dbd0 Exception <a 'java/lang/NoSuchMethodError'{0x00000000ef100ab8}: static Lorg/gradle/internal/remote/internal/MessageIOException;.<clinit>()V> (0x00000000ef100ab8) 
thrown [s\src\hotspot\share\prims\jni.cpp, line 1111]
Event: 81.657 Thread 0x00000262baa6dbd0 Exception <a 'java/lang/NoSuchMethodError'{0x00000000ef152888}: static Lcom/esotericsoftware/kryo/KryoException;.<clinit>()V> (0x00000000ef152888) 
thrown [s\src\hotspot\share\prims\jni.cpp, line 1111]
Event: 81.805 Thread 0x00000262baa6dbd0 Exception <a 'java/lang/NoSuchMethodError'{0x00000000ef17c4c8}: static [B.<clinit>()V> (0x00000000ef17c4c8) 
thrown [s\src\hotspot\share\prims\jni.cpp, line 1111]

ZGC Phase Switch (0 events):
No events

VM Operations (20 events):
Event: 76.062 Executing safepoint VM operation: Cleanup done
Event: 77.068 Executing safepoint VM operation: Cleanup
Event: 77.068 Executing safepoint VM operation: Cleanup done
Event: 80.115 Executing safepoint VM operation: Cleanup
Event: 80.146 Executing safepoint VM operation: Cleanup done
Event: 80.521 Executing safepoint VM operation: G1CollectForAllocation (G1 Evacuation Pause)
Event: 80.668 Executing safepoint VM operation: G1CollectForAllocation (G1 Evacuation Pause) done
Event: 81.308 Executing non-safepoint VM operation: HandshakeAllThreads (Deoptimize)
Event: 81.387 Executing non-safepoint VM operation: HandshakeAllThreads (Deoptimize) done
Event: 81.587 Executing non-safepoint VM operation: HandshakeAllThreads (Deoptimize)
Event: 81.634 Executing non-safepoint VM operation: HandshakeAllThreads (Deoptimize) done
Event: 82.640 Executing safepoint VM operation: Cleanup
Event: 82.677 Executing safepoint VM operation: Cleanup done
Event: 84.699 Executing safepoint VM operation: Cleanup
Event: 84.699 Executing safepoint VM operation: Cleanup done
Event: 88.764 Executing safepoint VM operation: Cleanup
Event: 88.780 Executing safepoint VM operation: Cleanup done
Event: 89.794 Executing safepoint VM operation: Cleanup
Event: 90.169 Executing safepoint VM operation: Cleanup done
Event: 91.177 Executing safepoint VM operation: Cleanup

Memory protections (0 events):
No events

Nmethod flushes (0 events):
No events

Events (20 events):
Event: 81.398 Thread 0x00000262b951e780 Thread exited: 0x00000262b951e780
Event: 81.399 Thread 0x000002629f657b20 Thread exited: 0x000002629f657b20
Event: 81.404 Thread 0x00000262b9435e10 Thread exited: 0x00000262b9435e10
Event: 81.469 Thread 0x00000262b943b360 Thread exited: 0x00000262b943b360
Event: 81.486 Thread 0x00000262b951e0f0 Thread exited: 0x00000262b951e0f0
Event: 81.488 Thread 0x00000262badbf7b0 Thread exited: 0x00000262badbf7b0
Event: 81.491 Thread 0x00000262badbc330 Thread exited: 0x00000262badbc330
Event: 81.506 Thread 0x00000262badbd6e0 Thread exited: 0x00000262badbd6e0
Event: 81.551 Thread 0x000002629f71bcc0 Thread added: 0x00000262baa6e260
Event: 81.569 Thread 0x000002629f71bcc0 Thread added: 0x00000262baa6d540
Event: 81.728 Thread 0x00000262baa6d540 Thread exited: 0x00000262baa6d540
Event: 81.728 Thread 0x00000262baa6e260 Thread exited: 0x00000262baa6e260
Event: 82.026 Thread 0x00000262baa6dbd0 Thread exited: 0x00000262baa6dbd0
Event: 82.839 Thread 0x000002629f658ed0 Thread exited: 0x000002629f658ed0
Event: 82.939 Thread 0x000002629f659560 Thread exited: 0x000002629f659560
Event: 84.415 Thread 0x000002629f658840 Thread added: 0x00000262b951cd40
Event: 84.465 Thread 0x000002629f658840 Thread added: 0x00000262b951ee10
Event: 88.235 Thread 0x000002629f71bcc0 Thread added: 0x00000262b951d3d0
Event: 88.244 Thread 0x000002629f71bcc0 Thread added: 0x00000262b951f4a0
Event: 88.245 Thread 0x000002629f71bcc0 Thread added: 0x00000262b951e0f0


Dynamic libraries:
0x00007ff7deda0000 - 0x00007ff7dedae000 	C:\Users\leyot\.vscode\extensions\redhat.java-1.56.0-win32-x64\jre\21.0.12.1-win32-x86_64\bin\java.exe
0x00007ffcd9920000 - 0x00007ffcd9b87000 	C:\WINDOWS\SYSTEM32\ntdll.dll
0x00007ffcd8b00000 - 0x00007ffcd8bcb000 	C:\WINDOWS\System32\KERNEL32.DLL
0x00007ffcd6e30000 - 0x00007ffcd7232000 	C:\WINDOWS\System32\KERNELBASE.dll
0x00007ffcd74e0000 - 0x00007ffcd762c000 	C:\WINDOWS\System32\ucrtbase.dll
0x00007ffc98c60000 - 0x00007ffc98c78000 	C:\Users\leyot\.vscode\extensions\redhat.java-1.56.0-win32-x64\jre\21.0.12.1-win32-x86_64\bin\jli.dll
0x00007ffcd8bd0000 - 0x00007ffcd8d9f000 	C:\WINDOWS\System32\USER32.dll
0x00007ffc9b3b0000 - 0x00007ffc9b3ce000 	C:\Users\leyot\.vscode\extensions\redhat.java-1.56.0-win32-x64\jre\21.0.12.1-win32-x86_64\bin\VCRUNTIME140.dll
0x00007ffcc5900000 - 0x00007ffcc5b90000 	C:\WINDOWS\WinSxS\amd64_microsoft.windows.common-controls_6595b64144ccf1df_6.0.26100.9278_none_3e0d1ba8e3303201\COMCTL32.dll
0x00007ffcd97b0000 - 0x00007ffcd9859000 	C:\WINDOWS\System32\msvcrt.dll
0x00007ffcd6be0000 - 0x00007ffcd6c07000 	C:\WINDOWS\System32\win32u.dll
0x00007ffcd9780000 - 0x00007ffcd97ab000 	C:\WINDOWS\System32\GDI32.dll
0x00007ffcd73b0000 - 0x00007ffcd74d9000 	C:\WINDOWS\System32\gdi32full.dll
0x00007ffcd7300000 - 0x00007ffcd73a3000 	C:\WINDOWS\System32\msvcp_win.dll
0x00007ffcd8680000 - 0x00007ffcd86b1000 	C:\WINDOWS\System32\IMM32.DLL
0x00007ffcb3340000 - 0x00007ffcb334c000 	C:\Users\leyot\.vscode\extensions\redhat.java-1.56.0-win32-x64\jre\21.0.12.1-win32-x86_64\bin\vcruntime140_1.dll
0x00007ffbe1ae0000 - 0x00007ffbe1b6d000 	C:\Users\leyot\.vscode\extensions\redhat.java-1.56.0-win32-x64\jre\21.0.12.1-win32-x86_64\bin\msvcp140.dll
0x00007ffbc1860000 - 0x00007ffbc2602000 	C:\Users\leyot\.vscode\extensions\redhat.java-1.56.0-win32-x64\jre\21.0.12.1-win32-x86_64\bin\server\jvm.dll
0x00007ffcd83c0000 - 0x00007ffcd847c000 	C:\WINDOWS\System32\ADVAPI32.dll
0x00007ffcd7640000 - 0x00007ffcd76e9000 	C:\WINDOWS\System32\sechost.dll
0x00007ffcd8700000 - 0x00007ffcd8818000 	C:\WINDOWS\System32\RPCRT4.dll
0x00007ffcd96f0000 - 0x00007ffcd9770000 	C:\WINDOWS\System32\WS2_32.dll
0x00007ffcd6980000 - 0x00007ffcd69de000 	C:\WINDOWS\SYSTEM32\POWRPROF.dll
0x00007ffccc1b0000 - 0x00007ffccc1e6000 	C:\WINDOWS\SYSTEM32\WINMM.dll
0x00007ffccea20000 - 0x00007ffccea2b000 	C:\WINDOWS\SYSTEM32\VERSION.dll
0x00007ffcd6950000 - 0x00007ffcd6965000 	C:\WINDOWS\SYSTEM32\UMPDC.dll
0x00007ffcd57f0000 - 0x00007ffcd580b000 	C:\WINDOWS\SYSTEM32\kernel.appcore.dll
0x00007ffca3d00000 - 0x00007ffca3d0a000 	C:\Users\leyot\.vscode\extensions\redhat.java-1.56.0-win32-x64\jre\21.0.12.1-win32-x86_64\bin\jimage.dll
0x00007ffccdce0000 - 0x00007ffccdf2c000 	C:\WINDOWS\SYSTEM32\DBGHELP.DLL
0x00007ffcd7890000 - 0x00007ffcd7c15000 	C:\WINDOWS\System32\combase.dll
0x00007ffcd85a0000 - 0x00007ffcd8679000 	C:\WINDOWS\System32\OLEAUT32.dll
0x00007ffcba3e0000 - 0x00007ffcba41b000 	C:\WINDOWS\SYSTEM32\dbgcore.DLL
0x00007ffcd6b20000 - 0x00007ffcd6bcc000 	C:\WINDOWS\System32\bcryptPrimitives.dll
0x00007ffc9eb60000 - 0x00007ffc9eb6f000 	C:\Users\leyot\.vscode\extensions\redhat.java-1.56.0-win32-x64\jre\21.0.12.1-win32-x86_64\bin\instrument.dll
0x00007ffc98870000 - 0x00007ffc98890000 	C:\Users\leyot\.vscode\extensions\redhat.java-1.56.0-win32-x64\jre\21.0.12.1-win32-x86_64\bin\java.dll
0x00007ffcd7c20000 - 0x00007ffcd83b8000 	C:\WINDOWS\System32\SHELL32.dll
0x00007ffcd4550000 - 0x00007ffcd4dfe000 	C:\WINDOWS\SYSTEM32\windows.storage.dll
0x00007ffcd84a0000 - 0x00007ffcd859b000 	C:\WINDOWS\System32\SHCORE.dll
0x00007ffcd8fd0000 - 0x00007ffcd9036000 	C:\WINDOWS\System32\shlwapi.dll
0x00007ffcd6a40000 - 0x00007ffcd6a69000 	C:\WINDOWS\SYSTEM32\profapi.dll
0x00007ffc98600000 - 0x00007ffc98618000 	C:\Users\leyot\.vscode\extensions\redhat.java-1.56.0-win32-x64\jre\21.0.12.1-win32-x86_64\bin\zip.dll
0x00007ffc9eb10000 - 0x00007ffc9eb20000 	C:\Users\leyot\.vscode\extensions\redhat.java-1.56.0-win32-x64\jre\21.0.12.1-win32-x86_64\bin\net.dll
0x00007ffcd0f80000 - 0x00007ffcd10aa000 	C:\WINDOWS\SYSTEM32\WINHTTP.dll
0x00007ffcd5db0000 - 0x00007ffcd5e1c000 	C:\WINDOWS\system32\mswsock.dll
0x00007ffc985e0000 - 0x00007ffc985f6000 	C:\Users\leyot\.vscode\extensions\redhat.java-1.56.0-win32-x64\jre\21.0.12.1-win32-x86_64\bin\nio.dll
0x00007ffcb8730000 - 0x00007ffcb8740000 	C:\Users\leyot\.vscode\extensions\redhat.java-1.56.0-win32-x64\jre\21.0.12.1-win32-x86_64\bin\verify.dll
0x00007ffc984f0000 - 0x00007ffc98517000 	C:\Users\leyot\.gradle\native\660c5614fbf4a5f2a75b1949f50a0caf5cd603558e7d8a26e50b933a0cfb79d1\windows-amd64\native-platform.dll
0x00007ffc7b590000 - 0x00007ffc7b607000 	C:\Users\leyot\.gradle\native\0.2.8\x86_64-windows-gnu\gradle-fileevents.dll
0x00007ffcb8720000 - 0x00007ffcb872a000 	C:\Users\leyot\.vscode\extensions\redhat.java-1.56.0-win32-x64\jre\21.0.12.1-win32-x86_64\bin\management.dll
0x00007ffc9eb70000 - 0x00007ffc9eb7c000 	C:\Users\leyot\.vscode\extensions\redhat.java-1.56.0-win32-x64\jre\21.0.12.1-win32-x86_64\bin\management_ext.dll
0x00007ffcd9660000 - 0x00007ffcd9668000 	C:\WINDOWS\System32\PSAPI.DLL
0x00007ffcd5180000 - 0x00007ffcd51b3000 	C:\WINDOWS\SYSTEM32\IPHLPAPI.DLL
0x00007ffcd8490000 - 0x00007ffcd849a000 	C:\WINDOWS\System32\NSI.dll
0x00007ffc9db40000 - 0x00007ffc9db49000 	C:\Users\leyot\.vscode\extensions\redhat.java-1.56.0-win32-x64\jre\21.0.12.1-win32-x86_64\bin\extnet.dll
0x00007ffcd60a0000 - 0x00007ffcd60bb000 	C:\WINDOWS\SYSTEM32\CRYPTSP.dll
0x00007ffcd5750000 - 0x00007ffcd5789000 	C:\WINDOWS\system32\rsaenh.dll
0x00007ffcd5e60000 - 0x00007ffcd5e94000 	C:\WINDOWS\SYSTEM32\USERENV.dll
0x00007ffcd6a10000 - 0x00007ffcd6a3a000 	C:\WINDOWS\SYSTEM32\bcrypt.dll
0x00007ffcd60c0000 - 0x00007ffcd60cc000 	C:\WINDOWS\SYSTEM32\CRYPTBASE.dll
0x00007ffc9c6c0000 - 0x00007ffc9c6ce000 	C:\Users\leyot\.vscode\extensions\redhat.java-1.56.0-win32-x64\jre\21.0.12.1-win32-x86_64\bin\sunmscapi.dll
0x00007ffcd6ca0000 - 0x00007ffcd6e1e000 	C:\WINDOWS\System32\CRYPT32.dll
0x00007ffcd62e0000 - 0x00007ffcd6310000 	C:\WINDOWS\SYSTEM32\ncrypt.dll
0x00007ffcd6290000 - 0x00007ffcd62cf000 	C:\WINDOWS\SYSTEM32\NTASN1.dll
0x00007ffca92c0000 - 0x00007ffca92c8000 	C:\WINDOWS\system32\wshunix.dll

JVMTI agents:
C:\Users\leyot\.gradle\wrapper\dists\gradle-9.6.0-bin\42k10rwplmzkhuboz9kdazi7s\gradle-9.6.0\lib\agents\gradle-instrumentation-agent-9.6.0.jar path:C:\Users\leyot\.vscode\extensions\redhat.java-1.56.0-win32-x64\jre\21.0.12.1-win32-x86_64\bin\instrument.dll, loaded, initialized, instrumentlib options:none

dbghelp: loaded successfully - version: 4.0.5 - missing functions: none
symbol engine: initialized successfully - sym options: 0x614 - pdb path: .;C:\Users\leyot\.vscode\extensions\redhat.java-1.56.0-win32-x64\jre\21.0.12.1-win32-x86_64\bin;C:\WINDOWS\SYSTEM32;C:\WINDOWS\WinSxS\amd64_microsoft.windows.common-controls_6595b64144ccf1df_6.0.26100.9278_none_3e0d1ba8e3303201;C:\Users\leyot\.vscode\extensions\redhat.java-1.56.0-win32-x64\jre\21.0.12.1-win32-x86_64\bin\server;C:\Users\leyot\.gradle\native\660c5614fbf4a5f2a75b1949f50a0caf5cd603558e7d8a26e50b933a0cfb79d1\windows-amd64;C:\Users\leyot\.gradle\native\0.2.8\x86_64-windows-gnu

VM Arguments:
jvm_args: --add-opens=java.base/java.lang=ALL-UNNAMED --add-opens=java.base/java.lang.invoke=ALL-UNNAMED --add-opens=java.base/java.util=ALL-UNNAMED --add-opens=java.prefs/java.util.prefs=ALL-UNNAMED --add-exports=jdk.compiler/com.sun.tools.javac.api=ALL-UNNAMED --add-exports=jdk.compiler/com.sun.tools.javac.util=ALL-UNNAMED --add-opens=java.base/java.nio.charset=ALL-UNNAMED --add-opens=java.base/java.net=ALL-UNNAMED --add-opens=java.base/java.util.concurrent=ALL-UNNAMED --add-opens=java.base/java.util.concurrent.atomic=ALL-UNNAMED --add-opens=java.xml/javax.xml.namespace=ALL-UNNAMED --add-opens=java.base/java.time=ALL-UNNAMED -XX:MaxMetaspaceSize=384m -XX:+HeapDumpOnOutOfMemoryError -Xms256m -Xmx512m -Dfile.encoding=UTF-8 -Duser.country=MX -Duser.language=es -Duser.variant -javaagent:C:\Users\leyot\.gradle\wrapper\dists\gradle-9.6.0-bin\42k10rwplmzkhuboz9kdazi7s\gradle-9.6.0\lib\agents\gradle-instrumentation-agent-9.6.0.jar 
java_command: org.gradle.launcher.daemon.bootstrap.GradleDaemon 9.6.0
java_class_path (initial): C:\Users\leyot\.gradle\wrapper\dists\gradle-9.6.0-bin\42k10rwplmzkhuboz9kdazi7s\gradle-9.6.0\lib\gradle-daemon-main-9.6.0.jar
Launcher Type: SUN_STANDARD

[Global flags]
     intx CICompilerCount                          = 4                                         {product} {ergonomic}
   size_t CompressedClassSpaceSize                 = 335544320                                 {product} {ergonomic}
     uint ConcGCThreads                            = 3                                         {product} {ergonomic}
     uint G1ConcRefinementThreads                  = 10                                        {product} {ergonomic}
   size_t G1HeapRegionSize                         = 1048576                                   {product} {ergonomic}
    uintx GCDrainStackTargetSize                   = 64                                        {product} {ergonomic}
     bool HeapDumpOnOutOfMemoryError               = true                                   {manageable} {command line}
   size_t InitialHeapSize                          = 268435456                                 {product} {command line}
   size_t MarkStackSize                            = 4194304                                   {product} {ergonomic}
   size_t MaxHeapSize                              = 536870912                                 {product} {command line}
   size_t MaxMetaspaceSize                         = 402653184                                 {product} {command line}
   size_t MaxNewSize                               = 321912832                                 {product} {ergonomic}
   size_t MinHeapDeltaBytes                        = 1048576                                   {product} {ergonomic}
   size_t MinHeapSize                              = 268435456                                 {product} {command line}
    uintx NonNMethodCodeHeapSize                   = 5839372                                {pd product} {ergonomic}
    uintx NonProfiledCodeHeapSize                  = 122909434                              {pd product} {ergonomic}
    uintx ProfiledCodeHeapSize                     = 122909434                              {pd product} {ergonomic}
    uintx ReservedCodeCacheSize                    = 251658240                              {pd product} {ergonomic}
     bool SegmentedCodeCache                       = true                                      {product} {ergonomic}
   size_t SoftMaxHeapSize                          = 536870912                              {manageable} {ergonomic}
     bool UseCompressedOops                        = true                           {product lp64_product} {ergonomic}
     bool UseG1GC                                  = true                                      {product} {ergonomic}
     bool UseLargePagesIndividualAllocation        = false                                  {pd product} {ergonomic}

Logging:
Log output configuration:
 #0: stdout all=warning uptime,level,tags foldmultilines=false
 #1: stderr all=off uptime,level,tags foldmultilines=false

Release file:
JAVA_VERSION="21.0.12.1" 
MODULES="java.base java.compiler java.datatransfer java.xml java.prefs java.desktop java.instrument java.logging java.management java.security.sasl java.naming java.rmi java.management.rmi java.net.http java.scripting java.security.jgss java.transaction.xa java.sql java.sql.rowset java.xml.crypto java.se java.smartcardio jdk.accessibility jdk.internal.jvmstat jdk.attach jdk.charsets jdk.internal.opt jdk.zipfs jdk.compiler jdk.crypto.ec jdk.crypto.cryptoki jdk.crypto.mscapi jdk.dynalink jdk.internal.ed jdk.editpad jdk.hotspot.agent jdk.httpserver jdk.internal.le jdk.internal.vm.ci jdk.internal.vm.compiler jdk.internal.vm.compiler.management jdk.jartool jdk.javadoc jdk.jcmd jdk.management jdk.management.agent jdk.jconsole jdk.jdeps jdk.jdwp.agent jdk.jdi jdk.jfr jdk.jshell jdk.jsobject jdk.jstatd jdk.localedata jdk.management.jfr jdk.naming.dns jdk.naming.rmi jdk.net jdk.nio.mapmode jdk.random jdk.sctp jdk.security.auth jdk.security.jgss jdk.unsupported jdk.unsupported.desktop jdk.xml.dom" 

Environment Variables:
JAVA_HOME=C:\Program Files\Java\jdk-22
PATH=C:\Program Files\Microsoft MPI\Bin\;C:\Program Files\Java\jdk-22\bin;C:\Program Files (x86)\Common Files\Oracle\Java\javapath;C:\Program Files\Common Files\Oracle\Java\javapath;C:\dev\flutter\bin;C:\WINDOWS\system32;C:\WINDOWS;C:\WINDOWS\System32\Wbem;C:\WINDOWS\System32\WindowsPowerShell\v1.0\;C:\WINDOWS\System32\OpenSSH\;C:\Program Files (x86)\NVIDIA Corporation\PhysX\Common;C:\Program Files\dotnet\;C:\flutter\bin;C:\Program Files (x86)\Windows Kits\10\Windows Performance Toolkit\;C:\WINDOWS\system32\config\systemprofile\dev\flutter\bin;C:\Program Files\Git\cmd;C:\Users\leyot\OneDrive\Documents\apache-maven\apache-maven-3.9.9-bin\apache-maven-3.9.9\bin;C:\Program Files\Java\jdk-22\bin;C:\Program Files (x86)\Microsoft SQL Server\170\Tools\Binn\;C:\Program Files\Microsoft SQL Server\170\Tools\Binn\;C:\Program Files\Microsoft SQL Server\Client SDK\ODBC\180\Tools\Binn\;C:\Program Files\Microsoft SQL Server\170\DTS\Binn\;C:\Program Files (x86)\Microsoft SQL Server\170\DTS\Binn\;C:\Program Files\nodejs\;C:\Program Files\NVIDIA Corporation\NVIDIA App\NvDLISR;C:\Program Files\Memurai\;C:\Program Files\Amazon\AWSCLIV2\;C:\Program Files (x86)\Firebird\Firebird_2_5\bin\;C:\Program Files\k6\;C:\Program Files\Docker\Docker\resources\bin;C:\Program Files\Java\jdk-22;C:\src\flutter\bin;C:\Users\leyot\AppData\Local\Microsoft\WindowsApps;C:\sqlite;C:\Users\leyot\AppData\Local\Programs\Microsoft VS Code\bin;C:\Program Files\MongoDB\Server\8.0\bin;C:\Program Files\MongoDB\mongosh-2.3.8-win32-x64\bin;C:\Program Files\mosquitto;C:\Program Files\mosquitto;C:\Users\leyot\OneDrive\Documents\apache-maven\apache-maven-3.9.9-bin\apache-maven-3.9.9\bin;C:\Program Files\PostgreSQL\15\bin;C:\Users\leyot\AppData\Roaming\npm;C:\Users\leyot\AppData\Local\Packages\PythonSoftwareFoundation.Python.3.13_qbz5n2kfra8p0\LocalCache\local-packages\Python313\Scripts;C:\Users\leyot\AppData\Local\Unity\bin;C:\Users\leyot\.dotnet\tools;
USERNAME=leyot
OS=Windows_NT
PROCESSOR_IDENTIFIER=AMD64 Family 25 Model 68 Stepping 1, AuthenticAMD
TMP=C:\Users\leyot\AppData\Local\Temp
TEMP=C:\Users\leyot\AppData\Local\Temp




Periodic native trim disabled

---------------  S Y S T E M  ---------------

OS:
 Windows 11 , 64 bit Build 26100 (10.0.26100.9444)
OS uptime: 0 days 3:30 hours
Hyper-V role detected

CPU: total 12 (initial active 12) (12 cores per cpu, 2 threads per core) family 25 model 68 stepping 1 microcode 0xa404107, cx8, cmov, fxsr, ht, mmx, 3dnowpref, sse, sse2, sse3, ssse3, sse4a, sse4.1, sse4.2, popcnt, lzcnt, tsc, tscinvbit, avx, avx2, aes, erms, clmul, bmi1, bmi2, adx, sha, fma, vzeroupper, clflush, clflushopt, hv, rdtscp, rdpid, fsrm, f16c, cet_ss
Processor Information for processor 0
  Max Mhz: 3301, Current Mhz: 2024, Mhz Limit: 3301
Processor Information for processor 1
  Max Mhz: 3301, Current Mhz: 2496, Mhz Limit: 3301
Processor Information for processor 2
  Max Mhz: 3301, Current Mhz: 2496, Mhz Limit: 3301
Processor Information for processor 3
  Max Mhz: 3301, Current Mhz: 2496, Mhz Limit: 3301
Processor Information for processor 4
  Max Mhz: 3301, Current Mhz: 2496, Mhz Limit: 3301
Processor Information for processor 5
  Max Mhz: 3301, Current Mhz: 2496, Mhz Limit: 3301
Processor Information for processor 6
  Max Mhz: 3301, Current Mhz: 2496, Mhz Limit: 3301
Processor Information for processor 7
  Max Mhz: 3301, Current Mhz: 2496, Mhz Limit: 3301
Processor Information for processor 8
  Max Mhz: 3301, Current Mhz: 2496, Mhz Limit: 3301
Processor Information for processor 9
  Max Mhz: 3301, Current Mhz: 2496, Mhz Limit: 3301
Processor Information for processor 10
  Max Mhz: 3301, Current Mhz: 2024, Mhz Limit: 3301
Processor Information for processor 11
  Max Mhz: 3301, Current Mhz: 2496, Mhz Limit: 3301

Memory: 4k page, system-wide physical 15688M (470M free)
TotalPageFile size 49531M (AvailPageFile size 1111M)
current process WorkingSet (physical memory assigned to process): 107M, peak: 140M
current process commit charge ("private bytes"): 400M, peak: 408M

vm_info: OpenJDK 64-Bit Server VM (21.0.12.1+1-LTS) for windows-amd64 JRE (21.0.12.1+1-LTS), built on 2026-08-18T00:00:00Z by "admin" with MS VC++ 17.12 (VS2022)

END.
