#
# There is insufficient memory for the Java Runtime Environment to continue.
# Native memory allocation (mmap) failed to map 65536 bytes. Error detail: Failed to commit metaspace.
# Possible reasons:
#   The system is out of physical RAM or swap space
#   This process is running with CompressedOops enabled, and the Java Heap may be blocking the growth of the native heap
# Possible solutions:
#   Reduce memory load on the system
#   Increase physical memory or swap space
#   Check if swap backing store is full
#   Decrease Java heap size (-Xmx/-Xms)
#   Decrease number of Java threads
#   Decrease Java thread stack sizes (-Xss)
#   Set larger code cache with -XX:ReservedCodeCacheSize=
#   JVM is running with Unscaled Compressed Oops mode in which the Java heap is
#     placed in the first 4GB address space. The Java Heap base address is the
#     maximum limit for the native heap growth. Please use -XX:HeapBaseMinAddress
#     to set the Java Heap base and to place the Java Heap above 4GB virtual address.
# This output file may be truncated or incomplete.
#
#  Out of Memory Error (virtualSpaceNode.cpp:113), pid=17124, tid=45552
#
# JRE version: OpenJDK Runtime Environment Temurin-21.0.12.1+1 (21.0.12.1+1) (build 21.0.12.1+1-LTS)
# Java VM: OpenJDK 64-Bit Server VM Temurin-21.0.12.1+1 (21.0.12.1+1-LTS, mixed mode, sharing, tiered, compressed oops, compressed class ptrs, g1 gc, windows-amd64)
# No core dump will be written. Minidumps are not enabled by default on client versions of Windows
#

---------------  S U M M A R Y ------------

Command Line: --add-opens=java.base/java.lang=ALL-UNNAMED --add-opens=java.base/java.lang.invoke=ALL-UNNAMED --add-opens=java.base/java.util=ALL-UNNAMED --add-opens=java.prefs/java.util.prefs=ALL-UNNAMED --add-exports=jdk.compiler/com.sun.tools.javac.api=ALL-UNNAMED --add-exports=jdk.compiler/com.sun.tools.javac.util=ALL-UNNAMED --add-opens=java.base/java.nio.charset=ALL-UNNAMED --add-opens=java.base/java.net=ALL-UNNAMED --add-opens=java.base/java.util.concurrent=ALL-UNNAMED --add-opens=java.base/java.util.concurrent.atomic=ALL-UNNAMED --add-opens=java.xml/javax.xml.namespace=ALL-UNNAMED --add-opens=java.base/java.time=ALL-UNNAMED -XX:MaxMetaspaceSize=384m -XX:+HeapDumpOnOutOfMemoryError -Xms256m -Xmx512m -Dfile.encoding=UTF-8 -Duser.country=MX -Duser.language=es -Duser.variant -javaagent:C:\Users\leyot\.gradle\wrapper\dists\gradle-9.6.0-bin\42k10rwplmzkhuboz9kdazi7s\gradle-9.6.0\lib\agents\gradle-instrumentation-agent-9.6.0.jar org.gradle.launcher.daemon.bootstrap.GradleDaemon 9.6.0

Host: AMD Ryzen 5 7535HS with Radeon Graphics        , 12 cores, 15G,  Windows 11 , 64 bit Build 26100 (10.0.26100.9444)
Time: Sat Sep 19 22:29:39 2026 Hora estándar central (México) elapsed time: 78.063220 seconds (0d 0h 1m 18s)

---------------  T H R E A D  ---------------

Current thread (0x00000239f89a63f0):  JavaThread "Daemon worker"        [_thread_in_vm, id=45552, stack(0x000000fade500000,0x000000fade600000) (1024K)]

Stack: [0x000000fade500000,0x000000fade600000]
Native frames: (J=compiled Java code, j=interpreted, Vv=VM code, C=native code)
V  [jvm.dll+0x6d83e9]
V  [jvm.dll+0x8b5736]
V  [jvm.dll+0x8b7cee]
V  [jvm.dll+0x8b83d3]
V  [jvm.dll+0x284596]
V  [jvm.dll+0x8b147e]
V  [jvm.dll+0x679ad4]
V  [jvm.dll+0x1e849b]
V  [jvm.dll+0x1e825e]
V  [jvm.dll+0x67c3d2]
V  [jvm.dll+0x67c202]
V  [jvm.dll+0x67a4ae]
V  [jvm.dll+0x68b5ad]
V  [jvm.dll+0x68492e]
V  [jvm.dll+0x3ddbe1]
C  0x000002398753bc1b

The last pc belongs to method entry point (kind = zerolocals) (printed below).
Java frames: (J=compiled Java code, j=interpreted, Vv=VM code)
j  org.gradle.internal.instantiation.generator.AbstractClassGenerator$BooleanPropertyDeprecatingValidator.<init>(Lorg/gradle/internal/instantiation/generator/AbstractClassGenerator$1;)V+0
j  org.gradle.internal.instantiation.generator.AbstractClassGenerator.generateUnderLock(Ljava/lang/Class;)Lorg/gradle/internal/instantiation/generator/AbstractClassGenerator$GeneratedClassImpl;+339
j  org.gradle.internal.instantiation.generator.AbstractClassGenerator$$Lambda+0x00000239901d6f58.apply(Ljava/lang/Object;)Ljava/lang/Object;+8
j  org.gradle.cache.internal.DefaultCrossBuildInMemoryCacheFactory$AbstractCrossBuildInMemoryCache.produce(Ljava/util/function/Function;Ljava/lang/Object;)Ljava/lang/Object;+2
j  org.gradle.cache.internal.DefaultCrossBuildInMemoryCacheFactory$AbstractCrossBuildInMemoryCache.produceAndRetain(Ljava/util/function/Function;Ljava/lang/Object;)Ljava/lang/Object;+3
j  org.gradle.cache.internal.DefaultCrossBuildInMemoryCacheFactory$AbstractCrossBuildInMemoryCache.lambda$get$1(Ljava/util/function/Function;Ljava/lang/Object;)Ljava/lang/Object;+3
j  org.gradle.cache.internal.DefaultCrossBuildInMemoryCacheFactory$AbstractCrossBuildInMemoryCache$$Lambda+0x00000239901d64c8.get()Ljava/lang/Object;+12
j  org.gradle.internal.lazy.LockingLazy.get()Ljava/lang/Object;+22
j  org.gradle.cache.internal.DefaultCrossBuildInMemoryCacheFactory$AbstractCrossBuildInMemoryCache.get(Ljava/lang/Object;Ljava/util/function/Function;)Ljava/lang/Object;+18
j  org.gradle.internal.instantiation.generator.AbstractClassGenerator.generate(Ljava/lang/Class;)Lorg/gradle/internal/instantiation/generator/ClassGenerator$GeneratedClass;+14
j  org.gradle.internal.instantiation.generator.AsmBackedClassGenerator.generate(Ljava/lang/Class;)Lorg/gradle/internal/instantiation/generator/ClassGenerator$GeneratedClass;+2
j  org.gradle.internal.instantiation.generator.Jsr330ConstructorSelector.lambda$forType$0(Ljava/lang/Class;)Lorg/gradle/internal/instantiation/generator/Jsr330ConstructorSelector$CachedConstructor;+9
j  org.gradle.internal.instantiation.generator.Jsr330ConstructorSelector$$Lambda+0x00000239901d6058.get()Ljava/lang/Object;+8
j  org.gradle.cache.Cache.lambda$get$0(Ljava/util/function/Supplier;Ljava/lang/Object;)Ljava/lang/Object;+1
j  org.gradle.cache.Cache$$Lambda+0x000002399015ae58.apply(Ljava/lang/Object;)Ljava/lang/Object;+5
j  org.gradle.cache.internal.DefaultCrossBuildInMemoryCacheFactory$AbstractCrossBuildInMemoryCache.produce(Ljava/util/function/Function;Ljava/lang/Object;)Ljava/lang/Object;+2
j  org.gradle.cache.internal.DefaultCrossBuildInMemoryCacheFactory$AbstractCrossBuildInMemoryCache.produceAndRetain(Ljava/util/function/Function;Ljava/lang/Object;)Ljava/lang/Object;+3
j  org.gradle.cache.internal.DefaultCrossBuildInMemoryCacheFactory$AbstractCrossBuildInMemoryCache.lambda$get$1(Ljava/util/function/Function;Ljava/lang/Object;)Ljava/lang/Object;+3
j  org.gradle.cache.internal.DefaultCrossBuildInMemoryCacheFactory$AbstractCrossBuildInMemoryCache$$Lambda+0x00000239901d64c8.get()Ljava/lang/Object;+12
j  org.gradle.internal.lazy.LockingLazy.get()Ljava/lang/Object;+22
j  org.gradle.cache.internal.DefaultCrossBuildInMemoryCacheFactory$AbstractCrossBuildInMemoryCache.get(Ljava/lang/Object;Ljava/util/function/Function;)Ljava/lang/Object;+18
j  org.gradle.cache.Cache.get(Ljava/lang/Object;Ljava/util/function/Supplier;)Ljava/lang/Object;+8
j  org.gradle.internal.instantiation.generator.Jsr330ConstructorSelector.forType(Ljava/lang/Class;)Lorg/gradle/internal/instantiation/generator/ClassGenerator$GeneratedConstructor;+12
j  org.gradle.internal.instantiation.generator.Jsr330ConstructorSelector.forParams(Ljava/lang/Class;[Ljava/lang/Object;)Lorg/gradle/internal/instantiation/generator/ClassGenerator$GeneratedConstructor;+2
j  org.gradle.internal.instantiation.generator.DependencyInjectingInstantiator.doCreate(Ljava/lang/Class;Lorg/gradle/api/Describable;[Ljava/lang/Object;)Ljava/lang/Object;+6
j  org.gradle.internal.instantiation.generator.DependencyInjectingInstantiator.newInstance(Ljava/lang/Class;[Ljava/lang/Object;)Ljava/lang/Object;+4
j  org.gradle.api.internal.model.DefaultObjectFactory.newInstance(Ljava/lang/Class;[Ljava/lang/Object;)Ljava/lang/Object;+6
j  org.gradle.internal.service.scopes.GradleUserHomeScopeServices.createCachesConfiguration(Lorg/gradle/api/model/ObjectFactory;)Lorg/gradle/api/internal/cache/CacheConfigurationsInternal;+7
j  java.lang.invoke.LambdaForm$DMH+0x000002399003e400.invokeVirtual(Ljava/lang/Object;Ljava/lang/Object;Ljava/lang/Object;)Ljava/lang/Object;+11 java.base@21.0.12.1
j  java.lang.invoke.LambdaForm$MH+0x00000239900a4400.invoke(Ljava/lang/Object;Ljava/lang/Object;Ljava/lang/Object;)Ljava/lang/Object;+52 java.base@21.0.12.1
J 2423 c1 jdk.internal.reflect.DirectMethodHandleAccessor.invoke(Ljava/lang/Object;[Ljava/lang/Object;)Ljava/lang/Object; java.base@21.0.12.1 (92 bytes) @ 0x0000023980480a3c [0x000002398047ee40+0x0000000000001bfc]
J 2422 c1 java.lang.reflect.Method.invoke(Ljava/lang/Object;[Ljava/lang/Object;)Ljava/lang/Object; java.base@21.0.12.1 (108 bytes) @ 0x000002398047e5d4 [0x000002398047e0c0+0x0000000000000514]
j  org.gradle.internal.reflect.JavaMethod.invoke(Ljava/lang/Object;[Ljava/lang/Object;)Ljava/lang/Object;+6
j  org.gradle.internal.service.ReflectionBasedServiceMethod.invoke(Ljava/lang/Object;[Ljava/lang/Object;)Ljava/lang/Object;+6
j  org.gradle.internal.service.DefaultServiceRegistry$FactoryMethodService.invokeMethod([Ljava/lang/Object;)Ljava/lang/Object;+28
j  org.gradle.internal.service.DefaultServiceRegistry$FactoryService.createServiceInstance()Ljava/lang/Object;+7
j  org.gradle.internal.service.DefaultServiceRegistry$FactoryMethodService.createServiceInstance()Ljava/lang/Object;+1
j  org.gradle.internal.service.DefaultServiceRegistry$ManagedObjectServiceProvider.getInstance()Ljava/lang/Object;+24
j  org.gradle.internal.service.DefaultServiceRegistry$SingletonService.get()Ljava/lang/Object;+1
j  org.gradle.internal.service.DefaultServiceRegistry.applyConfigureMethod(Lorg/gradle/internal/service/ServiceAccessToken;Lorg/gradle/internal/service/ServiceMethod;Ljava/lang/Object;)V+132
j  org.gradle.internal.service.DefaultServiceRegistry.findProviderMethods(Lorg/gradle/internal/service/ServiceRegistrationProvider;Lorg/gradle/internal/service/ServiceAccessToken;)V+215
j  org.gradle.internal.service.DefaultServiceRegistry.addProvider(Lorg/gradle/internal/service/ServiceRegistrationProvider;)Lorg/gradle/internal/service/DefaultServiceRegistry;+18
j  org.gradle.internal.service.DefaultServiceRegistry$1.addProvider(Lorg/gradle/internal/service/ServiceRegistrationProvider;)V+5
j  org.gradle.internal.service.scopes.GradleUserHomeScopeServices.configure(Lorg/gradle/internal/service/ServiceRegistration;)V+13
j  java.lang.invoke.DirectMethodHandle$Holder.invokeVirtual(Ljava/lang/Object;Ljava/lang/Object;Ljava/lang/Object;)V+11 java.base@21.0.12.1
j  java.lang.invoke.LambdaForm$MH+0x000002399003e000.invoke(Ljava/lang/Object;Ljava/lang/Object;)Ljava/lang/Object;+39 java.base@21.0.12.1
j  java.lang.invoke.LambdaForm$MH+0x000002399003d800.invoke(Ljava/lang/Object;Ljava/lang/Object;Ljava/lang/Object;)Ljava/lang/Object;+45 java.base@21.0.12.1
j  java.lang.invoke.Invokers$Holder.invokeExact_MT(Ljava/lang/Object;Ljava/lang/Object;Ljava/lang/Object;Ljava/lang/Object;)Ljava/lang/Object;+20 java.base@21.0.12.1
j  java.lang.invoke.MethodHandle.invokeWithArguments([Ljava/lang/Object;)Ljava/lang/Object;+28 java.base@21.0.12.1
j  org.gradle.internal.service.MethodHandleBasedServiceMethod.invoke(Ljava/lang/Object;[Ljava/lang/Object;)Ljava/lang/Object;+9
j  org.gradle.internal.service.DefaultServiceRegistry.applyConfigureMethod(Lorg/gradle/internal/service/ServiceAccessToken;Lorg/gradle/internal/service/ServiceMethod;Ljava/lang/Object;)V+148
j  org.gradle.internal.service.DefaultServiceRegistry.findProviderMethods(Lorg/gradle/internal/service/ServiceRegistrationProvider;Lorg/gradle/internal/service/ServiceAccessToken;)V+215
j  org.gradle.internal.service.DefaultServiceRegistry.addProvider(Lorg/gradle/internal/service/ServiceRegistrationProvider;)Lorg/gradle/internal/service/DefaultServiceRegistry;+18
j  org.gradle.internal.service.ServiceRegistryBuilder.build()Lorg/gradle/internal/service/CloseableServiceRegistry;+93
j  org.gradle.internal.service.scopes.DefaultGradleUserHomeScopeServiceRegistry.getServicesFor(Ljava/io/File;)Lorg/gradle/internal/service/ServiceRegistry;+152
j  org.gradle.internal.session.BuildSessionState.<init>(Lorg/gradle/internal/service/scopes/GradleUserHomeScopeServiceRegistry;Lorg/gradle/internal/session/CrossBuildSessionState;Lorg/gradle/api/internal/StartParameterInternal;Lorg/gradle/initialization/BuildRequestMetaData;Lorg/gradle/internal/classpath/ClassPath;Lorg/gradle/initialization/BuildCancellationToken;Lorg/gradle/initialization/BuildClientMetaData;Lorg/gradle/initialization/BuildEventConsumer;)V+15
j  org.gradle.internal.buildprocess.execution.BuildSessionLifecycleBuildActionExecutor.execute(Lorg/gradle/internal/invocation/BuildAction;Lorg/gradle/launcher/exec/BuildActionParameters;Lorg/gradle/initialization/BuildRequestContext;)Lorg/gradle/launcher/exec/BuildActionResult;+96
j  org.gradle.internal.buildprocess.execution.BuildSessionLifecycleBuildActionExecutor.execute(Lorg/gradle/internal/invocation/BuildAction;Ljava/lang/Object;Ljava/lang/Object;)Lorg/gradle/launcher/exec/BuildActionResult;+10
j  org.gradle.internal.buildprocess.execution.StartParamsValidatingActionExecutor.execute(Lorg/gradle/internal/invocation/BuildAction;Lorg/gradle/launcher/exec/BuildActionParameters;Lorg/gradle/initialization/BuildRequestContext;)Lorg/gradle/launcher/exec/BuildActionResult;+142
j  org.gradle.internal.buildprocess.execution.StartParamsValidatingActionExecutor.execute(Lorg/gradle/internal/invocation/BuildAction;Ljava/lang/Object;Ljava/lang/Object;)Lorg/gradle/launcher/exec/BuildActionResult;+10
j  org.gradle.internal.buildprocess.execution.SessionFailureReportingActionExecutor.execute(Lorg/gradle/internal/invocation/BuildAction;Lorg/gradle/launcher/exec/BuildActionParameters;Lorg/gradle/initialization/BuildRequestContext;)Lorg/gradle/launcher/exec/BuildActionResult;+7
j  org.gradle.internal.buildprocess.execution.SessionFailureReportingActionExecutor.execute(Lorg/gradle/internal/invocation/BuildAction;Ljava/lang/Object;Ljava/lang/Object;)Lorg/gradle/launcher/exec/BuildActionResult;+10
j  org.gradle.internal.buildprocess.execution.SetupLoggingActionExecutor.execute(Lorg/gradle/internal/invocation/BuildAction;Lorg/gradle/launcher/exec/BuildActionParameters;Lorg/gradle/initialization/BuildRequestContext;)Lorg/gradle/launcher/exec/BuildActionResult;+50
j  org.gradle.internal.buildprocess.execution.SetupLoggingActionExecutor.execute(Lorg/gradle/internal/invocation/BuildAction;Ljava/lang/Object;Ljava/lang/Object;)Lorg/gradle/launcher/exec/BuildActionResult;+10
j  org.gradle.launcher.daemon.server.exec.ExecuteBuild.doBuild(Lorg/gradle/launcher/daemon/server/api/DaemonCommandExecution;Lorg/gradle/launcher/daemon/protocol/Build;)V+147
j  org.gradle.launcher.daemon.server.exec.BuildCommandOnly.execute(Lorg/gradle/launcher/daemon/server/api/DaemonCommandExecution;)V+49
j  org.gradle.launcher.daemon.server.api.DaemonCommandExecution.proceed()Z+23
j  org.gradle.launcher.daemon.server.exec.WatchForDisconnection.execute(Lorg/gradle/launcher/daemon/server/api/DaemonCommandExecution;)V+19
j  org.gradle.launcher.daemon.server.api.DaemonCommandExecution.proceed()Z+23
j  org.gradle.launcher.daemon.server.exec.ResetDeprecationLogger.execute(Lorg/gradle/launcher/daemon/server/api/DaemonCommandExecution;)V+7
j  org.gradle.launcher.daemon.server.api.DaemonCommandExecution.proceed()Z+23
j  org.gradle.launcher.daemon.server.exec.RequestStopIfSingleUsedDaemon.execute(Lorg/gradle/launcher/daemon/server/api/DaemonCommandExecution;)V+33
j  org.gradle.launcher.daemon.server.api.DaemonCommandExecution.proceed()Z+23
j  org.gradle.launcher.daemon.server.exec.ForwardClientInput.lambda$execute$0(Lorg/gradle/launcher/daemon/server/api/DaemonCommandExecution;Lorg/gradle/internal/daemon/clientinput/StdinHandler;)Ljava/lang/Object;+11
j  org.gradle.launcher.daemon.server.exec.ForwardClientInput$$Lambda+0x0000023990198000.apply(Ljava/lang/Object;)Ljava/lang/Object;+8
j  org.gradle.internal.daemon.clientinput.ClientInputForwarder.forwardInput(Ljava/util/function/Function;)Ljava/lang/Object;+46
j  org.gradle.launcher.daemon.server.exec.ForwardClientInput.execute(Lorg/gradle/launcher/daemon/server/api/DaemonCommandExecution;)V+10
j  org.gradle.launcher.daemon.server.api.DaemonCommandExecution.proceed()Z+23
j  org.gradle.launcher.daemon.server.exec.LogAndCheckHealth.execute(Lorg/gradle/launcher/daemon/server/api/DaemonCommandExecution;)V+51
j  org.gradle.launcher.daemon.server.api.DaemonCommandExecution.proceed()Z+23
j  org.gradle.launcher.daemon.server.exec.ApplyClientEnvironmentVariables.doBuild(Lorg/gradle/launcher/daemon/server/api/DaemonCommandExecution;Lorg/gradle/launcher/daemon/protocol/Build;)V+133
j  org.gradle.launcher.daemon.server.exec.BuildCommandOnly.execute(Lorg/gradle/launcher/daemon/server/api/DaemonCommandExecution;)V+49
j  org.gradle.launcher.daemon.server.api.DaemonCommandExecution.proceed()Z+23
j  org.gradle.launcher.daemon.server.exec.LogToClient.doBuild(Lorg/gradle/launcher/daemon/server/api/DaemonCommandExecution;Lorg/gradle/launcher/daemon/protocol/Build;)V+87
j  org.gradle.launcher.daemon.server.exec.BuildCommandOnly.execute(Lorg/gradle/launcher/daemon/server/api/DaemonCommandExecution;)V+49
j  org.gradle.launcher.daemon.server.api.DaemonCommandExecution.proceed()Z+23
j  org.gradle.launcher.daemon.server.exec.EstablishBuildEnvironment.doBuild(Lorg/gradle/launcher/daemon/server/api/DaemonCommandExecution;Lorg/gradle/launcher/daemon/protocol/Build;)V+225
j  org.gradle.launcher.daemon.server.exec.BuildCommandOnly.execute(Lorg/gradle/launcher/daemon/server/api/DaemonCommandExecution;)V+49
j  org.gradle.launcher.daemon.server.api.DaemonCommandExecution.proceed()Z+23
j  org.gradle.launcher.daemon.server.exec.StartBuildOrRespondWithBusy$1.run()V+44
j  org.gradle.launcher.daemon.server.DaemonStateCoordinator.lambda$runCommand$0(Ljava/lang/Runnable;)V+1
j  org.gradle.launcher.daemon.server.DaemonStateCoordinator$$Lambda+0x0000023990196b40.run()V+8
j  org.gradle.internal.concurrent.ExecutorPolicy$CatchAndRecordFailures.onExecute(Ljava/lang/Runnable;)V+1
j  org.gradle.internal.concurrent.AbstractManagedExecutor$1.run()V+25
j  java.util.concurrent.ThreadPoolExecutor.runWorker(Ljava/util/concurrent/ThreadPoolExecutor$Worker;)V+92 java.base@21.0.12.1
j  java.util.concurrent.ThreadPoolExecutor$Worker.run()V+5 java.base@21.0.12.1
j  java.lang.Thread.runWith(Ljava/lang/Object;Ljava/lang/Runnable;)V+5 java.base@21.0.12.1
j  java.lang.Thread.run()V+19 java.base@21.0.12.1
v  ~StubRoutines::call_stub 0x000002398753100d
method entry point (kind = zerolocals)  [0x000002398753ba40, 0x000002398753be08]  968 bytes
[MachCode]
  0x000002398753ba40: 488b 5308 | 0fb7 4a2e | 0fb7 522c | 2bd1 81fa | f501 0000 | 0f86 2500 | 0000 488b | c248 c1e0 
  0x000002398753ba60: 0348 83c0 | 5849 0387 | d004 0000 | 483b e00f | 870a 0000 | 0058 498b | e550 e901 | acff ff58 
  0x000002398753ba80: 4c8d 74cc | f885 d20f | 8e09 0000 | 0068 0000 | 0000 ffca | 7ff7 5055 | 488b ec41 | 5568 0000 
  0x000002398753baa0: 0000 4c8b | 6b08 4d8d | 6d38 5348 | 8b53 0848 | 8b52 0848 | 8b52 1848 | 8b52 7048 | 8b12 5248 
  0x000002398753bac0: 8b53 1048 | 85d2 0f84 | 0700 0000 | 4881 c208 | 0100 0052 | 488b 5308 | 488b 5208 | 488b 5210 
  0x000002398753bae0: 5249 8bc6 | 482b c548 | c1e8 0350 | 4155 6800 | 0000 0048 | 8924 2441 | c687 7904 | 0000 0148 
  0x000002398753bb00: 8b45 d848 | 85c0 0f84 | 9100 0000 | 8b48 fc85 | c90f 8886 | 0000 0048 | 03c1 488b | 4808 4883 
  0x000002398753bb20: e902 488b | 54c8 1048 | f7da 498b | 14d6 4885 | d275 10f6 | 44c8 1801 | 755d f048 | 834c c818 
  0x000002398753bb40: 01eb 548b | 5208 49ba | 0000 008f | 3902 0000 | 4903 d24c | 8bd2 4833 | 54c8 1848 | f7c2 fcff 
  0x000002398753bb60: ffff 7433 | f6c2 0275 | 2e48 837c | c818 0074 | 2148 837c | c818 0174 | 1949 8bd2 | 4833 54c8 
  0x000002398753bb80: 1848 f7c2 | fcff ffff | 740d 4883 | 4cc8 1802 | eb05 4889 | 54c8 1848 | 83e9 0279 | 8548 8b43 
  0x000002398753bba0: 1048 85c0 | 7420 8b88 | cc00 0000 | 83c1 0289 | 88cc 0000 | 0023 88e0 | 0000 000f | 8496 0100 
  0x000002398753bbc0: 00e9 cf00 | 0000 488b | 4318 4885 | c00f 85b0 | 0000 00e8 | 0500 0000 | e999 0000 | 0048 8bd3 
  0x000002398753bbe0: 488d 4424 | 084c 896d | c049 8bcf | c5f8 7749 | 89af b003 | 0000 4989 | 87a0 0300 | 0048 83ec 
  0x000002398753bc00: 2040 f6c4 | 0f0f 8419 | 0000 0048 | 83ec 0848 | b8c0 dbc3 | c1fb 7f00 | 00ff d048 | 83c4 08e9 
  0x000002398753bc20: 0c00 0000 | 48b8 c0db | c3c1 fb7f | 0000 ffd0 | 4883 c420 | 49c7 87a0 | 0300 0000 | 0000 0049 
  0x000002398753bc40: c787 b003 | 0000 0000 | 0000 49c7 | 87a8 0300 | 0000 0000 | 00c5 f877 | 4983 7f08 | 000f 8405 
  0x000002398753bc60: 0000 00e9 | 9852 ffff | 4c8b 6dc0 | 4c8b 75c8 | 4e8d 74f5 | 00c3 488b | 4318 4885 | c00f 8412 
  0x000002398753bc80: 0000 008b | 4808 83c1 | 0289 4808 | 2348 1c0f | 84c2 0000 | 0049 3ba7 | e804 0000 | 0f87 4800 
  0x000002398753bca0: 0000 8984 | 2400 f0ff | ff89 8424 | 00e0 ffff | 8984 2400 | d0ff ff89 | 8424 00c0 | ffff 8984 
  0x000002398753bcc0: 2400 b0ff | ff89 8424 | 00a0 ffff | 8984 2400 | 90ff ff89 | 8424 0080 | ffff 493b | a7e0 0400 
  0x000002398753bce0: 0076 0749 | 89a7 e804 | 0000 41c6 | 8779 0400 | 0000 49ba | 066d 50c2 | fb7f 0000 | 4180 3a00 
  0x000002398753bd00: 0f84 3e00 | 0000 488b | 55e8 498b | cf48 83ec | 2040 f6c4 | 0f0f 8419 | 0000 0048 | 83ec 0848 
  0x000002398753bd20: b8e0 eaf9 | c1fb 7f00 | 00ff d048 | 83c4 08e9 | 0c00 0000 | 48b8 e0ea | f9c1 fb7f | 0000 ffd0 
  0x000002398753bd40: 4883 c420 | 410f b65d | 0049 ba50 | 3d53 c2fb | 7f00 0041 | ff24 daba | 0000 0000 | e805 0000 
  0x000002398753bd60: 00e9 9600 | 0000 488d | 4424 084c | 896d c049 | 8bcf c5f8 | 7749 89af | b003 0000 | 4989 87a0 
  0x000002398753bd80: 0300 0048 | 83ec 2040 | f6c4 0f0f | 8419 0000 | 0048 83ec | 0848 b880 | e6c3 c1fb | 7f00 00ff 
  0x000002398753bda0: d048 83c4 | 08e9 0c00 | 0000 48b8 | 80e6 c3c1 | fb7f 0000 | ffd0 4883 | c420 49c7 | 87a0 0300 
  0x000002398753bdc0: 0000 0000 | 0049 c787 | b003 0000 | 0000 0000 | 49c7 87a8 | 0300 0000 | 0000 00c5 | f877 4983 
  0x000002398753bde0: 7f08 000f | 8405 0000 | 00e9 1251 | ffff 4c8b | 6dc0 4c8b | 75c8 4e8d | 74f5 00c3 | 488b 5de8 
  0x000002398753be00: e990 feff | ff66 6690 
[/MachCode]

Compiled method (c1) 83837 2423   !   3       jdk.internal.reflect.DirectMethodHandleAccessor::invoke (92 bytes)
 total in heap  [0x000002398047e910,0x0000023980483308] = 18936
 relocation     [0x000002398047ea70,0x000002398047ee40] = 976
 main code      [0x000002398047ee40,0x0000023980481ba8] = 11624
 stub code      [0x0000023980481ba8,0x0000023980481cd8] = 304
 oops           [0x0000023980481cd8,0x0000023980481d10] = 56
 metadata       [0x0000023980481d10,0x0000023980481d88] = 120
 scopes data    [0x0000023980481d88,0x00000239804822f8] = 1392
 scopes pcs     [0x00000239804822f8,0x0000023980482958] = 1632
 dependencies   [0x0000023980482958,0x0000023980482960] = 8
 handler table  [0x0000023980482960,0x0000023980483230] = 2256
 nul chk table  [0x0000023980483230,0x0000023980483308] = 216

[Constant Pool (empty)]

[MachCode]
[Entry Point]
  # {method} {0x000002398f19cf00} 'invoke' '(Ljava/lang/Object;[Ljava/lang/Object;)Ljava/lang/Object;' in 'jdk/internal/reflect/DirectMethodHandleAccessor'
  # this:     rdx:rdx   = 'jdk/internal/reflect/DirectMethodHandleAccessor'
  # parm0:    r8:r8     = 'java/lang/Object'
  # parm1:    r9:r9     = '[Ljava/lang/Object;'
  #           [sp+0x180]  (sp of caller)
  0x000002398047ee40: 448b 5208 | 49bb 0000 | 008f 3902 | 0000 4d03 | d34c 3bd0 

  0x000002398047ee54: ;   {runtime_call ic_miss_stub}
  0x000002398047ee54: 0f85 26f9 | 0f07 660f | 1f44 0000 
[Verified Entry Point]
  0x000002398047ee60: 8984 2400 | 80ff ff55 | 4881 ec70 | 0100 0090 | 4181 7f20 | 0100 0000 

  0x000002398047ee78: ;   {runtime_call StubRoutines (final stubs)}
  0x000002398047ee78: 7405 e821 | 760e 0748 | 8994 24b0 | 0000 004c | 8984 24c0 | 0000 004c | 898c 24b8 

  0x000002398047ee94: ;   {metadata(method data for {method} {0x000002398f19cf00} 'invoke' '(Ljava/lang/Object;[Ljava/lang/Object;)Ljava/lang/Object;' in 'jdk/internal/reflect/DirectMethodHandleAccessor')}
  0x000002398047ee94: 0000 0048 | bed0 dc90 | f939 0200 | 008b becc | 0000 0083 | c702 89be | cc00 0000 | 81e7 fe07 
  0x000002398047eeb4: 0000 85ff | 0f84 2327 | 0000 488b 

  0x000002398047eec0: ;   {metadata(method data for {method} {0x000002398f19cf00} 'invoke' '(Ljava/lang/Object;[Ljava/lang/Object;)Ljava/lang/Object;' in 'jdk/internal/reflect/DirectMethodHandleAccessor')}
  0x000002398047eec0: f248 bfd0 | dc90 f939 | 0200 0048 | 8387 1001 

  0x000002398047eed0: ;   {metadata(method data for {method} {0x000002398f3c8780} 'isStatic' '()Z' in 'jdk/internal/reflect/DirectMethodHandleAccessor')}
  0x000002398047eed0: 0000 0148 | be08 e090 | f939 0200 | 008b becc | 0000 0083 | c702 89be | cc00 0000 | 81e7 feff 
  0x000002398047eef0: 1f00 85ff | 0f84 0827 | 0000 8b72 | 1081 e600 | 0200 0081 | fe00 0200 

  0x000002398047ef08: ;   {metadata(method data for {method} {0x000002398f3c8780} 'isStatic' '()Z' in 'jdk/internal/reflect/DirectMethodHandleAccessor')}
  0x000002398047ef08: 0048 be08 | e090 f939 | 0200 0048 | c7c7 1001 | 0000 7507 | 48c7 c720 | 0100 0048 | 8b1c 3e48 
  0x000002398047ef28: 8d5b 0148 | 891c 3e0f | 851a 0000 

  0x000002398047ef34: ;   {metadata(method data for {method} {0x000002398f3c8780} 'isStatic' '()Z' in 'jdk/internal/reflect/DirectMethodHandleAccessor')}
  0x000002398047ef34: 0048 be08 | e090 f939 | 0200 00ff | 8630 0100 | 00be 0100 | 0000 e905 | 0000 00be | 0000 0000 
  0x000002398047ef54: 83e6 0185 

  0x000002398047ef58: ;   {metadata(method data for {method} {0x000002398f19cf00} 'invoke' '(Ljava/lang/Object;[Ljava/lang/Object;)Ljava/lang/Object;' in 'jdk/internal/reflect/DirectMethodHandleAccessor')}
  0x000002398047ef58: f648 bed0 | dc90 f939 | 0200 0048 | c7c7 4801 | 0000 7507 | 48c7 c758 | 0100 0048 | 8b1c 3e48 
  0x000002398047ef78: 8d5b 0148 | 891c 3e0f | 85d5 0000 | 0048 8bf2 

  0x000002398047ef88: ;   {metadata(method data for {method} {0x000002398f19cf00} 'invoke' '(Ljava/lang/Object;[Ljava/lang/Object;)Ljava/lang/Object;' in 'jdk/internal/reflect/DirectMethodHandleAccessor')}
  0x000002398047ef88: 48bf d0dc | 90f9 3902 | 0000 4883 | 8768 0100 

  0x000002398047ef98: ;   {metadata(method data for {method} {0x000002398f3c86d0} 'checkReceiver' '(Ljava/lang/Object;)V' in 'jdk/internal/reflect/DirectMethodHandleAccessor')}
  0x000002398047ef98: 0001 48be | e873 32f9 | 3902 0000 | 8bbe cc00 | 0000 83c7 | 0289 becc | 0000 0081 | e7fe ff1f 
  0x000002398047efb8: 0085 ff0f | 8462 2600 | 008b 7214 

  0x000002398047efc4: ; implicit exception: dispatches to 0x0000023980481644
  0x000002398047efc4: 493b 0049 

  0x000002398047efc8: ;   {metadata(method data for {method} {0x000002398f3c86d0} 'checkReceiver' '(Ljava/lang/Object;)V' in 'jdk/internal/reflect/DirectMethodHandleAccessor')}
  0x000002398047efc8: 8bf8 48bb | e873 32f9 | 3902 0000 | 4883 8310 | 0100 0001 | 418b 7808 | 49ba 0000 | 008f 3902 
  0x000002398047efe8: 0000 4903 | fa48 8b7f | 7048 8b3f 

  0x000002398047eff4: ; implicit exception: dispatches to 0x0000023980481649
  0x000002398047eff4: 483b 0648 

  0x000002398047eff8: ;   {metadata(method data for {method} {0x000002398f3c86d0} 'checkReceiver' '(Ljava/lang/Object;)V' in 'jdk/internal/reflect/DirectMethodHandleAccessor')}
  0x000002398047eff8: 8bde 48b8 | e873 32f9 | 3902 0000 | 4883 8048 | 0100 0001 | 4c8b c748 | 8bd6 0f1f 

  0x000002398047f014: ;   {optimized virtual_call}
  0x000002398047f014: 4400 00e8 

  0x000002398047f018: ; ImmutableOopMap {[176]=Oop [184]=Oop [192]=Oop }
                      ;*invokevirtual isAssignableFrom {reexecute=0 rethrow=0 return_oop=0}
                      ; - jdk.internal.reflect.DirectMethodHandleAccessor::checkReceiver@8
                      ; - jdk.internal.reflect.DirectMethodHandleAccessor::invoke@9
  0x000002398047f018: 2453 6607 

  0x000002398047f01c: ;   {other}
  0x000002398047f01c: 0f1f 8400 | 0c07 0000 

  0x000002398047f024: ;   {metadata(method data for {method} {0x000002398f3c86d0} 'checkReceiver' '(Ljava/lang/Object;)V' in 'jdk/internal/reflect/DirectMethodHandleAccessor')}
  0x000002398047f024: 85c0 48ba | e873 32f9 | 3902 0000 | 49c7 c090 | 0100 0074 | 0749 c7c0 | 8001 0000 | 4a8b 3402 
  0x000002398047f044: 488d 7601 | 4a89 3402 | 0f84 2724 | 0000 488b | 9424 b000 | 0000 448b 

  0x000002398047f05c: ;   {metadata(method data for {method} {0x000002398f19cf00} 'invoke' '(Ljava/lang/Object;[Ljava/lang/Object;)Ljava/lang/Object;' in 'jdk/internal/reflect/DirectMethodHandleAccessor')}
  0x000002398047f05c: 420c 48be | d0dc 90f9 | 3902 0000 | 4883 86a0 | 0100 0001 | 498b d04c | 8b84 24b8 | 0000 000f 
  0x000002398047f07c: ;   {static_call}
  0x000002398047f07c: 1f40 00e8 

  0x000002398047f080: ; ImmutableOopMap {[176]=Oop [184]=Oop [192]=Oop }
                      ;*invokestatic checkArgumentCount {reexecute=0 rethrow=0 return_oop=0}
                      ; - jdk.internal.reflect.DirectMethodHandleAccessor::invoke@17
  0x000002398047f080: 7c4d 0000 

  0x000002398047f084: ;   {other}
  0x000002398047f084: 0f1f 8400 | 7407 0001 | 488b 9424 | b000 0000 

  0x000002398047f094: ;   {metadata(method data for {method} {0x000002398f19cf00} 'invoke' '(Ljava/lang/Object;[Ljava/lang/Object;)Ljava/lang/Object;' in 'jdk/internal/reflect/DirectMethodHandleAccessor')}
  0x000002398047f094: 488b f248 | bfd0 dc90 | f939 0200 | 0048 8387 | b001 0000 

  0x000002398047f0a8: ;   {metadata(method data for {method} {0x000002398f3c8518} 'invokeImpl' '(Ljava/lang/Object;[Ljava/lang/Object;)Ljava/lang/Object;' in 'jdk/internal/reflect/DirectMethodHandleAccessor')}
  0x000002398047f0a8: 0148 be60 | e490 f939 | 0200 008b | becc 0000 | 0083 c702 | 89be cc00 | 0000 81e7 | feff 1f00 
  0x000002398047f0c8: 85ff 0f84 | 7e25 0000 

  0x000002398047f0d0: ;   {metadata(method data for {method} {0x000002398f3c8518} 'invokeImpl' '(Ljava/lang/Object;[Ljava/lang/Object;)Ljava/lang/Object;' in 'jdk/internal/reflect/DirectMethodHandleAccessor')}
  0x000002398047f0d0: 8b72 0c48 | bf60 e490 | f939 0200 | 0048 c7c3 | 1801 0000 | 85f6 488b | c348 c7c3 | 2801 0000 
  0x000002398047f0f0: 480f 45d8 | 83fe 0148 | 8bc3 48c7 | c338 0100 | 0048 0f45 | d883 fe02 | 488b c348 | c7c3 4801 
  0x000002398047f110: 0000 480f | 45d8 83fe | 0348 8bc3 | 48c7 c358 | 0100 0048 | 0f45 d848 | 8b04 1f49 | c7c2 0100 
  0x000002398047f130: 0000 4903 | c248 8904 | 1f85 f60f | 84f9 1900 | 0083 fe01 | 0f84 9813 | 0000 83fe | 020f 8407 
  0x000002398047f150: 0d00 0083 | fe03 0f84 | 3606 0000 | 4c8b 8424 | c000 0000 | 8b72 1848 | 89b4 24c8 

  0x000002398047f16c: ;   {metadata(method data for {method} {0x000002398f3c8518} 'invokeImpl' '(Ljava/lang/Object;[Ljava/lang/Object;)Ljava/lang/Object;' in 'jdk/internal/reflect/DirectMethodHandleAccessor')}
  0x000002398047f16c: 0000 0048 | bf60 e490 | f939 0200 | 0048 8dbf | 9803 0000 | 4d85 c075 | 0ef6 4708 | 0175 53f0 
  0x000002398047f18c: 4883 4f08 | 01eb 4b41 | 8b58 0849 | ba00 0000 | 8f39 0200 | 0049 03da | 4c8b d348 | 335f 0848 
  0x000002398047f1ac: f7c3 fcff | ffff 742a | f6c3 0275 | 2548 f747 | 08fe ffff | ff74 1749 | 8bda 4833 | 5f08 48f7 
  0x000002398047f1cc: c3fc ffff | ff74 0b48 | 834f 0802 | eb04 4889 

  0x000002398047f1dc: ;   {metadata(method data for {method} {0x000002398f0ae518} 'invokeExact_MT' '(Ljava/lang/Object;Ljava/lang/Object;Ljava/lang/Object;Ljava/lang/Object;)Ljava/lang/Object;' in 'java/lang/invoke/Invokers$Holder')}
  0x000002398047f1dc: 5f08 48bf | 78e8 90f9 | 3902 0000 | 488d bfb8 | 0200 0048 | 85f6 750c | f607 0175 | 4cf0 4883 
  0x000002398047f1fc: 0f01 eb45 | 8b5e 0849 | ba00 0000 | 8f39 0200 | 0049 03da | 4c8b d348 | 331f 48f7 | c3fc ffff 
  0x000002398047f21c: ff74 26f6 | c302 7521 | 48f7 07fe | ffff ff74 | 1549 8bda | 4833 1f48 | f7c3 fcff | ffff 7409 
  0x000002398047f23c: 4883 0f02 | eb03 4889 | 1f4d 85c0 | 750e f647 | 1001 7553 | f048 834f | 1001 eb4b | 418b 5808 
  0x000002398047f25c: 49ba 0000 | 008f 3902 | 0000 4903 | da4c 8bd3 | 4833 5f10 | 48f7 c3fc | ffff ff74 | 2af6 c302 
  0x000002398047f27c: 7525 48f7 | 4710 feff | ffff 7417 | 498b da48 | 335f 1048 | f7c3 fcff | ffff 740b | 4883 4f10 
  0x000002398047f29c: 02eb 0448 

  0x000002398047f2a0: ;   {metadata(method data for {method} {0x000002398f3c8518} 'invokeImpl' '(Ljava/lang/Object;[Ljava/lang/Object;)Ljava/lang/Object;' in 'jdk/internal/reflect/DirectMethodHandleAccessor')}
  0x000002398047f2a0: 895f 1048 | bf60 e490 | f939 0200 | 0048 8387 | 6003 0000 

  0x000002398047f2b4: ;   {metadata(method data for {method} {0x000002398f0ae518} 'invokeExact_MT' '(Ljava/lang/Object;Ljava/lang/Object;Ljava/lang/Object;Ljava/lang/Object;)Ljava/lang/Object;' in 'java/lang/invoke/Invokers$Holder')}
  0x000002398047f2b4: 0148 bf78 | e890 f939 | 0200 008b | 9fcc 0000 | 0083 c302 | 899f cc00 | 0000 81e3 | feff 1f00 
  0x000002398047f2d4: 85db 0f84 | 9323 0000 

  0x000002398047f2dc: ;   {metadata(method data for {method} {0x000002398f0ae518} 'invokeExact_MT' '(Ljava/lang/Object;Ljava/lang/Object;Ljava/lang/Object;Ljava/lang/Object;)Ljava/lang/Object;' in 'java/lang/invoke/Invokers$Holder')}
  0x000002398047f2dc: 48bf 78e8 | 90f9 3902 | 0000 488d | bf90 0100 | 0048 85f6 | 750e f647 | 0801 7552 | f048 834f 
  0x000002398047f2fc: 0801 eb4a | 8b5e 0849 | ba00 0000 | 8f39 0200 | 0049 03da | 4c8b d348 | 335f 0848 | f7c3 fcff 
  0x000002398047f31c: ffff 742a | f6c3 0275 | 2548 f747 | 08fe ffff | ff74 1749 | 8bda 4833 | 5f08 48f7 | c3fc ffff 
  0x000002398047f33c: ff74 0b48 | 834f 0802 | eb04 4889 

  0x000002398047f348: ;   {oop(a 'java/lang/invoke/MethodType'{0x00000000ede9e808} = (Ljava/lang/Object;[Ljava/lang/Object;)Ljava/lang/Object;)}
  0x000002398047f348: 5f08 48bb | 08e8 e9ed | 0000 0000 | 4885 db75 | 0cf6 4718 | 0175 06f0 | 4883 4f18 

  0x000002398047f364: ;   {metadata(method data for {method} {0x000002398f0ae518} 'invokeExact_MT' '(Ljava/lang/Object;Ljava/lang/Object;Ljava/lang/Object;Ljava/lang/Object;)Ljava/lang/Object;' in 'java/lang/invoke/Invokers$Holder')}
  0x000002398047f364: 0148 bf78 | e890 f939 | 0200 0048 | 8387 8001 

  0x000002398047f374: ;   {metadata(method data for {method} {0x000002398f3dc408} 'checkExactType' '(Ljava/lang/invoke/MethodHandle;Ljava/lang/invoke/MethodType;)V' in 'java/lang/invoke/Invokers')}
  0x000002398047f374: 0000 0148 | bfa8 ae19 | f939 0200 | 008b 87cc | 0000 0083 | c002 8987 | cc00 0000 | 25fe ff1f 
  0x000002398047f394: 0085 c00f | 84f3 2200 | 0048 3b06 

  0x000002398047f3a0: ;   {metadata(method data for {method} {0x000002398f3dc408} 'checkExactType' '(Ljava/lang/invoke/MethodHandle;Ljava/lang/invoke/MethodType;)V' in 'java/lang/invoke/Invokers')}
  0x000002398047f3a0: 488b fe48 | b8a8 ae19 | f939 0200 | 008b 7f08 | 49ba 0000 | 008f 3902 | 0000 4903 | fa48 3bb8 
  0x000002398047f3c0: 2001 0000 | 750d 4883 | 8028 0100 | 0001 e960 | 0000 0048 | 3bb8 3001 | 0000 750d | 4883 8038 
  0x000002398047f3e0: 0100 0001 | e94a 0000 | 0048 83b8 | 2001 0000 | 0075 1748 | 89b8 2001 | 0000 48c7 | 8028 0100 
  0x000002398047f400: 0001 0000 | 00e9 2900 | 0000 4883 | b830 0100 | 0000 7517 | 4889 b830 | 0100 0048 | c780 3801 
  0x000002398047f420: 0000 0100 | 0000 e908 | 0000 0048 | 8380 1001 | 0000 018b | 7e10 483b 

  0x000002398047f438: ;   {metadata(method data for {method} {0x000002398f3dc408} 'checkExactType' '(Ljava/lang/invoke/MethodHandle;Ljava/lang/invoke/MethodType;)V' in 'java/lang/invoke/Invokers')}
  0x000002398047f438: fb48 bba8 | ae19 f939 | 0200 0048 | c7c0 5801 | 0000 7507 | 48c7 c048 | 0100 0048 | 8b0c 0348 
  0x000002398047f458: 8d49 0148 | 890c 030f | 85b2 1b00 

  0x000002398047f464: ;   {metadata(method data for {method} {0x000002398f0ae518} 'invokeExact_MT' '(Ljava/lang/Object;Ljava/lang/Object;Ljava/lang/Object;Ljava/lang/Object;)Ljava/lang/Object;' in 'java/lang/invoke/Invokers$Holder')}
  0x000002398047f464: 0048 bf78 | e890 f939 | 0200 0048 | 8dbf c801 | 0000 8b5e | 0849 ba00 | 0000 8f39 | 0200 0049 
  0x000002398047f484: 03da 4c8b | d348 335f | 0848 f7c3 | fcff ffff | 742a f6c3 | 0275 2548 | f747 08fe | ffff ff74 
  0x000002398047f4a4: 1749 8bda | 4833 5f08 | 48f7 c3fc | ffff ff74 | 0b48 834f | 0802 eb04 | 4889 5f08 

  0x000002398047f4c0: ;   {metadata(method data for {method} {0x000002398f0ae518} 'invokeExact_MT' '(Ljava/lang/Object;Ljava/lang/Object;Ljava/lang/Object;Ljava/lang/Object;)Ljava/lang/Object;' in 'java/lang/invoke/Invokers$Holder')}
  0x000002398047f4c0: 48bf 78e8 | 90f9 3902 | 0000 4883 | 87b8 0100 

  0x000002398047f4d0: ;   {metadata(method data for {method} {0x000002398f3dc300} 'checkCustomized' '(Ljava/lang/invoke/MethodHandle;)V' in 'java/lang/invoke/Invokers')}
  0x000002398047f4d0: 0001 48bf | c88b 19f9 | 3902 0000 | 8b9f cc00 | 0000 83c3 | 0289 9fcc | 0000 0081 | e3fe ff1f 
  0x000002398047f4f0: 0085 db0f | 84bd 2100 

  0x000002398047f4f8: ;   {metadata(method data for {method} {0x000002398f3dc300} 'checkCustomized' '(Ljava/lang/invoke/MethodHandle;)V' in 'java/lang/invoke/Invokers')}
  0x000002398047f4f8: 0048 bfc8 | 8b19 f939 | 0200 0048 | 8387 1001 

  0x000002398047f508: ;   {metadata(method data for {method} {0x000002398f0944d8} 'isCompileConstant' '(Ljava/lang/Object;)Z' in 'java/lang/invoke/MethodHandleImpl')}
  0x000002398047f508: 0000 0148 | bf78 8d19 | f939 0200 | 008b 9fcc | 0000 0083 | c302 899f | cc00 0000 | 81e3 feff 
  0x000002398047f528: 1f00 85db | 0f84 a521 

  0x000002398047f530: ;   {metadata(method data for {method} {0x000002398f3dc300} 'checkCustomized' '(Ljava/lang/invoke/MethodHandle;)V' in 'java/lang/invoke/Invokers')}
  0x000002398047f530: 0000 48bf | c88b 19f9 | 3902 0000 | ff87 2001 | 0000 8b7e | 148b 7f1c 

  0x000002398047f548: ;   {metadata(method data for {method} {0x000002398f3dc300} 'checkCustomized' '(Ljava/lang/invoke/MethodHandle;)V' in 'java/lang/invoke/Invokers')}
  0x000002398047f548: 4885 ff48 | bfc8 8b19 | f939 0200 | 0048 c7c3 | 4001 0000 | 7507 48c7 | c350 0100 | 0048 8b04 
  0x000002398047f568: 1f48 8d40 | 0148 8904 | 1f0f 8525 

  0x000002398047f574: ;   {metadata(method data for {method} {0x000002398f3dc300} 'checkCustomized' '(Ljava/lang/invoke/MethodHandle;)V' in 'java/lang/invoke/Invokers')}
  0x000002398047f574: 0000 0048 | bfc8 8b19 | f939 0200 | 0048 8387 | 6001 0000 | 0148 8bd6 

  0x000002398047f58c: ;   {static_call}
  0x000002398047f58c: 6666 90e8 

  0x000002398047f590: ; ImmutableOopMap {[176]=Oop [184]=Oop [192]=Oop [200]=Oop }
                      ;*invokestatic maybeCustomize {reexecute=0 rethrow=0 return_oop=0}
                      ; - java.lang.invoke.Invokers::checkCustomized@19
                      ; - java.lang.invoke.Invokers$Holder::invokeExact_MT@14
                      ; - jdk.internal.reflect.DirectMethodHandleAccessor::invokeImpl@104
                      ; - jdk.internal.reflect.DirectMethodHandleAccessor::invoke@23
  0x000002398047f590: ac34 d6ff 

  0x000002398047f594: ;   {other}
  0x000002398047f594: 0f1f 8400 | 840c 0002 | 4c8b 8c24 | b800 0000 | 4c8b 8424 | c000 0000 

  0x000002398047f5ac: ;   {metadata(method data for {method} {0x000002398f0ae518} 'invokeExact_MT' '(Ljava/lang/Object;Ljava/lang/Object;Ljava/lang/Object;Ljava/lang/Object;)Ljava/lang/Object;' in 'java/lang/invoke/Invokers$Holder')}
  0x000002398047f5ac: 48ba 78e8 | 90f9 3902 | 0000 488d | 9218 0200 | 004d 85c0 | 750e f642 | 0801 7554 | f048 834a 
  0x000002398047f5cc: 0801 eb4c | 418b 7008 | 49ba 0000 | 008f 3902 | 0000 4903 | f24c 8bd6 | 4833 7208 | 48f7 c6fc 
  0x000002398047f5ec: ffff ff74 | 2b40 f6c6 | 0275 2548 | f742 08fe | ffff ff74 | 1749 8bf2 | 4833 7208 | 48f7 c6fc 
  0x000002398047f60c: ffff ff74 | 0b48 834a | 0802 eb04 | 4889 7208 | 4d85 c975 | 0ef6 4218 | 0175 54f0 | 4883 4a18 
  0x000002398047f62c: 01eb 4c41 | 8b71 0849 | ba00 0000 | 8f39 0200 | 0049 03f2 | 4c8b d648 | 3372 1848 | f7c6 fcff 
  0x000002398047f64c: ffff 742b | 40f6 c602 | 7525 48f7 | 4218 feff | ffff 7417 | 498b f248 | 3372 1848 | f7c6 fcff 
  0x000002398047f66c: ffff 740b | 4883 4a18 | 02eb 0448 | 8972 1848 | 8bb4 24c8 

  0x000002398047f680: ;   {metadata(method data for {method} {0x000002398f0ae518} 'invokeExact_MT' '(Ljava/lang/Object;Ljava/lang/Object;Ljava/lang/Object;Ljava/lang/Object;)Ljava/lang/Object;' in 'java/lang/invoke/Invokers$Holder')}
  0x000002398047f680: 0000 0048 | ba78 e890 | f939 0200 | 0048 8382 | e001 0000 | 0148 8b94 | 24c8 0000 

  0x000002398047f69c: ;   {optimized virtual_call}
  0x000002398047f69c: 0066 90e8 

  0x000002398047f6a0: ; ImmutableOopMap {[176]=Oop }
                      ;*invokevirtual invokeBasic {reexecute=0 rethrow=0 return_oop=0}
                      ; - java.lang.invoke.Invokers$Holder::invokeExact_MT@20
                      ; - jdk.internal.reflect.DirectMethodHandleAccessor::invokeImpl@104
                      ; - jdk.internal.reflect.DirectMethodHandleAccessor::invoke@23
  0x000002398047f6a0: dc33 6607 

  0x000002398047f6a4: ;   {other}
  0x000002398047f6a4: 0f1f 8400 | 940d 0003 

  0x000002398047f6ac: ;   {metadata(method data for {method} {0x000002398f0ae518} 'invokeExact_MT' '(Ljava/lang/Object;Ljava/lang/Object;Ljava/lang/Object;Ljava/lang/Object;)Ljava/lang/Object;' in 'java/lang/invoke/Invokers$Holder')}
  0x000002398047f6ac: 48ba 78e8 | 90f9 3902 | 0000 488d | 9238 0200 | 0048 85c0 | 750c f602 | 0175 4df0 | 4883 0a01 
  0x000002398047f6cc: eb46 8b70 | 0849 ba00 | 0000 8f39 | 0200 0049 | 03f2 4c8b | d648 3332 | 48f7 c6fc | ffff ff74 
  0x000002398047f6ec: 2740 f6c6 | 0275 2148 | f702 feff | ffff 7415 | 498b f248 | 3332 48f7 | c6fc ffff | ff74 0948 
  0x000002398047f70c: 830a 02eb | 0348 8932 

  0x000002398047f714: ;   {metadata(method data for {method} {0x000002398f3c8518} 'invokeImpl' '(Ljava/lang/Object;[Ljava/lang/Object;)Ljava/lang/Object;' in 'jdk/internal/reflect/DirectMethodHandleAccessor')}
  0x000002398047f714: 48ba 60e4 | 90f9 3902 | 0000 488d | 92b8 0300 | 0048 85c0 | 750c f602 | 0175 4df0 | 4883 0a01 
  0x000002398047f734: eb46 8b70 | 0849 ba00 | 0000 8f39 | 0200 0049 | 03f2 4c8b | d648 3332 | 48f7 c6fc | ffff ff74 
  0x000002398047f754: 2740 f6c6 | 0275 2148 | f702 feff | ffff 7415 | 498b f248 | 3332 48f7 | c6fc ffff | ff74 0948 
  0x000002398047f774: 830a 02eb | 0348 8932 | 4881 c470 | 0100 005d 

  0x000002398047f784: ;   {poll_return}
  0x000002398047f784: 493b a750 | 0400 000f | 876c 1f00 | 00c3 4c8b | 8c24 b800 | 0000 4c8b | 8424 c000 | 0000 8b72 
  0x000002398047f7a4: 1848 89b4 | 24d8 0000 | 0041 8379 | 0c00 0f86 | 651f 0000 | 418b 7910 | 4889 bc24 | d000 0000 
  0x000002398047f7c4: 4183 790c | 010f 8660 | 1f00 0041 | 8b59 1448 | 899c 24e0 | 0000 0041 | 8379 0c02 | 0f86 5b1f 
  0x000002398047f7e4: 0000 418b | 4118 4889 | 8424 e800 

  0x000002398047f7f0: ;   {metadata(method data for {method} {0x000002398f3c8518} 'invokeImpl' '(Ljava/lang/Object;[Ljava/lang/Object;)Ljava/lang/Object;' in 'jdk/internal/reflect/DirectMethodHandleAccessor')}
  0x000002398047f7f0: 0000 48b9 | 60e4 90f9 | 3902 0000 | 488d 8918 | 0300 004d | 85c0 750e | f641 0801 | 7554 f048 
  0x000002398047f810: 8349 0801 | eb4c 458b | 4808 49ba | 0000 008f | 3902 0000 | 4d03 ca4d | 8bd1 4c33 | 4908 49f7 
  0x000002398047f830: c1fc ffff | ff74 2b41 | f6c1 0275 | 2548 f741 | 08fe ffff | ff74 174d | 8bca 4c33 | 4908 49f7 
  0x000002398047f850: c1fc ffff | ff74 0b48 | 8349 0802 | eb04 4c89 

  0x000002398047f860: ;   {metadata(method data for {method} {0x00000239f97102b8} 'invokeExact_MT' '(Ljava/lang/Object;Ljava/lang/Object;Ljava/lang/Object;Ljava/lang/Object;Ljava/lang/Object;Ljava/lang/Object;)Ljava/lang/Object;' in 'java/lang/invoke/LambdaForm$MH+0x00000239900ef000')}
  0x000002398047f860: 4908 48b9 | 1805 71f9 | 3902 0000 | 488d 89c8 | 0200 0048 | 85f6 750c | f601 0175 | 4ef0 4883 
  0x000002398047f880: 0901 eb47 | 448b 4e08 | 49ba 0000 | 008f 3902 | 0000 4d03 | ca4d 8bd1 | 4c33 0949 | f7c1 fcff 
  0x000002398047f8a0: ffff 7427 | 41f6 c102 | 7521 48f7 | 01fe ffff | ff74 154d | 8bca 4c33 | 0949 f7c1 | fcff ffff 
  0x000002398047f8c0: 7409 4883 | 0902 eb03 | 4c89 094d | 85c0 750e | f641 1001 | 7554 f048 | 8349 1001 | eb4c 458b 
  0x000002398047f8e0: 4808 49ba | 0000 008f | 3902 0000 | 4d03 ca4d | 8bd1 4c33 | 4910 49f7 | c1fc ffff | ff74 2b41 
  0x000002398047f900: f6c1 0275 | 2548 f741 | 10fe ffff | ff74 174d | 8bca 4c33 | 4910 49f7 | c1fc ffff | ff74 0b48 
  0x000002398047f920: 8349 1002 | eb04 4c89 

  0x000002398047f928: ;   {metadata(method data for {method} {0x000002398f3c8518} 'invokeImpl' '(Ljava/lang/Object;[Ljava/lang/Object;)Ljava/lang/Object;' in 'jdk/internal/reflect/DirectMethodHandleAccessor')}
  0x000002398047f928: 4910 48b9 | 60e4 90f9 | 3902 0000 | 4883 81e0 | 0200 0001 

  0x000002398047f93c: ;   {metadata(method data for {method} {0x00000239f97102b8} 'invokeExact_MT' '(Ljava/lang/Object;Ljava/lang/Object;Ljava/lang/Object;Ljava/lang/Object;Ljava/lang/Object;Ljava/lang/Object;)Ljava/lang/Object;' in 'java/lang/invoke/LambdaForm$MH+0x00000239900ef000')}
  0x000002398047f93c: 48b9 1805 | 71f9 3902 | 0000 448b | 89cc 0000 | 0041 83c1 | 0244 8989 | cc00 0000 | 4181 e1fe 
  0x000002398047f95c: ff1f 0045 | 85c9 0f84 | eb1d 0000 

  0x000002398047f968: ;   {metadata(method data for {method} {0x00000239f97102b8} 'invokeExact_MT' '(Ljava/lang/Object;Ljava/lang/Object;Ljava/lang/Object;Ljava/lang/Object;Ljava/lang/Object;Ljava/lang/Object;)Ljava/lang/Object;' in 'java/lang/invoke/LambdaForm$MH+0x00000239900ef000')}
  0x000002398047f968: 48b9 1805 | 71f9 3902 | 0000 488d | 8990 0100 | 0048 85f6 | 750e f641 | 0801 7554 | f048 8349 
  0x000002398047f988: 0801 eb4c | 448b 4e08 | 49ba 0000 | 008f 3902 | 0000 4d03 | ca4d 8bd1 | 4c33 4908 | 49f7 c1fc 
  0x000002398047f9a8: ffff ff74 | 2b41 f6c1 | 0275 2548 | f741 08fe | ffff ff74 | 174d 8bca | 4c33 4908 | 49f7 c1fc 
  0x000002398047f9c8: ffff ff74 | 0b48 8349 | 0802 eb04 | 4c89 4908 

  0x000002398047f9d8: ;   {oop(a 'java/lang/invoke/MethodType'{0x00000000e07e0bc8} = (Ljava/lang/Object;Ljava/lang/Object;Ljava/lang/Object;Ljava/lang/Object;)Ljava/lang/Object;)}
  0x000002398047f9d8: 49b9 c80b | 7ee0 0000 | 0000 4d85 | c975 0cf6 | 4118 0175 | 06f0 4883 

  0x000002398047f9f0: ;   {metadata(method data for {method} {0x00000239f97102b8} 'invokeExact_MT' '(Ljava/lang/Object;Ljava/lang/Object;Ljava/lang/Object;Ljava/lang/Object;Ljava/lang/Object;Ljava/lang/Object;)Ljava/lang/Object;' in 'java/lang/invoke/LambdaForm$MH+0x00000239900ef000')}
  0x000002398047f9f0: 4918 0148 | b918 0571 | f939 0200 | 0048 8381 | 8001 0000 

  0x000002398047fa04: ;   {metadata(method data for {method} {0x000002398f3dc408} 'checkExactType' '(Ljava/lang/invoke/MethodHandle;Ljava/lang/invoke/MethodType;)V' in 'java/lang/invoke/Invokers')}
  0x000002398047fa04: 0148 b9a8 | ae19 f939 | 0200 0044 | 8b99 cc00 | 0000 4183 | c302 4489 | 99cc 0000 | 0041 81e3 
  0x000002398047fa24: feff 1f00 | 4585 db0f | 8443 1d00 | 0048 3b06 

  0x000002398047fa34: ;   {metadata(method data for {method} {0x000002398f3dc408} 'checkExactType' '(Ljava/lang/invoke/MethodHandle;Ljava/lang/invoke/MethodType;)V' in 'java/lang/invoke/Invokers')}
  0x000002398047fa34: 488b ce49 | bba8 ae19 | f939 0200 | 008b 4908 | 49ba 0000 | 008f 3902 | 0000 4903 | ca49 3b8b 
  0x000002398047fa54: 2001 0000 | 750d 4983 | 8328 0100 | 0001 e960 | 0000 0049 | 3b8b 3001 | 0000 750d | 4983 8338 
  0x000002398047fa74: 0100 0001 | e94a 0000 | 0049 83bb | 2001 0000 | 0075 1749 | 898b 2001 | 0000 49c7 | 8328 0100 
  0x000002398047fa94: 0001 0000 | 00e9 2900 | 0000 4983 | bb30 0100 | 0000 7517 | 4989 8b30 | 0100 0049 | c783 3801 
  0x000002398047fab4: 0000 0100 | 0000 e908 | 0000 0049 | 8383 1001 | 0000 018b | 4e10 493b 

  0x000002398047facc: ;   {metadata(method data for {method} {0x000002398f3dc408} 'checkExactType' '(Ljava/lang/invoke/MethodHandle;Ljava/lang/invoke/MethodType;)V' in 'java/lang/invoke/Invokers')}
  0x000002398047facc: c949 b9a8 | ae19 f939 | 0200 0049 | c7c3 5801 | 0000 7507 | 49c7 c348 | 0100 004f | 8b2c 194d 
  0x000002398047faec: 8d6d 014f | 892c 190f | 85de 1400 

  0x000002398047faf8: ;   {metadata(method data for {method} {0x00000239f97102b8} 'invokeExact_MT' '(Ljava/lang/Object;Ljava/lang/Object;Ljava/lang/Object;Ljava/lang/Object;Ljava/lang/Object;Ljava/lang/Object;)Ljava/lang/Object;' in 'java/lang/invoke/LambdaForm$MH+0x00000239900ef000')}
  0x000002398047faf8: 0048 b918 | 0571 f939 | 0200 0048 | 8d89 c801 | 0000 448b | 4e08 49ba | 0000 008f | 3902 0000 
  0x000002398047fb18: 4d03 ca4d | 8bd1 4c33 | 4908 49f7 | c1fc ffff | ff74 2b41 | f6c1 0275 | 2548 f741 | 08fe ffff 
  0x000002398047fb38: ff74 174d | 8bca 4c33 | 4908 49f7 | c1fc ffff | ff74 0b48 | 8349 0802 | eb04 4c89 

  0x000002398047fb54: ;   {metadata(method data for {method} {0x00000239f97102b8} 'invokeExact_MT' '(Ljava/lang/Object;Ljava/lang/Object;Ljava/lang/Object;Ljava/lang/Object;Ljava/lang/Object;Ljava/lang/Object;)Ljava/lang/Object;' in 'java/lang/invoke/LambdaForm$MH+0x00000239900ef000')}
  0x000002398047fb54: 4908 48b9 | 1805 71f9 | 3902 0000 | 4883 81b8 | 0100 0001 

  0x000002398047fb68: ;   {metadata(method data for {method} {0x000002398f3dc300} 'checkCustomized' '(Ljava/lang/invoke/MethodHandle;)V' in 'java/lang/invoke/Invokers')}
  0x000002398047fb68: 48b9 c88b | 19f9 3902 | 0000 448b | 89cc 0000 | 0041 83c1 | 0244 8989 | cc00 0000 | 4181 e1fe 
  0x000002398047fb88: ff1f 0045 | 85c9 0f84 | 061c 0000 

  0x000002398047fb94: ;   {metadata(method data for {method} {0x000002398f3dc300} 'checkCustomized' '(Ljava/lang/invoke/MethodHandle;)V' in 'java/lang/invoke/Invokers')}
  0x000002398047fb94: 48b9 c88b | 19f9 3902 | 0000 4883 | 8110 0100 

  0x000002398047fba4: ;   {metadata(method data for {method} {0x000002398f0944d8} 'isCompileConstant' '(Ljava/lang/Object;)Z' in 'java/lang/invoke/MethodHandleImpl')}
  0x000002398047fba4: 0001 48b9 | 788d 19f9 | 3902 0000 | 448b 89cc | 0000 0041 | 83c1 0244 | 8989 cc00 | 0000 4181 
  0x000002398047fbc4: e1fe ff1f | 0045 85c9 | 0f84 e91b 

  0x000002398047fbd0: ;   {metadata(method data for {method} {0x000002398f3dc300} 'checkCustomized' '(Ljava/lang/invoke/MethodHandle;)V' in 'java/lang/invoke/Invokers')}
  0x000002398047fbd0: 0000 48b9 | c88b 19f9 | 3902 0000 | ff81 2001 | 0000 8b4e | 148b 491c 

  0x000002398047fbe8: ;   {metadata(method data for {method} {0x000002398f3dc300} 'checkCustomized' '(Ljava/lang/invoke/MethodHandle;)V' in 'java/lang/invoke/Invokers')}
  0x000002398047fbe8: 4885 c948 | b9c8 8b19 | f939 0200 | 0049 c7c1 | 4001 0000 | 7507 49c7 | c150 0100 | 004e 8b1c 
  0x000002398047fc08: 094d 8d5b | 014e 891c | 090f 8525 

  0x000002398047fc14: ;   {metadata(method data for {method} {0x000002398f3dc300} 'checkCustomized' '(Ljava/lang/invoke/MethodHandle;)V' in 'java/lang/invoke/Invokers')}
  0x000002398047fc14: 0000 0048 | b9c8 8b19 | f939 0200 | 0048 8381 | 6001 0000 | 0148 8bd6 

  0x000002398047fc2c: ;   {static_call}
  0x000002398047fc2c: 6666 90e8 

  0x000002398047fc30: ; ImmutableOopMap {[176]=Oop [192]=Oop [208]=Oop [216]=Oop [224]=Oop [232]=Oop }
                      ;*invokestatic maybeCustomize {reexecute=0 rethrow=0 return_oop=0}
                      ; - java.lang.invoke.Invokers::checkCustomized@19
                      ; - java.lang.invoke.LambdaForm$MH/0x00000239900ef000::invokeExact_MT@15
                      ; - jdk.internal.reflect.DirectMethodHandleAccessor::invokeImpl@92
                      ; - jdk.internal.reflect.DirectMethodHandleAccessor::invoke@23
  0x000002398047fc30: 0c2e d6ff 

  0x000002398047fc34: ;   {other}
  0x000002398047fc34: 0f1f 8400 | 2413 0004 | 488b bc24 | d000 0000 | 4c8b 8424 | c000 0000 

  0x000002398047fc4c: ;   {metadata(method data for {method} {0x00000239f97102b8} 'invokeExact_MT' '(Ljava/lang/Object;Ljava/lang/Object;Ljava/lang/Object;Ljava/lang/Object;Ljava/lang/Object;Ljava/lang/Object;)Ljava/lang/Object;' in 'java/lang/invoke/LambdaForm$MH+0x00000239900ef000')}
  0x000002398047fc4c: 49b9 1805 | 71f9 3902 | 0000 4d8d | 8918 0200 | 004d 85c0 | 750f 41f6 | 4108 0175 | 54f0 4983 
  0x000002398047fc6c: 4908 01eb | 4c41 8b70 | 0849 ba00 | 0000 8f39 | 0200 0049 | 03f2 4c8b | d649 3371 | 0848 f7c6 
  0x000002398047fc8c: fcff ffff | 742b 40f6 | c602 7525 | 49f7 4108 | feff ffff | 7417 498b | f249 3371 | 0848 f7c6 
  0x000002398047fcac: fcff ffff | 740b 4983 | 4908 02eb | 0449 8971 | 0848 85ff | 750f 41f6 | 4118 0175 | 53f0 4983 
  0x000002398047fccc: 4918 01eb | 4b8b 7708 | 49ba 0000 | 008f 3902 | 0000 4903 | f24c 8bd6 | 4933 7118 | 48f7 c6fc 
  0x000002398047fcec: ffff ff74 | 2b40 f6c6 | 0275 2549 | f741 18fe | ffff ff74 | 1749 8bf2 | 4933 7118 | 48f7 c6fc 
  0x000002398047fd0c: ffff ff74 | 0b49 8349 | 1802 eb04 | 4989 7118 | 488b b424 | d800 0000 

  0x000002398047fd24: ;   {metadata(method data for {method} {0x00000239f97102b8} 'invokeExact_MT' '(Ljava/lang/Object;Ljava/lang/Object;Ljava/lang/Object;Ljava/lang/Object;Ljava/lang/Object;Ljava/lang/Object;)Ljava/lang/Object;' in 'java/lang/invoke/LambdaForm$MH+0x00000239900ef000')}
  0x000002398047fd24: 49b9 1805 | 71f9 3902 | 0000 4983 | 81e0 0100 | 0001 4c8b | cf48 8bbc | 24e0 0000 | 0048 8bb4 
  0x000002398047fd44: 24e8 0000 | 0048 8b94 | 24d8 0000 | 0066 0f1f 

  0x000002398047fd54: ;   {optimized virtual_call}
  0x000002398047fd54: 4400 00e8 

  0x000002398047fd58: ; ImmutableOopMap {[176]=Oop }
                      ;*invokevirtual invokeBasic {reexecute=0 rethrow=0 return_oop=0}
                      ; - java.lang.invoke.LambdaForm$MH/0x00000239900ef000::invokeExact_MT@24
                      ; - jdk.internal.reflect.DirectMethodHandleAccessor::invokeImpl@92
                      ; - jdk.internal.reflect.DirectMethodHandleAccessor::invoke@23
  0x000002398047fd58: a43b 6607 

  0x000002398047fd5c: ;   {other}
  0x000002398047fd5c: 0f1f 8400 | 4c14 0005 

  0x000002398047fd64: ;   {metadata(method data for {method} {0x00000239f97102b8} 'invokeExact_MT' '(Ljava/lang/Object;Ljava/lang/Object;Ljava/lang/Object;Ljava/lang/Object;Ljava/lang/Object;Ljava/lang/Object;)Ljava/lang/Object;' in 'java/lang/invoke/LambdaForm$MH+0x00000239900ef000')}
  0x000002398047fd64: 48ba 1805 | 71f9 3902 | 0000 488d | 9238 0200 | 0048 85c0 | 750c f602 | 0175 4df0 | 4883 0a01 
  0x000002398047fd84: eb46 8b70 | 0849 ba00 | 0000 8f39 | 0200 0049 | 03f2 4c8b | d648 3332 | 48f7 c6fc | ffff ff74 
  0x000002398047fda4: 2740 f6c6 | 0275 2148 | f702 feff | ffff 7415 | 498b f248 | 3332 48f7 | c6fc ffff | ff74 0948 
  0x000002398047fdc4: 830a 02eb | 0348 8932 

  0x000002398047fdcc: ;   {metadata(method data for {method} {0x000002398f3c8518} 'invokeImpl' '(Ljava/lang/Object;[Ljava/lang/Object;)Ljava/lang/Object;' in 'jdk/internal/reflect/DirectMethodHandleAccessor')}
  0x000002398047fdcc: 48ba 60e4 | 90f9 3902 | 0000 488d | 9238 0300 | 0048 85c0 | 750c f602 | 0175 4df0 | 4883 0a01 
  0x000002398047fdec: eb46 8b70 | 0849 ba00 | 0000 8f39 | 0200 0049 | 03f2 4c8b | d648 3332 | 48f7 c6fc | ffff ff74 
  0x000002398047fe0c: 2740 f6c6 | 0275 2148 | f702 feff | ffff 7415 | 498b f248 | 3332 48f7 | c6fc ffff | ff74 0948 
  0x000002398047fe2c: 830a 02eb | 0348 8932 

  0x000002398047fe34: ;   {metadata(method data for {method} {0x000002398f3c8518} 'invokeImpl' '(Ljava/lang/Object;[Ljava/lang/Object;)Ljava/lang/Object;' in 'jdk/internal/reflect/DirectMethodHandleAccessor')}
  0x000002398047fe34: 48ba 60e4 | 90f9 3902 | 0000 ff82 | 4803 0000 | 4881 c470 | 0100 005d 

  0x000002398047fe4c: ;   {poll_return}
  0x000002398047fe4c: 493b a750 | 0400 000f | 8788 1900 | 00c3 4c8b | 8c24 b800 | 0000 4c8b | 8424 c000 | 0000 8b72 
  0x000002398047fe6c: 1848 89b4 | 24f8 0000 | 0041 8379 | 0c00 0f86 | 8119 0000 | 418b 7910 | 4889 bc24 | f000 0000 
  0x000002398047fe8c: 4183 790c | 010f 867c | 1900 0041 | 8b59 1448 | 899c 2400 

  0x000002398047fea0: ;   {metadata(method data for {method} {0x000002398f3c8518} 'invokeImpl' '(Ljava/lang/Object;[Ljava/lang/Object;)Ljava/lang/Object;' in 'jdk/internal/reflect/DirectMethodHandleAccessor')}
  0x000002398047fea0: 0100 0048 | b860 e490 | f939 0200 | 0048 8d80 | 9802 0000 | 4d85 c075 | 0ef6 4008 | 0175 53f0 
  0x000002398047fec0: 4883 4808 | 01eb 4b41 | 8b48 0849 | ba00 0000 | 8f39 0200 | 0049 03ca | 4c8b d148 | 3348 0848 
  0x000002398047fee0: f7c1 fcff | ffff 742a | f6c1 0275 | 2548 f740 | 08fe ffff | ff74 1749 | 8bca 4833 | 4808 48f7 
  0x000002398047ff00: c1fc ffff | ff74 0b48 | 8348 0802 | eb04 4889 

  0x000002398047ff10: ;   {metadata(method data for {method} {0x00000239f94052b8} 'invokeExact_MT' '(Ljava/lang/Object;Ljava/lang/Object;Ljava/lang/Object;Ljava/lang/Object;Ljava/lang/Object;)Ljava/lang/Object;' in 'java/lang/invoke/LambdaForm$MH+0x0000023990002800')}
  0x000002398047ff10: 4808 48b8 | 1855 40f9 | 3902 0000 | 488d 80c0 | 0200 0048 | 85f6 750c | f600 0175 | 4cf0 4883 
  0x000002398047ff30: 0801 eb45 | 8b4e 0849 | ba00 0000 | 8f39 0200 | 0049 03ca | 4c8b d148 | 3308 48f7 | c1fc ffff 
  0x000002398047ff50: ff74 26f6 | c102 7521 | 48f7 00fe | ffff ff74 | 1549 8bca | 4833 0848 | f7c1 fcff | ffff 7409 
  0x000002398047ff70: 4883 0802 | eb03 4889 | 084d 85c0 | 750e f640 | 1001 7553 | f048 8348 | 1001 eb4b | 418b 4808 
  0x000002398047ff90: 49ba 0000 | 008f 3902 | 0000 4903 | ca4c 8bd1 | 4833 4810 | 48f7 c1fc | ffff ff74 | 2af6 c102 
  0x000002398047ffb0: 7525 48f7 | 4010 feff | ffff 7417 | 498b ca48 | 3348 1048 | f7c1 fcff | ffff 740b | 4883 4810 
  0x000002398047ffd0: 02eb 0448 

  0x000002398047ffd4: ;   {metadata(method data for {method} {0x000002398f3c8518} 'invokeImpl' '(Ljava/lang/Object;[Ljava/lang/Object;)Ljava/lang/Object;' in 'jdk/internal/reflect/DirectMethodHandleAccessor')}
  0x000002398047ffd4: 8948 1048 | b860 e490 | f939 0200 | 0048 8380 | 6002 0000 

  0x000002398047ffe8: ;   {metadata(method data for {method} {0x00000239f94052b8} 'invokeExact_MT' '(Ljava/lang/Object;Ljava/lang/Object;Ljava/lang/Object;Ljava/lang/Object;Ljava/lang/Object;)Ljava/lang/Object;' in 'java/lang/invoke/LambdaForm$MH+0x0000023990002800')}
  0x000002398047ffe8: 0148 b818 | 5540 f939 | 0200 008b | 88cc 0000 | 0083 c102 | 8988 cc00 | 0000 81e1 | feff 1f00 
  0x0000023980480008: 85c9 0f84 | 1518 0000 

  0x0000023980480010: ;   {metadata(method data for {method} {0x00000239f94052b8} 'invokeExact_MT' '(Ljava/lang/Object;Ljava/lang/Object;Ljava/lang/Object;Ljava/lang/Object;Ljava/lang/Object;)Ljava/lang/Object;' in 'java/lang/invoke/LambdaForm$MH+0x0000023990002800')}
  0x0000023980480010: 48b8 1855 | 40f9 3902 | 0000 488d | 8090 0100 | 0048 85f6 | 750e f640 | 0801 7552 | f048 8348 
  0x0000023980480030: 0801 eb4a | 8b4e 0849 | ba00 0000 | 8f39 0200 | 0049 03ca | 4c8b d148 | 3348 0848 | f7c1 fcff 
  0x0000023980480050: ffff 742a | f6c1 0275 | 2548 f740 | 08fe ffff | ff74 1749 | 8bca 4833 | 4808 48f7 | c1fc ffff 
  0x0000023980480070: ff74 0b48 | 8348 0802 | eb04 4889 

  0x000002398048007c: ;   {oop(a 'java/lang/invoke/MethodType'{0x00000000e07d0908} = (Ljava/lang/Object;Ljava/lang/Object;Ljava/lang/Object;)Ljava/lang/Object;)}
  0x000002398048007c: 4808 48b9 | 0809 7de0 | 0000 0000 | 4885 c975 | 0cf6 4018 | 0175 06f0 | 4883 4818 

  0x0000023980480098: ;   {metadata(method data for {method} {0x00000239f94052b8} 'invokeExact_MT' '(Ljava/lang/Object;Ljava/lang/Object;Ljava/lang/Object;Ljava/lang/Object;Ljava/lang/Object;)Ljava/lang/Object;' in 'java/lang/invoke/LambdaForm$MH+0x0000023990002800')}
  0x0000023980480098: 0148 b818 | 5540 f939 | 0200 0048 | 8380 8001 

  0x00000239804800a8: ;   {metadata(method data for {method} {0x000002398f3dc408} 'checkExactType' '(Ljava/lang/invoke/MethodHandle;Ljava/lang/invoke/MethodType;)V' in 'java/lang/invoke/Invokers')}
  0x00000239804800a8: 0000 0148 | b8a8 ae19 | f939 0200 | 0044 8b88 | cc00 0000 | 4183 c102 | 4489 88cc | 0000 0041 
  0x00000239804800c8: 81e1 feff | 1f00 4585 | c90f 846f | 1700 0048 | 3b06 488b 

  0x00000239804800dc: ;   {metadata(method data for {method} {0x000002398f3dc408} 'checkExactType' '(Ljava/lang/invoke/MethodHandle;Ljava/lang/invoke/MethodType;)V' in 'java/lang/invoke/Invokers')}
  0x00000239804800dc: c649 b9a8 | ae19 f939 | 0200 008b | 4008 49ba | 0000 008f | 3902 0000 | 4903 c249 | 3b81 2001 
  0x00000239804800fc: 0000 750d | 4983 8128 | 0100 0001 | e960 0000 | 0049 3b81 | 3001 0000 | 750d 4983 | 8138 0100 
  0x000002398048011c: 0001 e94a | 0000 0049 | 83b9 2001 | 0000 0075 | 1749 8981 | 2001 0000 | 49c7 8128 | 0100 0001 
  0x000002398048013c: 0000 00e9 | 2900 0000 | 4983 b930 | 0100 0000 | 7517 4989 | 8130 0100 | 0049 c781 | 3801 0000 
  0x000002398048015c: 0100 0000 | e908 0000 | 0049 8381 | 1001 0000 | 018b 4610 

  0x0000023980480170: ;   {metadata(method data for {method} {0x000002398f3dc408} 'checkExactType' '(Ljava/lang/invoke/MethodHandle;Ljava/lang/invoke/MethodType;)V' in 'java/lang/invoke/Invokers')}
  0x0000023980480170: 483b c148 | b9a8 ae19 | f939 0200 | 0049 c7c1 | 5801 0000 | 7507 49c7 | c148 0100 | 004e 8b1c 
  0x0000023980480190: 094d 8d5b | 014e 891c | 090f 85f8 

  0x000002398048019c: ;   {metadata(method data for {method} {0x00000239f94052b8} 'invokeExact_MT' '(Ljava/lang/Object;Ljava/lang/Object;Ljava/lang/Object;Ljava/lang/Object;Ljava/lang/Object;)Ljava/lang/Object;' in 'java/lang/invoke/LambdaForm$MH+0x0000023990002800')}
  0x000002398048019c: 0d00 0048 | b818 5540 | f939 0200 | 0048 8d80 | c801 0000 | 8b4e 0849 | ba00 0000 | 8f39 0200 
  0x00000239804801bc: 0049 03ca | 4c8b d148 | 3348 0848 | f7c1 fcff | ffff 742a | f6c1 0275 | 2548 f740 | 08fe ffff 
  0x00000239804801dc: ff74 1749 | 8bca 4833 | 4808 48f7 | c1fc ffff | ff74 0b48 | 8348 0802 | eb04 4889 

  0x00000239804801f8: ;   {metadata(method data for {method} {0x00000239f94052b8} 'invokeExact_MT' '(Ljava/lang/Object;Ljava/lang/Object;Ljava/lang/Object;Ljava/lang/Object;Ljava/lang/Object;)Ljava/lang/Object;' in 'java/lang/invoke/LambdaForm$MH+0x0000023990002800')}
  0x00000239804801f8: 4808 48b8 | 1855 40f9 | 3902 0000 | 4883 80b8 | 0100 0001 

  0x000002398048020c: ;   {metadata(method data for {method} {0x000002398f3dc300} 'checkCustomized' '(Ljava/lang/invoke/MethodHandle;)V' in 'java/lang/invoke/Invokers')}
  0x000002398048020c: 48b8 c88b | 19f9 3902 | 0000 8b88 | cc00 0000 | 83c1 0289 | 88cc 0000 | 0081 e1fe | ff1f 0085 
  0x000002398048022c: c90f 8439 

  0x0000023980480230: ;   {metadata(method data for {method} {0x000002398f3dc300} 'checkCustomized' '(Ljava/lang/invoke/MethodHandle;)V' in 'java/lang/invoke/Invokers')}
  0x0000023980480230: 1600 0048 | b8c8 8b19 | f939 0200 | 0048 8380 | 1001 0000 

  0x0000023980480244: ;   {metadata(method data for {method} {0x000002398f0944d8} 'isCompileConstant' '(Ljava/lang/Object;)Z' in 'java/lang/invoke/MethodHandleImpl')}
  0x0000023980480244: 0148 b878 | 8d19 f939 | 0200 008b | 88cc 0000 | 0083 c102 | 8988 cc00 | 0000 81e1 | feff 1f00 
  0x0000023980480264: 85c9 0f84 | 2116 0000 

  0x000002398048026c: ;   {metadata(method data for {method} {0x000002398f3dc300} 'checkCustomized' '(Ljava/lang/invoke/MethodHandle;)V' in 'java/lang/invoke/Invokers')}
  0x000002398048026c: 48b8 c88b | 19f9 3902 | 0000 ff80 | 2001 0000 | 8b46 148b | 401c 4885 

  0x0000023980480284: ;   {metadata(method data for {method} {0x000002398f3dc300} 'checkCustomized' '(Ljava/lang/invoke/MethodHandle;)V' in 'java/lang/invoke/Invokers')}
  0x0000023980480284: c048 b8c8 | 8b19 f939 | 0200 0048 | c7c1 4001 | 0000 7507 | 48c7 c150 | 0100 004c | 8b0c 084d 
  0x00000239804802a4: 8d49 014c | 890c 080f | 8523 0000 

  0x00000239804802b0: ;   {metadata(method data for {method} {0x000002398f3dc300} 'checkCustomized' '(Ljava/lang/invoke/MethodHandle;)V' in 'java/lang/invoke/Invokers')}
  0x00000239804802b0: 0048 b8c8 | 8b19 f939 | 0200 0048 | 8380 6001 | 0000 0148 

  0x00000239804802c4: ;   {static_call}
  0x00000239804802c4: 8bd6 90e8 

  0x00000239804802c8: ; ImmutableOopMap {[176]=Oop [192]=Oop [240]=Oop [248]=Oop [256]=Oop }
                      ;*invokestatic maybeCustomize {reexecute=0 rethrow=0 return_oop=0}
                      ; - java.lang.invoke.Invokers::checkCustomized@19
                      ; - java.lang.invoke.LambdaForm$MH/0x0000023990002800::invokeExact_MT@15
                      ; - jdk.internal.reflect.DirectMethodHandleAccessor::invokeImpl@72
                      ; - jdk.internal.reflect.DirectMethodHandleAccessor::invoke@23
  0x00000239804802c8: 7427 d6ff 

  0x00000239804802cc: ;   {other}
  0x00000239804802cc: 0f1f 8400 | bc19 0006 | 488b bc24 | f000 0000 | 4c8b 8424 | c000 0000 

  0x00000239804802e4: ;   {metadata(method data for {method} {0x00000239f94052b8} 'invokeExact_MT' '(Ljava/lang/Object;Ljava/lang/Object;Ljava/lang/Object;Ljava/lang/Object;Ljava/lang/Object;)Ljava/lang/Object;' in 'java/lang/invoke/LambdaForm$MH+0x0000023990002800')}
  0x00000239804802e4: 49b9 1855 | 40f9 3902 | 0000 4d8d | 8918 0200 | 004d 85c0 | 750f 41f6 | 4108 0175 | 53f0 4983 
  0x0000023980480304: 4908 01eb | 4b41 8b50 | 0849 ba00 | 0000 8f39 | 0200 0049 | 03d2 4c8b | d249 3351 | 0848 f7c2 
  0x0000023980480324: fcff ffff | 742a f6c2 | 0275 2549 | f741 08fe | ffff ff74 | 1749 8bd2 | 4933 5108 | 48f7 c2fc 
  0x0000023980480344: ffff ff74 | 0b49 8349 | 0802 eb04 | 4989 5108 | 4885 ff75 | 0f41 f641 | 1801 7552 | f049 8349 
  0x0000023980480364: 1801 eb4a | 8b57 0849 | ba00 0000 | 8f39 0200 | 0049 03d2 | 4c8b d249 | 3351 1848 | f7c2 fcff 
  0x0000023980480384: ffff 742a | f6c2 0275 | 2549 f741 | 18fe ffff | ff74 1749 | 8bd2 4933 | 5118 48f7 | c2fc ffff 
  0x00000239804803a4: ff74 0b49 | 8349 1802 | eb04 4989 | 5118 488b | b424 f800 

  0x00000239804803b8: ;   {metadata(method data for {method} {0x00000239f94052b8} 'invokeExact_MT' '(Ljava/lang/Object;Ljava/lang/Object;Ljava/lang/Object;Ljava/lang/Object;Ljava/lang/Object;)Ljava/lang/Object;' in 'java/lang/invoke/LambdaForm$MH+0x0000023990002800')}
  0x00000239804803b8: 0000 49b9 | 1855 40f9 | 3902 0000 | 4983 81e0 | 0100 0001 | 4c8b cf48 | 8bbc 2400 | 0100 0048 
  0x00000239804803d8: 8b94 24f8 

  0x00000239804803dc: ;   {optimized virtual_call}
  0x00000239804803dc: 0000 00e8 

  0x00000239804803e0: ; ImmutableOopMap {[176]=Oop }
                      ;*invokevirtual invokeBasic {reexecute=0 rethrow=0 return_oop=0}
                      ; - java.lang.invoke.LambdaForm$MH/0x0000023990002800::invokeExact_MT@22
                      ; - jdk.internal.reflect.DirectMethodHandleAccessor::invokeImpl@72
                      ; - jdk.internal.reflect.DirectMethodHandleAccessor::invoke@23
  0x00000239804803e0: 1c4c 6607 

  0x00000239804803e4: ;   {other}
  0x00000239804803e4: 0f1f 8400 | d41a 0007 

  0x00000239804803ec: ;   {metadata(method data for {method} {0x00000239f94052b8} 'invokeExact_MT' '(Ljava/lang/Object;Ljava/lang/Object;Ljava/lang/Object;Ljava/lang/Object;Ljava/lang/Object;)Ljava/lang/Object;' in 'java/lang/invoke/LambdaForm$MH+0x0000023990002800')}
  0x00000239804803ec: 48ba 1855 | 40f9 3902 | 0000 488d | 9238 0200 | 0048 85c0 | 750c f602 | 0175 4df0 | 4883 0a01 
  0x000002398048040c: eb46 8b70 | 0849 ba00 | 0000 8f39 | 0200 0049 | 03f2 4c8b | d648 3332 | 48f7 c6fc | ffff ff74 
  0x000002398048042c: 2740 f6c6 | 0275 2148 | f702 feff | ffff 7415 | 498b f248 | 3332 48f7 | c6fc ffff | ff74 0948 
  0x000002398048044c: 830a 02eb | 0348 8932 

  0x0000023980480454: ;   {metadata(method data for {method} {0x000002398f3c8518} 'invokeImpl' '(Ljava/lang/Object;[Ljava/lang/Object;)Ljava/lang/Object;' in 'jdk/internal/reflect/DirectMethodHandleAccessor')}
  0x0000023980480454: 48ba 60e4 | 90f9 3902 | 0000 488d | 92b8 0200 | 0048 85c0 | 750c f602 | 0175 4df0 | 4883 0a01 
  0x0000023980480474: eb46 8b70 | 0849 ba00 | 0000 8f39 | 0200 0049 | 03f2 4c8b | d648 3332 | 48f7 c6fc | ffff ff74 
  0x0000023980480494: 2740 f6c6 | 0275 2148 | f702 feff | ffff 7415 | 498b f248 | 3332 48f7 | c6fc ffff | ff74 0948 
  0x00000239804804b4: 830a 02eb | 0348 8932 

  0x00000239804804bc: ;   {metadata(method data for {method} {0x000002398f3c8518} 'invokeImpl' '(Ljava/lang/Object;[Ljava/lang/Object;)Ljava/lang/Object;' in 'jdk/internal/reflect/DirectMethodHandleAccessor')}
  0x00000239804804bc: 48ba 60e4 | 90f9 3902 | 0000 ff82 | c802 0000 | 4881 c470 | 0100 005d 

  0x00000239804804d4: ;   {poll_return}
  0x00000239804804d4: 493b a750 | 0400 000f | 87d2 1300 | 00c3 4c8b | 8c24 b800 | 0000 4c8b | 8424 c000 | 0000 8b72 
  0x00000239804804f4: 1848 89b4 | 2410 0100 | 0041 8379 | 0c00 0f86 | cb13 0000 | 418b 7910 | 4889 bc24 | 0801 0000 
  0x0000023980480514: ;   {metadata(method data for {method} {0x000002398f3c8518} 'invokeImpl' '(Ljava/lang/Object;[Ljava/lang/Object;)Ljava/lang/Object;' in 'jdk/internal/reflect/DirectMethodHandleAccessor')}
  0x0000023980480514: 48bb 60e4 | 90f9 3902 | 0000 488d | 9b18 0200 | 004d 85c0 | 750e f643 | 0801 7550 | f048 834b 
  0x0000023980480534: 0801 eb48 | 418b 4008 | 49ba 0000 | 008f 3902 | 0000 4903 | c24c 8bd0 | 4833 4308 | 48a9 fcff 
  0x0000023980480554: ffff 7428 | a802 7524 | 48f7 4308 | feff ffff | 7416 498b | c248 3343 | 0848 a9fc | ffff ff74 
  0x0000023980480574: 0b48 834b | 0802 eb04 | 4889 4308 

  0x0000023980480580: ;   {metadata(method data for {method} {0x000002398f0ae518} 'invokeExact_MT' '(Ljava/lang/Object;Ljava/lang/Object;Ljava/lang/Object;Ljava/lang/Object;)Ljava/lang/Object;' in 'java/lang/invoke/Invokers$Holder')}
  0x0000023980480580: 48bb 78e8 | 90f9 3902 | 0000 488d | 9bb8 0200 | 0048 85f6 | 750c f603 | 0175 49f0 | 4883 0b01 
  0x00000239804805a0: eb42 8b46 | 0849 ba00 | 0000 8f39 | 0200 0049 | 03c2 4c8b | d048 3303 | 48a9 fcff | ffff 7424 
  0x00000239804805c0: a802 7520 | 48f7 03fe | ffff ff74 | 1449 8bc2 | 4833 0348 | a9fc ffff | ff74 0948 | 830b 02eb 
  0x00000239804805e0: 0348 8903 | 4d85 c075 | 0ef6 4310 | 0175 50f0 | 4883 4b10 | 01eb 4841 | 8b40 0849 | ba00 0000 
  0x0000023980480600: 8f39 0200 | 0049 03c2 | 4c8b d048 | 3343 1048 | a9fc ffff | ff74 28a8 | 0275 2448 | f743 10fe 
  0x0000023980480620: ffff ff74 | 1649 8bc2 | 4833 4310 | 48a9 fcff | ffff 740b | 4883 4b10 | 02eb 0448 

  0x000002398048063c: ;   {metadata(method data for {method} {0x000002398f3c8518} 'invokeImpl' '(Ljava/lang/Object;[Ljava/lang/Object;)Ljava/lang/Object;' in 'jdk/internal/reflect/DirectMethodHandleAccessor')}
  0x000002398048063c: 8943 1048 | bb60 e490 | f939 0200 | 0048 8383 | e001 0000 

  0x0000023980480650: ;   {metadata(method data for {method} {0x000002398f0ae518} 'invokeExact_MT' '(Ljava/lang/Object;Ljava/lang/Object;Ljava/lang/Object;Ljava/lang/Object;)Ljava/lang/Object;' in 'java/lang/invoke/Invokers$Holder')}
  0x0000023980480650: 0148 bb78 | e890 f939 | 0200 008b | 83cc 0000 | 0083 c002 | 8983 cc00 | 0000 25fe | ff1f 0085 
  0x0000023980480670: c00f 846e 

  0x0000023980480674: ;   {metadata(method data for {method} {0x000002398f0ae518} 'invokeExact_MT' '(Ljava/lang/Object;Ljava/lang/Object;Ljava/lang/Object;Ljava/lang/Object;)Ljava/lang/Object;' in 'java/lang/invoke/Invokers$Holder')}
  0x0000023980480674: 1200 0048 | bb78 e890 | f939 0200 | 0048 8d9b | 9001 0000 | 4885 f675 | 0ef6 4308 | 0175 4ff0 
  0x0000023980480694: 4883 4b08 | 01eb 478b | 4608 49ba | 0000 008f | 3902 0000 | 4903 c24c | 8bd0 4833 | 4308 48a9 
  0x00000239804806b4: fcff ffff | 7428 a802 | 7524 48f7 | 4308 feff | ffff 7416 | 498b c248 | 3343 0848 | a9fc ffff 
  0x00000239804806d4: ff74 0b48 | 834b 0802 | eb04 4889 

  0x00000239804806e0: ;   {oop(a 'java/lang/invoke/MethodType'{0x00000000e07d0850} = (Ljava/lang/Object;Ljava/lang/Object;)Ljava/lang/Object;)}
  0x00000239804806e0: 4308 48b8 | 5008 7de0 | 0000 0000 | 4885 c075 | 0cf6 4318 | 0175 06f0 | 4883 4b18 

  0x00000239804806fc: ;   {metadata(method data for {method} {0x000002398f0ae518} 'invokeExact_MT' '(Ljava/lang/Object;Ljava/lang/Object;Ljava/lang/Object;Ljava/lang/Object;)Ljava/lang/Object;' in 'java/lang/invoke/Invokers$Holder')}
  0x00000239804806fc: 0148 bb78 | e890 f939 | 0200 0048 | 8383 8001 

  0x000002398048070c: ;   {metadata(method data for {method} {0x000002398f3dc408} 'checkExactType' '(Ljava/lang/invoke/MethodHandle;Ljava/lang/invoke/MethodType;)V' in 'java/lang/invoke/Invokers')}
  0x000002398048070c: 0000 0148 | bba8 ae19 | f939 0200 | 008b 8bcc | 0000 0083 | c102 898b | cc00 0000 | 81e1 feff 
  0x000002398048072c: 1f00 85c9 | 0f84 d011 | 0000 483b | 0648 8bde 

  0x000002398048073c: ;   {metadata(method data for {method} {0x000002398f3dc408} 'checkExactType' '(Ljava/lang/invoke/MethodHandle;Ljava/lang/invoke/MethodType;)V' in 'java/lang/invoke/Invokers')}
  0x000002398048073c: 48b9 a8ae | 19f9 3902 | 0000 8b5b | 0849 ba00 | 0000 8f39 | 0200 0049 | 03da 483b | 9920 0100 
  0x000002398048075c: 0075 0d48 | 8381 2801 | 0000 01e9 | 6000 0000 | 483b 9930 | 0100 0075 | 0d48 8381 | 3801 0000 
  0x000002398048077c: 01e9 4a00 | 0000 4883 | b920 0100 | 0000 7517 | 4889 9920 | 0100 0048 | c781 2801 | 0000 0100 
  0x000002398048079c: 0000 e929 | 0000 0048 | 83b9 3001 | 0000 0075 | 1748 8999 | 3001 0000 | 48c7 8138 | 0100 0001 
  0x00000239804807bc: 0000 00e9 | 0800 0000 | 4883 8110 | 0100 0001 | 8b5e 1048 

  0x00000239804807d0: ;   {metadata(method data for {method} {0x000002398f3dc408} 'checkExactType' '(Ljava/lang/invoke/MethodHandle;Ljava/lang/invoke/MethodType;)V' in 'java/lang/invoke/Invokers')}
  0x00000239804807d0: 3bd8 48b8 | a8ae 19f9 | 3902 0000 | 48c7 c158 | 0100 0075 | 0748 c7c1 | 4801 0000 | 4c8b 0c08 
  0x00000239804807f0: 4d8d 4901 | 4c89 0c08 | 0f85 5907 

  0x00000239804807fc: ;   {metadata(method data for {method} {0x000002398f0ae518} 'invokeExact_MT' '(Ljava/lang/Object;Ljava/lang/Object;Ljava/lang/Object;Ljava/lang/Object;)Ljava/lang/Object;' in 'java/lang/invoke/Invokers$Holder')}
  0x00000239804807fc: 0000 48bb | 78e8 90f9 | 3902 0000 | 488d 9bc8 | 0100 008b | 4608 49ba | 0000 008f | 3902 0000 
  0x000002398048081c: 4903 c24c | 8bd0 4833 | 4308 48a9 | fcff ffff | 7428 a802 | 7524 48f7 | 4308 feff | ffff 7416 
  0x000002398048083c: 498b c248 | 3343 0848 | a9fc ffff | ff74 0b48 | 834b 0802 | eb04 4889 

  0x0000023980480854: ;   {metadata(method data for {method} {0x000002398f0ae518} 'invokeExact_MT' '(Ljava/lang/Object;Ljava/lang/Object;Ljava/lang/Object;Ljava/lang/Object;)Ljava/lang/Object;' in 'java/lang/invoke/Invokers$Holder')}
  0x0000023980480854: 4308 48bb | 78e8 90f9 | 3902 0000 | 4883 83b8 | 0100 0001 

  0x0000023980480868: ;   {metadata(method data for {method} {0x000002398f3dc300} 'checkCustomized' '(Ljava/lang/invoke/MethodHandle;)V' in 'java/lang/invoke/Invokers')}
  0x0000023980480868: 48bb c88b | 19f9 3902 | 0000 8b83 | cc00 0000 | 83c0 0289 | 83cc 0000 | 0025 feff | 1f00 85c0 
  0x0000023980480888: 0f84 9e10 

  0x000002398048088c: ;   {metadata(method data for {method} {0x000002398f3dc300} 'checkCustomized' '(Ljava/lang/invoke/MethodHandle;)V' in 'java/lang/invoke/Invokers')}
  0x000002398048088c: 0000 48bb | c88b 19f9 | 3902 0000 | 4883 8310 | 0100 0001 

  0x00000239804808a0: ;   {metadata(method data for {method} {0x000002398f0944d8} 'isCompileConstant' '(Ljava/lang/Object;)Z' in 'java/lang/invoke/MethodHandleImpl')}
  0x00000239804808a0: 48bb 788d | 19f9 3902 | 0000 8b83 | cc00 0000 | 83c0 0289 | 83cc 0000 | 0025 feff | 1f00 85c0 
  0x00000239804808c0: 0f84 8710 

  0x00000239804808c4: ;   {metadata(method data for {method} {0x000002398f3dc300} 'checkCustomized' '(Ljava/lang/invoke/MethodHandle;)V' in 'java/lang/invoke/Invokers')}
  0x00000239804808c4: 0000 48bb | c88b 19f9 | 3902 0000 | ff83 2001 | 0000 8b5e | 148b 5b1c 

  0x00000239804808dc: ;   {metadata(method data for {method} {0x000002398f3dc300} 'checkCustomized' '(Ljava/lang/invoke/MethodHandle;)V' in 'java/lang/invoke/Invokers')}
  0x00000239804808dc: 4885 db48 | bbc8 8b19 | f939 0200 | 0048 c7c0 | 4001 0000 | 7507 48c7 | c050 0100 | 0048 8b0c 
  0x00000239804808fc: 0348 8d49 | 0148 890c | 030f 8529 

  0x0000023980480908: ;   {metadata(method data for {method} {0x000002398f3dc300} 'checkCustomized' '(Ljava/lang/invoke/MethodHandle;)V' in 'java/lang/invoke/Invokers')}
  0x0000023980480908: 0000 0048 | bbc8 8b19 | f939 0200 | 0048 8383 | 6001 0000 | 0148 8bd6 | 0f1f 8000 

  0x0000023980480924: ;   {static_call}
  0x0000023980480924: 0000 00e8 

  0x0000023980480928: ; ImmutableOopMap {[176]=Oop [192]=Oop [264]=Oop [272]=Oop }
                      ;*invokestatic maybeCustomize {reexecute=0 rethrow=0 return_oop=0}
                      ; - java.lang.invoke.Invokers::checkCustomized@19
                      ; - java.lang.invoke.Invokers$Holder::invokeExact_MT@14
                      ; - jdk.internal.reflect.DirectMethodHandleAccessor::invokeImpl@55
                      ; - jdk.internal.reflect.DirectMethodHandleAccessor::invoke@23
  0x0000023980480928: 1421 d6ff 

  0x000002398048092c: ;   {other}
  0x000002398048092c: 0f1f 8400 | 1c20 0008 | 488b bc24 | 0801 0000 | 4c8b 8424 | c000 0000 

  0x0000023980480944: ;   {metadata(method data for {method} {0x000002398f0ae518} 'invokeExact_MT' '(Ljava/lang/Object;Ljava/lang/Object;Ljava/lang/Object;Ljava/lang/Object;)Ljava/lang/Object;' in 'java/lang/invoke/Invokers$Holder')}
  0x0000023980480944: 49b9 78e8 | 90f9 3902 | 0000 4d8d | 8918 0200 | 004d 85c0 | 750f 41f6 | 4108 0175 | 53f0 4983 
  0x0000023980480964: 4908 01eb | 4b41 8b50 | 0849 ba00 | 0000 8f39 | 0200 0049 | 03d2 4c8b | d249 3351 | 0848 f7c2 
  0x0000023980480984: fcff ffff | 742a f6c2 | 0275 2549 | f741 08fe | ffff ff74 | 1749 8bd2 | 4933 5108 | 48f7 c2fc 
  0x00000239804809a4: ffff ff74 | 0b49 8349 | 0802 eb04 | 4989 5108 | 4885 ff75 | 0f41 f641 | 1801 7552 | f049 8349 
  0x00000239804809c4: 1801 eb4a | 8b57 0849 | ba00 0000 | 8f39 0200 | 0049 03d2 | 4c8b d249 | 3351 1848 | f7c2 fcff 
  0x00000239804809e4: ffff 742a | f6c2 0275 | 2549 f741 | 18fe ffff | ff74 1749 | 8bd2 4933 | 5118 48f7 | c2fc ffff 
  0x0000023980480a04: ff74 0b49 | 8349 1802 | eb04 4989 | 5118 488b | b424 1001 

  0x0000023980480a18: ;   {metadata(method data for {method} {0x000002398f0ae518} 'invokeExact_MT' '(Ljava/lang/Object;Ljava/lang/Object;Ljava/lang/Object;Ljava/lang/Object;)Ljava/lang/Object;' in 'java/lang/invoke/Invokers$Holder')}
  0x0000023980480a18: 0000 49b9 | 78e8 90f9 | 3902 0000 | 4983 81e0 | 0100 0001 | 4c8b cf48 | 8b94 2410 

  0x0000023980480a34: ;   {optimized virtual_call}
  0x0000023980480a34: 0100 00e8 

  0x0000023980480a38: ; ImmutableOopMap {[176]=Oop }
                      ;*invokevirtual invokeBasic {reexecute=0 rethrow=0 return_oop=0}
                      ; - java.lang.invoke.Invokers$Holder::invokeExact_MT@20
                      ; - jdk.internal.reflect.DirectMethodHandleAccessor::invokeImpl@55
                      ; - jdk.internal.reflect.DirectMethodHandleAccessor::invoke@23
  0x0000023980480a38: 4420 6607 

  0x0000023980480a3c: ;   {other}
  0x0000023980480a3c: 0f1f 8400 | 2c21 0009 

  0x0000023980480a44: ;   {metadata(method data for {method} {0x000002398f0ae518} 'invokeExact_MT' '(Ljava/lang/Object;Ljava/lang/Object;Ljava/lang/Object;Ljava/lang/Object;)Ljava/lang/Object;' in 'java/lang/invoke/Invokers$Holder')}
  0x0000023980480a44: 48ba 78e8 | 90f9 3902 | 0000 488d | 9238 0200 | 0048 85c0 | 750c f602 | 0175 4df0 | 4883 0a01 
  0x0000023980480a64: eb46 8b70 | 0849 ba00 | 0000 8f39 | 0200 0049 | 03f2 4c8b | d648 3332 | 48f7 c6fc | ffff ff74 
  0x0000023980480a84: 2740 f6c6 | 0275 2148 | f702 feff | ffff 7415 | 498b f248 | 3332 48f7 | c6fc ffff | ff74 0948 
  0x0000023980480aa4: 830a 02eb | 0348 8932 

  0x0000023980480aac: ;   {metadata(method data for {method} {0x000002398f3c8518} 'invokeImpl' '(Ljava/lang/Object;[Ljava/lang/Object;)Ljava/lang/Object;' in 'jdk/internal/reflect/DirectMethodHandleAccessor')}
  0x0000023980480aac: 48ba 60e4 | 90f9 3902 | 0000 488d | 9238 0200 | 0048 85c0 | 750c f602 | 0175 4df0 | 4883 0a01 
  0x0000023980480acc: eb46 8b70 | 0849 ba00 | 0000 8f39 | 0200 0049 | 03f2 4c8b | d648 3332 | 48f7 c6fc | ffff ff74 
  0x0000023980480aec: 2740 f6c6 | 0275 2148 | f702 feff | ffff 7415 | 498b f248 | 3332 48f7 | c6fc ffff | ff74 0948 
  0x0000023980480b0c: 830a 02eb | 0348 8932 

  0x0000023980480b14: ;   {metadata(method data for {method} {0x000002398f3c8518} 'invokeImpl' '(Ljava/lang/Object;[Ljava/lang/Object;)Ljava/lang/Object;' in 'jdk/internal/reflect/DirectMethodHandleAccessor')}
  0x0000023980480b14: 48ba 60e4 | 90f9 3902 | 0000 ff82 | 4802 0000 | 4881 c470 | 0100 005d 

  0x0000023980480b2c: ;   {poll_return}
  0x0000023980480b2c: 493b a750 | 0400 000f | 873a 0e00 | 00c3 4c8b | 8424 c000 | 0000 8b72 | 1848 89b4 | 2418 0100 
  0x0000023980480b4c: ;   {metadata(method data for {method} {0x000002398f3c8518} 'invokeImpl' '(Ljava/lang/Object;[Ljava/lang/Object;)Ljava/lang/Object;' in 'jdk/internal/reflect/DirectMethodHandleAccessor')}
  0x0000023980480b4c: 0048 bf60 | e490 f939 | 0200 0048 | 8dbf a801 | 0000 4d85 | c075 0ef6 | 4708 0175 | 53f0 4883 
  0x0000023980480b6c: 4f08 01eb | 4b41 8b58 | 0849 ba00 | 0000 8f39 | 0200 0049 | 03da 4c8b | d348 335f | 0848 f7c3 
  0x0000023980480b8c: fcff ffff | 742a f6c3 | 0275 2548 | f747 08fe | ffff ff74 | 1749 8bda | 4833 5f08 | 48f7 c3fc 
  0x0000023980480bac: ffff ff74 | 0b48 834f | 0802 eb04 | 4889 5f08 

  0x0000023980480bbc: ;   {metadata(method data for {method} {0x000002398f0ae5c8} 'invokeExact_MT' '(Ljava/lang/Object;Ljava/lang/Object;Ljava/lang/Object;)Ljava/lang/Object;' in 'java/lang/invoke/Invokers$Holder')}
  0x0000023980480bbc: 48bf 3853 | 1ff9 3902 | 0000 488d | bfa0 0200 | 0048 85f6 | 750a f607 | 0175 05f0 | 4883 0f01 
  0x0000023980480bdc: ;   {metadata(method data for {method} {0x000002398f3c8518} 'invokeImpl' '(Ljava/lang/Object;[Ljava/lang/Object;)Ljava/lang/Object;' in 'jdk/internal/reflect/DirectMethodHandleAccessor')}
  0x0000023980480bdc: 48bf 60e4 | 90f9 3902 | 0000 4883 | 8770 0100 

  0x0000023980480bec: ;   {metadata(method data for {method} {0x000002398f0ae5c8} 'invokeExact_MT' '(Ljava/lang/Object;Ljava/lang/Object;Ljava/lang/Object;)Ljava/lang/Object;' in 'java/lang/invoke/Invokers$Holder')}
  0x0000023980480bec: 0001 48bf | 3853 1ff9 | 3902 0000 | 8b9f cc00 | 0000 83c3 | 0289 9fcc | 0000 0081 | e3fe ff1f 
  0x0000023980480c0c: 0085 db0f | 8474 0d00 

  0x0000023980480c14: ;   {metadata(method data for {method} {0x000002398f0ae5c8} 'invokeExact_MT' '(Ljava/lang/Object;Ljava/lang/Object;Ljava/lang/Object;)Ljava/lang/Object;' in 'java/lang/invoke/Invokers$Holder')}
  0x0000023980480c14: 0048 bf38 | 531f f939 | 0200 0048 | 8dbf 9001 | 0000 4885 | f675 0cf6 | 4708 0175 | 06f0 4883 
  0x0000023980480c34: ;   {oop(a 'java/lang/invoke/MethodType'{0x00000000e07d0738} = (Ljava/lang/Object;)Ljava/lang/Object;)}
  0x0000023980480c34: 4f08 0148 | bb38 077d | e000 0000 | 0048 85db | 750c f647 | 1801 7506 | f048 834f 

  0x0000023980480c50: ;   {metadata(method data for {method} {0x000002398f0ae5c8} 'invokeExact_MT' '(Ljava/lang/Object;Ljava/lang/Object;Ljava/lang/Object;)Ljava/lang/Object;' in 'java/lang/invoke/Invokers$Holder')}
  0x0000023980480c50: 1801 48bf | 3853 1ff9 | 3902 0000 | 4883 8780 | 0100 0001 

  0x0000023980480c64: ;   {metadata(method data for {method} {0x000002398f3dc408} 'checkExactType' '(Ljava/lang/invoke/MethodHandle;Ljava/lang/invoke/MethodType;)V' in 'java/lang/invoke/Invokers')}
  0x0000023980480c64: 48bf a8ae | 19f9 3902 | 0000 8b87 | cc00 0000 | 83c0 0289 | 87cc 0000 | 0025 feff | 1f00 85c0 
  0x0000023980480c84: 0f84 200d | 0000 483b | 0648 8bfe 

  0x0000023980480c90: ;   {metadata(method data for {method} {0x000002398f3dc408} 'checkExactType' '(Ljava/lang/invoke/MethodHandle;Ljava/lang/invoke/MethodType;)V' in 'java/lang/invoke/Invokers')}
  0x0000023980480c90: 48b8 a8ae | 19f9 3902 | 0000 8b7f | 0849 ba00 | 0000 8f39 | 0200 0049 | 03fa 483b | b820 0100 
  0x0000023980480cb0: 0075 0d48 | 8380 2801 | 0000 01e9 | 6000 0000 | 483b b830 | 0100 0075 | 0d48 8380 | 3801 0000 
  0x0000023980480cd0: 01e9 4a00 | 0000 4883 | b820 0100 | 0000 7517 | 4889 b820 | 0100 0048 | c780 2801 | 0000 0100 
  0x0000023980480cf0: 0000 e929 | 0000 0048 | 83b8 3001 | 0000 0075 | 1748 89b8 | 3001 0000 | 48c7 8038 | 0100 0001 
  0x0000023980480d10: 0000 00e9 | 0800 0000 | 4883 8010 | 0100 0001 | 8b7e 1048 

  0x0000023980480d24: ;   {metadata(method data for {method} {0x000002398f3dc408} 'checkExactType' '(Ljava/lang/invoke/MethodHandle;Ljava/lang/invoke/MethodType;)V' in 'java/lang/invoke/Invokers')}
  0x0000023980480d24: 3bfb 48bb | a8ae 19f9 | 3902 0000 | 48c7 c058 | 0100 0075 | 0748 c7c0 | 4801 0000 | 488b 0c03 
  0x0000023980480d44: 488d 4901 | 4889 0c03 | 0f85 c101 

  0x0000023980480d50: ;   {metadata(method data for {method} {0x000002398f0ae5c8} 'invokeExact_MT' '(Ljava/lang/Object;Ljava/lang/Object;Ljava/lang/Object;)Ljava/lang/Object;' in 'java/lang/invoke/Invokers$Holder')}
  0x0000023980480d50: 0000 48bf | 3853 1ff9 | 3902 0000 | 4883 87b8 | 0100 0001 

  0x0000023980480d64: ;   {metadata(method data for {method} {0x000002398f3dc300} 'checkCustomized' '(Ljava/lang/invoke/MethodHandle;)V' in 'java/lang/invoke/Invokers')}
  0x0000023980480d64: 48bf c88b | 19f9 3902 | 0000 8b9f | cc00 0000 | 83c3 0289 | 9fcc 0000 | 0081 e3fe | ff1f 0085 
  0x0000023980480d84: db0f 8445 

  0x0000023980480d88: ;   {metadata(method data for {method} {0x000002398f3dc300} 'checkCustomized' '(Ljava/lang/invoke/MethodHandle;)V' in 'java/lang/invoke/Invokers')}
  0x0000023980480d88: 0c00 0048 | bfc8 8b19 | f939 0200 | 0048 8387 | 1001 0000 

  0x0000023980480d9c: ;   {metadata(method data for {method} {0x000002398f0944d8} 'isCompileConstant' '(Ljava/lang/Object;)Z' in 'java/lang/invoke/MethodHandleImpl')}
  0x0000023980480d9c: 0148 bf78 | 8d19 f939 | 0200 008b | 9fcc 0000 | 0083 c302 | 899f cc00 | 0000 81e3 | feff 1f00 
  0x0000023980480dbc: 85db 0f84 | 2d0c 0000 

  0x0000023980480dc4: ;   {metadata(method data for {method} {0x000002398f3dc300} 'checkCustomized' '(Ljava/lang/invoke/MethodHandle;)V' in 'java/lang/invoke/Invokers')}
  0x0000023980480dc4: 48bf c88b | 19f9 3902 | 0000 ff87 | 2001 0000 | 8b7e 148b | 7f1c 4885 

  0x0000023980480ddc: ;   {metadata(method data for {method} {0x000002398f3dc300} 'checkCustomized' '(Ljava/lang/invoke/MethodHandle;)V' in 'java/lang/invoke/Invokers')}
  0x0000023980480ddc: ff48 bfc8 | 8b19 f939 | 0200 0048 | c7c3 4001 | 0000 7507 | 48c7 c350 | 0100 0048 | 8b04 1f48 
  0x0000023980480dfc: 8d40 0148 | 8904 1f0f | 8523 0000 

  0x0000023980480e08: ;   {metadata(method data for {method} {0x000002398f3dc300} 'checkCustomized' '(Ljava/lang/invoke/MethodHandle;)V' in 'java/lang/invoke/Invokers')}
  0x0000023980480e08: 0048 bfc8 | 8b19 f939 | 0200 0048 | 8387 6001 | 0000 0148 

  0x0000023980480e1c: ;   {static_call}
  0x0000023980480e1c: 8bd6 90e8 

  0x0000023980480e20: ; ImmutableOopMap {[176]=Oop [192]=Oop [280]=Oop }
                      ;*invokestatic maybeCustomize {reexecute=0 rethrow=0 return_oop=0}
                      ; - java.lang.invoke.Invokers::checkCustomized@19
                      ; - java.lang.invoke.Invokers$Holder::invokeExact_MT@14
                      ; - jdk.internal.reflect.DirectMethodHandleAccessor::invokeImpl@41
                      ; - jdk.internal.reflect.DirectMethodHandleAccessor::invoke@23
  0x0000023980480e20: 1c1c d6ff 

  0x0000023980480e24: ;   {other}
  0x0000023980480e24: 0f1f 8400 | 1425 000a | 488b b424 | 1801 0000 

  0x0000023980480e34: ;   {metadata(method data for {method} {0x000002398f0ae5c8} 'invokeExact_MT' '(Ljava/lang/Object;Ljava/lang/Object;Ljava/lang/Object;)Ljava/lang/Object;' in 'java/lang/invoke/Invokers$Holder')}
  0x0000023980480e34: 49b8 3853 | 1ff9 3902 | 0000 4983 | 80e0 0100 | 0001 4c8b | 8424 c000 | 0000 488b | 9424 1801 
  0x0000023980480e54: ;   {optimized virtual_call}
  0x0000023980480e54: 0000 90e8 

  0x0000023980480e58: ; ImmutableOopMap {[176]=Oop }
                      ;*invokevirtual invokeBasic {reexecute=0 rethrow=0 return_oop=0}
                      ; - java.lang.invoke.Invokers$Holder::invokeExact_MT@19
                      ; - jdk.internal.reflect.DirectMethodHandleAccessor::invokeImpl@41
                      ; - jdk.internal.reflect.DirectMethodHandleAccessor::invoke@23
  0x0000023980480e58: a42c 6507 

  0x0000023980480e5c: ;   {other}
  0x0000023980480e5c: 0f1f 8400 | 4c25 000b 

  0x0000023980480e64: ;   {metadata(method data for {method} {0x000002398f0ae5c8} 'invokeExact_MT' '(Ljava/lang/Object;Ljava/lang/Object;Ljava/lang/Object;)Ljava/lang/Object;' in 'java/lang/invoke/Invokers$Holder')}
  0x0000023980480e64: 48ba 3853 | 1ff9 3902 | 0000 488d | 9228 0200 | 0048 85c0 | 750a f602 | 0175 05f0 | 4883 0a01 
  0x0000023980480e84: ;   {metadata(method data for {method} {0x000002398f3c8518} 'invokeImpl' '(Ljava/lang/Object;[Ljava/lang/Object;)Ljava/lang/Object;' in 'jdk/internal/reflect/DirectMethodHandleAccessor')}
  0x0000023980480e84: 48ba 60e4 | 90f9 3902 | 0000 488d | 92b8 0100 | 0048 85c0 | 750c f602 | 0175 4ef0 | 4883 0a01 
  0x0000023980480ea4: eb47 448b | 4008 49ba | 0000 008f | 3902 0000 | 4d03 c24d | 8bd0 4c33 | 0249 f7c0 | fcff ffff 
  0x0000023980480ec4: 7427 41f6 | c002 7521 | 48f7 02fe | ffff ff74 | 154d 8bc2 | 4c33 0249 | f7c0 fcff | ffff 7409 
  0x0000023980480ee4: 4883 0a02 | eb03 4c89 

  0x0000023980480eec: ;   {metadata(method data for {method} {0x000002398f3c8518} 'invokeImpl' '(Ljava/lang/Object;[Ljava/lang/Object;)Ljava/lang/Object;' in 'jdk/internal/reflect/DirectMethodHandleAccessor')}
  0x0000023980480eec: 0248 ba60 | e490 f939 | 0200 00ff | 82c8 0100 | 0048 81c4 | 7001 0000 

  0x0000023980480f04: ;   {poll_return}
  0x0000023980480f04: 5d49 3ba7 | 5004 0000 | 0f87 050b 

  0x0000023980480f10: ;   {metadata(method data for {method} {0x000002398f3dc408} 'checkExactType' '(Ljava/lang/invoke/MethodHandle;Ljava/lang/invoke/MethodType;)V' in 'java/lang/invoke/Invokers')}
  0x0000023980480f10: 0000 c348 | baa8 ae19 | f939 0200 | 0048 8382 | 6801 0000 

  0x0000023980480f24: ;   {oop(a 'java/lang/invoke/MethodType'{0x00000000e07d0738} = (Ljava/lang/Object;)Ljava/lang/Object;)}
  0x0000023980480f24: 0149 b838 | 077d e000 | 0000 0048 | 8bd7 0f1f 

  0x0000023980480f34: ;   {static_call}
  0x0000023980480f34: 4400 00e8 

  0x0000023980480f38: ; ImmutableOopMap {[176]=Oop [192]=Oop [280]=Oop }
                      ;*invokestatic newWrongMethodTypeException {reexecute=0 rethrow=0 return_oop=0}
                      ; - java.lang.invoke.Invokers::checkExactType@12
                      ; - java.lang.invoke.Invokers$Holder::invokeExact_MT@10
                      ; - jdk.internal.reflect.DirectMethodHandleAccessor::invokeImpl@41
                      ; - jdk.internal.reflect.DirectMethodHandleAccessor::invoke@23
  0x0000023980480f38: 44e1 0f07 

  0x0000023980480f3c: ;   {other}
  0x0000023980480f3c: 0f1f 8400 | 2c26 000c 

  0x0000023980480f44: ; implicit exception: dispatches to 0x0000023980481a2d
                      ; ImmutableOopMap {rax=Oop [176]=Oop [192]=Oop [280]=Oop }
                      ;*athrow {reexecute=1 rethrow=0 return_oop=0}
                      ; - (reexecute) java.lang.invoke.Invokers::checkExactType@15
                      ; - java.lang.invoke.Invokers$Holder::invokeExact_MT@10
                      ; - jdk.internal.reflect.DirectMethodHandleAccessor::invokeImpl@41
                      ; - jdk.internal.reflect.DirectMethodHandleAccessor::invoke@23
                      ;   {section_word}
  0x0000023980480f44: 483b 0048 | ba47 0f48 | 8039 0200 

  0x0000023980480f50: ;   {runtime_call handle_exception_nofpu Runtime1 stub}
  0x0000023980480f50: 00e8 2af3 

  0x0000023980480f54: ;   {metadata(method data for {method} {0x000002398f3dc408} 'checkExactType' '(Ljava/lang/invoke/MethodHandle;Ljava/lang/invoke/MethodType;)V' in 'java/lang/invoke/Invokers')}
  0x0000023980480f54: 1b07 9048 | baa8 ae19 | f939 0200 | 0048 8382 | 6801 0000 

  0x0000023980480f68: ;   {oop(a 'java/lang/invoke/MethodType'{0x00000000e07d0850} = (Ljava/lang/Object;Ljava/lang/Object;)Ljava/lang/Object;)}
  0x0000023980480f68: 0149 b850 | 087d e000 | 0000 0048 

  0x0000023980480f74: ;   {static_call}
  0x0000023980480f74: 8bd3 90e8 

  0x0000023980480f78: ; ImmutableOopMap {[176]=Oop [192]=Oop [264]=Oop [272]=Oop }
                      ;*invokestatic newWrongMethodTypeException {reexecute=0 rethrow=0 return_oop=0}
                      ; - java.lang.invoke.Invokers::checkExactType@12
                      ; - java.lang.invoke.Invokers$Holder::invokeExact_MT@10
                      ; - jdk.internal.reflect.DirectMethodHandleAccessor::invokeImpl@55
                      ; - jdk.internal.reflect.DirectMethodHandleAccessor::invoke@23
  0x0000023980480f78: 04e1 0f07 

  0x0000023980480f7c: ;   {other}
  0x0000023980480f7c: 0f1f 8400 | 6c26 000e 

  0x0000023980480f84: ; implicit exception: dispatches to 0x0000023980481a32
                      ; ImmutableOopMap {rax=Oop [176]=Oop [192]=Oop [264]=Oop [272]=Oop }
                      ;*athrow {reexecute=1 rethrow=0 return_oop=0}
                      ; - (reexecute) java.lang.invoke.Invokers::checkExactType@15
                      ; - java.lang.invoke.Invokers$Holder::invokeExact_MT@10
                      ; - jdk.internal.reflect.DirectMethodHandleAccessor::invokeImpl@55
                      ; - jdk.internal.reflect.DirectMethodHandleAccessor::invoke@23
                      ;   {section_word}
  0x0000023980480f84: 483b 0048 | ba87 0f48 | 8039 0200 

  0x0000023980480f90: ;   {runtime_call handle_exception_nofpu Runtime1 stub}
  0x0000023980480f90: 00e8 eaf2 

  0x0000023980480f94: ;   {metadata(method data for {method} {0x000002398f3dc408} 'checkExactType' '(Ljava/lang/invoke/MethodHandle;Ljava/lang/invoke/MethodType;)V' in 'java/lang/invoke/Invokers')}
  0x0000023980480f94: 1b07 9048 | baa8 ae19 | f939 0200 | 0048 8382 | 6801 0000 

  0x0000023980480fa8: ;   {oop(a 'java/lang/invoke/MethodType'{0x00000000e07d0908} = (Ljava/lang/Object;Ljava/lang/Object;Ljava/lang/Object;)Ljava/lang/Object;)}
  0x0000023980480fa8: 0149 b808 | 097d e000 | 0000 0048 

  0x0000023980480fb4: ;   {static_call}
  0x0000023980480fb4: 8bd0 90e8 

  0x0000023980480fb8: ; ImmutableOopMap {[176]=Oop [192]=Oop [240]=Oop [248]=Oop [256]=Oop }
                      ;*invokestatic newWrongMethodTypeException {reexecute=0 rethrow=0 return_oop=0}
                      ; - java.lang.invoke.Invokers::checkExactType@12
                      ; - java.lang.invoke.LambdaForm$MH/0x0000023990002800::invokeExact_MT@11
                      ; - jdk.internal.reflect.DirectMethodHandleAccessor::invokeImpl@72
                      ; - jdk.internal.reflect.DirectMethodHandleAccessor::invoke@23
  0x0000023980480fb8: c4e0 0f07 

  0x0000023980480fbc: ;   {other}
  0x0000023980480fbc: 0f1f 8400 | ac26 0010 

  0x0000023980480fc4: ; implicit exception: dispatches to 0x0000023980481a37
                      ; ImmutableOopMap {rax=Oop [176]=Oop [192]=Oop [240]=Oop [248]=Oop [256]=Oop }
                      ;*athrow {reexecute=1 rethrow=0 return_oop=0}
                      ; - (reexecute) java.lang.invoke.Invokers::checkExactType@15
                      ; - java.lang.invoke.LambdaForm$MH/0x0000023990002800::invokeExact_MT@11
                      ; - jdk.internal.reflect.DirectMethodHandleAccessor::invokeImpl@72
                      ; - jdk.internal.reflect.DirectMethodHandleAccessor::invoke@23
                      ;   {section_word}
  0x0000023980480fc4: 483b 0048 | bac7 0f48 | 8039 0200 

  0x0000023980480fd0: ;   {runtime_call handle_exception_nofpu Runtime1 stub}
  0x0000023980480fd0: 00e8 aaf2 

  0x0000023980480fd4: ;   {metadata(method data for {method} {0x000002398f3dc408} 'checkExactType' '(Ljava/lang/invoke/MethodHandle;Ljava/lang/invoke/MethodType;)V' in 'java/lang/invoke/Invokers')}
  0x0000023980480fd4: 1b07 9048 | baa8 ae19 | f939 0200 | 0048 8382 | 6801 0000 

  0x0000023980480fe8: ;   {oop(a 'java/lang/invoke/MethodType'{0x00000000e07e0bc8} = (Ljava/lang/Object;Ljava/lang/Object;Ljava/lang/Object;Ljava/lang/Object;)Ljava/lang/Object;)}
  0x0000023980480fe8: 0149 b8c8 | 0b7e e000 | 0000 0048 

  0x0000023980480ff4: ;   {static_call}
  0x0000023980480ff4: 8bd1 90e8 

  0x0000023980480ff8: ; ImmutableOopMap {[176]=Oop [192]=Oop [208]=Oop [216]=Oop [224]=Oop [232]=Oop }
                      ;*invokestatic newWrongMethodTypeException {reexecute=0 rethrow=0 return_oop=0}
                      ; - java.lang.invoke.Invokers::checkExactType@12
                      ; - java.lang.invoke.LambdaForm$MH/0x00000239900ef000::invokeExact_MT@11
                      ; - jdk.internal.reflect.DirectMethodHandleAccessor::invokeImpl@92
                      ; - jdk.internal.reflect.DirectMethodHandleAccessor::invoke@23
  0x0000023980480ff8: 84e0 0f07 

  0x0000023980480ffc: ;   {other}
  0x0000023980480ffc: 0f1f 8400 | ec26 0012 

  0x0000023980481004: ; implicit exception: dispatches to 0x0000023980481a3c
                      ; ImmutableOopMap {rax=Oop [176]=Oop [192]=Oop [208]=Oop [216]=Oop [224]=Oop [232]=Oop }
                      ;*athrow {reexecute=1 rethrow=0 return_oop=0}
                      ; - (reexecute) java.lang.invoke.Invokers::checkExactType@15
                      ; - java.lang.invoke.LambdaForm$MH/0x00000239900ef000::invokeExact_MT@11
                      ; - jdk.internal.reflect.DirectMethodHandleAccessor::invokeImpl@92
                      ; - jdk.internal.reflect.DirectMethodHandleAccessor::invoke@23
                      ;   {section_word}
  0x0000023980481004: 483b 0048 | ba07 1048 | 8039 0200 

  0x0000023980481010: ;   {runtime_call handle_exception_nofpu Runtime1 stub}
  0x0000023980481010: 00e8 6af2 

  0x0000023980481014: ;   {metadata(method data for {method} {0x000002398f3dc408} 'checkExactType' '(Ljava/lang/invoke/MethodHandle;Ljava/lang/invoke/MethodType;)V' in 'java/lang/invoke/Invokers')}
  0x0000023980481014: 1b07 9048 | baa8 ae19 | f939 0200 | 0048 8382 | 6801 0000 

  0x0000023980481028: ;   {oop(a 'java/lang/invoke/MethodType'{0x00000000ede9e808} = (Ljava/lang/Object;[Ljava/lang/Object;)Ljava/lang/Object;)}
  0x0000023980481028: 0149 b808 | e8e9 ed00 | 0000 0048 

  0x0000023980481034: ;   {static_call}
  0x0000023980481034: 8bd7 90e8 

  0x0000023980481038: ; ImmutableOopMap {[176]=Oop [184]=Oop [192]=Oop [200]=Oop }
                      ;*invokestatic newWrongMethodTypeException {reexecute=0 rethrow=0 return_oop=0}
                      ; - java.lang.invoke.Invokers::checkExactType@12
                      ; - java.lang.invoke.Invokers$Holder::invokeExact_MT@10
                      ; - jdk.internal.reflect.DirectMethodHandleAccessor::invokeImpl@104
                      ; - jdk.internal.reflect.DirectMethodHandleAccessor::invoke@23
  0x0000023980481038: 44e0 0f07 

  0x000002398048103c: ;   {other}
  0x000002398048103c: 0f1f 8400 | 2c27 0014 

  0x0000023980481044: ; implicit exception: dispatches to 0x0000023980481a41
                      ; ImmutableOopMap {rax=Oop [176]=Oop [184]=Oop [192]=Oop [200]=Oop }
                      ;*athrow {reexecute=1 rethrow=0 return_oop=0}
                      ; - (reexecute) java.lang.invoke.Invokers::checkExactType@15
                      ; - java.lang.invoke.Invokers$Holder::invokeExact_MT@10
                      ; - jdk.internal.reflect.DirectMethodHandleAccessor::invokeImpl@104
                      ; - jdk.internal.reflect.DirectMethodHandleAccessor::invoke@23
                      ;   {section_word}
  0x0000023980481044: 483b 0048 | ba47 1048 | 8039 0200 

  0x0000023980481050: ;   {runtime_call handle_exception_nofpu Runtime1 stub}
  0x0000023980481050: 00e8 2af2 | 1b07 9049 | 8b87 0005 | 0000 4d33 | d24d 8997 | 0005 0000 | 4d33 d24d | 8997 0805 
  0x0000023980481070: 0000 488b | 9424 b000 

  0x0000023980481078: ;   {metadata(method data for {method} {0x000002398f19cf00} 'invoke' '(Ljava/lang/Object;[Ljava/lang/Object;)Ljava/lang/Object;' in 'jdk/internal/reflect/DirectMethodHandleAccessor')}
  0x0000023980481078: 0000 49b8 | d0dc 90f9 | 3902 0000 | 4983 8060 | 0200 0001 

  0x000002398048108c: ;   {metadata(method data for {method} {0x000002398f3c84c0} 'isIllegalArgument' '(Ljava/lang/RuntimeException;)Z' in 'jdk/internal/reflect/DirectMethodHandleAccessor')}
  0x000002398048108c: 48ba 48eb | 90f9 3902 | 0000 448b | 82cc 0000 | 0041 83c0 | 0244 8982 | cc00 0000 | 4181 e0fe 
  0x00000239804810ac: ff1f 0045 | 85c0 0f84 | 8e09 0000 

  0x00000239804810b8: ;   {oop(a 'java/lang/Class'{0x00000000e0b77460} = 'jdk/internal/reflect/DirectMethodHandleAccessor')}
  0x00000239804810b8: 48ba 6074 | b7e0 0000 | 0000 4c8b | c048 8984 | 2420 0100 

  0x00000239804810cc: ;   {static_call}
  0x00000239804810cc: 0066 90e8 

  0x00000239804810d0: ; ImmutableOopMap {[288]=Oop }
                      ;*invokestatic isIllegalArgument {reexecute=0 rethrow=0 return_oop=0}
                      ; - jdk.internal.reflect.DirectMethodHandleAccessor::isIllegalArgument@3
                      ; - jdk.internal.reflect.DirectMethodHandleAccessor::invoke@58
  0x00000239804810d0: acdf 0f07 

  0x00000239804810d4: ;   {other}
  0x00000239804810d4: 0f1f 8400 | c427 0016 | 83e0 0185 

  0x00000239804810e0: ;   {metadata(method data for {method} {0x000002398f19cf00} 'invoke' '(Ljava/lang/Object;[Ljava/lang/Object;)Ljava/lang/Object;' in 'jdk/internal/reflect/DirectMethodHandleAccessor')}
  0x00000239804810e0: c048 b8d0 | dc90 f939 | 0200 0048 | c7c2 9802 | 0000 7407 | 48c7 c2a8 | 0200 004c | 8b04 104d 
  0x0000023980481100: 8d40 014c | 8904 100f | 84bc 0200 | 00e9 0f02 | 0000 498b | 8700 0500 | 004d 33d2 | 4d89 9700 
  0x0000023980481120: 0500 004d | 33d2 4d89 | 9708 0500 | 0048 8b94 | 24b0 0000 

  0x0000023980481134: ;   {metadata(method data for {method} {0x000002398f19cf00} 'invoke' '(Ljava/lang/Object;[Ljava/lang/Object;)Ljava/lang/Object;' in 'jdk/internal/reflect/DirectMethodHandleAccessor')}
  0x0000023980481134: 0049 b8d0 | dc90 f939 | 0200 0049 | 8380 e801 

  0x0000023980481144: ;   {metadata(method data for {method} {0x000002398f3c84c0} 'isIllegalArgument' '(Ljava/lang/RuntimeException;)Z' in 'jdk/internal/reflect/DirectMethodHandleAccessor')}
  0x0000023980481144: 0000 0148 | ba48 eb90 | f939 0200 | 0044 8b82 | cc00 0000 | 4183 c002 | 4489 82cc | 0000 0041 
  0x0000023980481164: 81e0 feff | 1f00 4585 | c00f 84f4 

  0x0000023980481170: ;   {oop(a 'java/lang/Class'{0x00000000e0b77460} = 'jdk/internal/reflect/DirectMethodHandleAccessor')}
  0x0000023980481170: 0800 0048 | ba60 74b7 | e000 0000 | 004c 8bc0 | 4889 8424 | 2801 0000 | 0f1f 8000 

  0x000002398048118c: ;   {static_call}
  0x000002398048118c: 0000 00e8 

  0x0000023980481190: ; ImmutableOopMap {[296]=Oop }
                      ;*invokestatic isIllegalArgument {reexecute=0 rethrow=0 return_oop=0}
                      ; - jdk.internal.reflect.DirectMethodHandleAccessor::isIllegalArgument@3
                      ; - jdk.internal.reflect.DirectMethodHandleAccessor::invoke@30
  0x0000023980481190: ecde 0f07 

  0x0000023980481194: ;   {other}
  0x0000023980481194: 0f1f 8400 | 8428 0017 | 83e0 0185 

  0x00000239804811a0: ;   {metadata(method data for {method} {0x000002398f19cf00} 'invoke' '(Ljava/lang/Object;[Ljava/lang/Object;)Ljava/lang/Object;' in 'jdk/internal/reflect/DirectMethodHandleAccessor')}
  0x00000239804811a0: c048 bad0 | dc90 f939 | 0200 0048 | c7c6 2002 | 0000 7407 | 48c7 c630 | 0200 0048 | 8b3c 3248 
  0x00000239804811c0: 8d7f 0148 | 893c 320f | 84a4 0000 | 0066 6690 

  0x00000239804811d0: ;   {no_reloc}
  0x00000239804811d0: e9c2 0800 | 0000 0000 | 0000 498b | 87b8 0100 | 0048 8d78 | 2849 3bbf | c801 0000 | 0f87 af08 
  0x00000239804811f0: 0000 4989 | bfb8 0100 | 0048 c700 | 0100 0000 | 488b ca49 | ba00 0000 | 8f39 0200 | 0049 2bca 
  0x0000023980481210: 8948 0848 | 33c9 8948 | 0c48 33c9 | 4889 4810 | 4889 4818 | 4889 4820 

  0x0000023980481228: ;   {metadata(method data for {method} {0x000002398f19cf00} 'invoke' '(Ljava/lang/Object;[Ljava/lang/Object;)Ljava/lang/Object;' in 'jdk/internal/reflect/DirectMethodHandleAccessor')}
  0x0000023980481228: 4c8b c048 | bad0 dc90 | f939 0200 | 0048 8382 | 4002 0000 

  0x000002398048123c: ;   {oop("argument type mismatch"{0x00000000efe80838})}
  0x000002398048123c: 0149 b838 | 08e8 ef00 | 0000 0048 | 8bd0 4889 | 8424 3001 | 0000 0f1f 

  0x0000023980481254: ;   {optimized virtual_call}
  0x0000023980481254: 4400 00e8 

  0x0000023980481258: ; ImmutableOopMap {[304]=Oop }
                      ;*invokespecial <init> {reexecute=0 rethrow=0 return_oop=0}
                      ; - jdk.internal.reflect.DirectMethodHandleAccessor::invoke@42
  0x0000023980481258: 24d8 0f07 

  0x000002398048125c: ;   {other}
  0x000002398048125c: 0f1f 8400 | 4c29 0018 | 488b 8424 | 3001 0000 | e927 0900 | 004c 8b84 | 2428 0100 | 000f 1f80 
  0x000002398048127c: 0000 0000 

  0x0000023980481280: ;   {no_reloc}
  0x0000023980481280: e938 0800 | 0000 0000 | 0000 80ba | 3101 0000 | 040f 8535 | 0800 0049 | 8b87 b801 | 0000 488d 
  0x00000239804812a0: 7828 493b | bfc8 0100 | 000f 871d | 0800 0049 | 89bf b801 | 0000 48c7 | 0001 0000 | 0048 8bca 
  0x00000239804812c0: 49ba 0000 | 008f 3902 | 0000 492b | ca89 4808 | 4833 c989 | 480c 4833 | c948 8948 | 1048 8948 
  0x00000239804812e0: 1848 8948 | 2048 8bd0 

  0x00000239804812e8: ;   {metadata(method data for {method} {0x000002398f19cf00} 'invoke' '(Ljava/lang/Object;[Ljava/lang/Object;)Ljava/lang/Object;' in 'jdk/internal/reflect/DirectMethodHandleAccessor')}
  0x00000239804812e8: 48be d0dc | 90f9 3902 | 0000 4883 | 8650 0200 | 0001 488b | d048 8984 | 2438 0100 

  0x0000023980481304: ;   {optimized virtual_call}
  0x0000023980481304: 0066 90e8 

  0x0000023980481308: ; ImmutableOopMap {[312]=Oop }
                      ;*invokespecial <init> {reexecute=0 rethrow=0 return_oop=0}
                      ; - jdk.internal.reflect.DirectMethodHandleAccessor::invoke@51
  0x0000023980481308: 74d7 0f07 

  0x000002398048130c: ;   {other}
  0x000002398048130c: 0f1f 8400 | fc29 0019 | 488b 8424 | 3801 0000 | e977 0800 | 000f 1f80 | 0000 0000 

  0x0000023980481328: ;   {no_reloc}
  0x0000023980481328: e9bb 0700 | 0000 0000 | 0000 498b | 87b8 0100 | 0048 8d78 | 2849 3bbf | c801 0000 | 0f87 a807 
  0x0000023980481348: 0000 4989 | bfb8 0100 | 0048 c700 | 0100 0000 | 488b ca49 | ba00 0000 | 8f39 0200 | 0049 2bca 
  0x0000023980481368: 8948 0848 | 33c9 8948 | 0c48 33c9 | 4889 4810 | 4889 4818 | 4889 4820 

  0x0000023980481380: ;   {metadata(method data for {method} {0x000002398f19cf00} 'invoke' '(Ljava/lang/Object;[Ljava/lang/Object;)Ljava/lang/Object;' in 'jdk/internal/reflect/DirectMethodHandleAccessor')}
  0x0000023980481380: 4c8b c048 | bad0 dc90 | f939 0200 | 0048 8382 | b802 0000 | 014c 8b84 | 2420 0100 | 0048 8bd0 
  0x00000239804813a0: 4889 8424 | 4001 0000 | 0f1f 8000 

  0x00000239804813ac: ;   {optimized virtual_call}
  0x00000239804813ac: 0000 00e8 

  0x00000239804813b0: ; ImmutableOopMap {[320]=Oop }
                      ;*invokespecial <init> {reexecute=0 rethrow=0 return_oop=0}
                      ; - jdk.internal.reflect.DirectMethodHandleAccessor::invoke@69
  0x00000239804813b0: ccd6 0f07 

  0x00000239804813b4: ;   {other}
  0x00000239804813b4: 0f1f 8400 | a42a 001a | 488b 8424 | 4001 0000 | e9cf 0700 | 004c 8b84 | 2420 0100 | 000f 1f80 
  0x00000239804813d4: 0000 0000 

  0x00000239804813d8: ;   {no_reloc}
  0x00000239804813d8: e931 0700 | 0000 0000 | 0000 80ba | 3101 0000 | 040f 852e | 0700 0049 | 8b87 b801 | 0000 488d 
  0x00000239804813f8: 7828 493b | bfc8 0100 | 000f 8716 | 0700 0049 | 89bf b801 | 0000 48c7 | 0001 0000 | 0048 8bca 
  0x0000023980481418: 49ba 0000 | 008f 3902 | 0000 492b | ca89 4808 | 4833 c989 | 480c 4833 | c948 8948 | 1048 8948 
  0x0000023980481438: 1848 8948 | 2048 8bd0 

  0x0000023980481440: ;   {metadata(method data for {method} {0x000002398f19cf00} 'invoke' '(Ljava/lang/Object;[Ljava/lang/Object;)Ljava/lang/Object;' in 'jdk/internal/reflect/DirectMethodHandleAccessor')}
  0x0000023980481440: 48be d0dc | 90f9 3902 | 0000 4883 | 86c8 0200 | 0001 488b | d048 8984 | 2448 0100 

  0x000002398048145c: ;   {optimized virtual_call}
  0x000002398048145c: 0066 90e8 

  0x0000023980481460: ; ImmutableOopMap {[328]=Oop }
                      ;*invokespecial <init> {reexecute=0 rethrow=0 return_oop=0}
                      ; - jdk.internal.reflect.DirectMethodHandleAccessor::invoke@78
  0x0000023980481460: 1cd6 0f07 

  0x0000023980481464: ;   {other}
  0x0000023980481464: 0f1f 8400 | 542b 001b | 488b 8424 | 4801 0000 | e91f 0700 | 000f 1f80 | 0000 0000 

  0x0000023980481480: ;   {no_reloc}
  0x0000023980481480: e9b4 0600 | 0000 0000 | 0000 498b | 87b8 0100 | 0048 8d78 | 2849 3bbf | c801 0000 | 0f87 a106 
  0x00000239804814a0: 0000 4989 | bfb8 0100 | 0048 c700 | 0100 0000 | 488b ca49 | ba00 0000 | 8f39 0200 | 0049 2bca 
  0x00000239804814c0: 8948 0848 | 33c9 8948 | 0c48 33c9 | 4889 4810 | 4889 4818 | 4889 4820 

  0x00000239804814d8: ;   {metadata(method data for {method} {0x000002398f3c86d0} 'checkReceiver' '(Ljava/lang/Object;)V' in 'jdk/internal/reflect/DirectMethodHandleAccessor')}
  0x00000239804814d8: 488b d048 | bee8 7332 | f939 0200 | 0048 8386 | a001 0000 

  0x00000239804814ec: ;   {oop("object is not an instance of declaring class"{0x00000000efe813a8})}
  0x00000239804814ec: 0149 b8a8 | 13e8 ef00 | 0000 0048 | 8bd0 4889 | 8424 5001 | 0000 0f1f 

  0x0000023980481504: ;   {optimized virtual_call}
  0x0000023980481504: 4400 00e8 

  0x0000023980481508: ; ImmutableOopMap {[176]=Oop [184]=Oop [192]=Oop [336]=Oop }
                      ;*invokespecial <init> {reexecute=0 rethrow=0 return_oop=0}
                      ; - jdk.internal.reflect.DirectMethodHandleAccessor::checkReceiver@20
                      ; - jdk.internal.reflect.DirectMethodHandleAccessor::invoke@9
  0x0000023980481508: 74d5 0f07 

  0x000002398048150c: ;   {other}
  0x000002398048150c: 0f1f 8400 | fc2b 001c | 488b 8424 | 5001 0000 | e977 0600 | 0049 8b87 | 0005 0000 | 4d33 d24d 
  0x000002398048152c: 8997 0005 | 0000 4d33 | d24d 8997 | 0805 0000 | 4c8b c090 

  0x0000023980481540: ;   {no_reloc}
  0x0000023980481540: e91a 0600 | 0000 0000 | 0000 80ba | 3101 0000 | 040f 8517 | 0600 0049 | 8b87 b801 | 0000 488d 
  0x0000023980481560: 7828 493b | bfc8 0100 | 000f 87ff | 0500 0049 | 89bf b801 | 0000 48c7 | 0001 0000 | 0048 8bca 
  0x0000023980481580: 49ba 0000 | 008f 3902 | 0000 492b | ca89 4808 | 4833 c989 | 480c 4833 | c948 8948 | 1048 8948 
  0x00000239804815a0: 1848 8948 | 2048 8bd0 

  0x00000239804815a8: ;   {metadata(method data for {method} {0x000002398f19cf00} 'invoke' '(Ljava/lang/Object;[Ljava/lang/Object;)Ljava/lang/Object;' in 'jdk/internal/reflect/DirectMethodHandleAccessor')}
  0x00000239804815a8: 48be d0dc | 90f9 3902 | 0000 4883 | 86d8 0200 | 0001 488b | d048 8984 | 2458 0100 

  0x00000239804815c4: ;   {optimized virtual_call}
  0x00000239804815c4: 0066 90e8 

  0x00000239804815c8: ; ImmutableOopMap {[344]=Oop }
                      ;*invokespecial <init> {reexecute=0 rethrow=0 return_oop=0}
                      ; - jdk.internal.reflect.DirectMethodHandleAccessor::invoke@88
  0x00000239804815c8: b4d4 0f07 

  0x00000239804815cc: ;   {other}
  0x00000239804815cc: 0f1f 8400 | bc2c 001d | 488b 8424 | 5801 0000 | e9b7 0500 

  0x00000239804815e0: ;   {metadata({method} {0x000002398f19cf00} 'invoke' '(Ljava/lang/Object;[Ljava/lang/Object;)Ljava/lang/Object;' in 'jdk/internal/reflect/DirectMethodHandleAccessor')}
  0x00000239804815e0: 0049 baf8 | ce19 8f39 | 0200 004c | 8954 2408 | 48c7 0424 | ffff ffff 

  0x00000239804815f8: ;   {runtime_call counter_overflow Runtime1 stub}
  0x00000239804815f8: e883 251c 

  0x00000239804815fc: ; ImmutableOopMap {rdx=Oop r8=Oop r9=Oop [176]=Oop [184]=Oop [192]=Oop }
                      ;*synchronization entry
                      ; - jdk.internal.reflect.DirectMethodHandleAccessor::invoke@-1
  0x00000239804815fc: 07e9 bcd8 

  0x0000023980481600: ;   {metadata({method} {0x000002398f3c8780} 'isStatic' '()Z' in 'jdk/internal/reflect/DirectMethodHandleAccessor')}
  0x0000023980481600: ffff 49ba | 7887 3c8f | 3902 0000 | 4c89 5424 | 0848 c704 | 24ff ffff 

  0x0000023980481618: ;   {runtime_call counter_overflow Runtime1 stub}
  0x0000023980481618: ffe8 6225 

  0x000002398048161c: ; ImmutableOopMap {rdx=Oop r8=Oop r9=Oop [176]=Oop [184]=Oop [192]=Oop }
                      ;*synchronization entry
                      ; - jdk.internal.reflect.DirectMethodHandleAccessor::isStatic@-1
                      ; - jdk.internal.reflect.DirectMethodHandleAccessor::invoke@1
  0x000002398048161c: 1c07 e9d7 

  0x0000023980481620: ;   {metadata({method} {0x000002398f3c86d0} 'checkReceiver' '(Ljava/lang/Object;)V' in 'jdk/internal/reflect/DirectMethodHandleAccessor')}
  0x0000023980481620: d8ff ff49 | bac8 863c | 8f39 0200 | 004c 8954 | 2408 48c7 | 0424 ffff 

  0x0000023980481638: ;   {runtime_call counter_overflow Runtime1 stub}
  0x0000023980481638: ffff e841 

  0x000002398048163c: ; ImmutableOopMap {rdx=Oop r8=Oop [176]=Oop [184]=Oop [192]=Oop }
                      ;*synchronization entry
                      ; - jdk.internal.reflect.DirectMethodHandleAccessor::checkReceiver@-1
                      ; - jdk.internal.reflect.DirectMethodHandleAccessor::invoke@9
  0x000002398048163c: 251c 07e9 | 7dd9 ffff 

  0x0000023980481644: ;   {runtime_call throw_null_pointer_exception Runtime1 stub}
  0x0000023980481644: e837 d41b 

  0x0000023980481648: ; ImmutableOopMap {rdx=Oop r8=Oop rsi=Oop [176]=Oop [184]=Oop [192]=Oop }
                      ;*invokevirtual getClass {reexecute=0 rethrow=0 return_oop=0}
                      ; - jdk.internal.reflect.DirectMethodHandleAccessor::checkReceiver@5
                      ; - jdk.internal.reflect.DirectMethodHandleAccessor::invoke@9
                      ;   {runtime_call throw_null_pointer_exception Runtime1 stub}
  0x0000023980481648: 07e8 32d4 

  0x000002398048164c: ; ImmutableOopMap {rdx=Oop r8=Oop rsi=Oop rdi=Oop [176]=Oop [184]=Oop [192]=Oop }
                      ;*invokevirtual isAssignableFrom {reexecute=0 rethrow=0 return_oop=0}
                      ; - jdk.internal.reflect.DirectMethodHandleAccessor::checkReceiver@8
                      ; - jdk.internal.reflect.DirectMethodHandleAccessor::invoke@9
                      ;   {metadata({method} {0x000002398f3c8518} 'invokeImpl' '(Ljava/lang/Object;[Ljava/lang/Object;)Ljava/lang/Object;' in 'jdk/internal/reflect/DirectMethodHandleAccessor')}
  0x000002398048164c: 1b07 49ba | 1085 3c8f | 3902 0000 | 4c89 5424 | 0848 c704 | 24ff ffff 

  0x0000023980481664: ;   {runtime_call counter_overflow Runtime1 stub}
  0x0000023980481664: ffe8 1625 

  0x0000023980481668: ; ImmutableOopMap {rdx=Oop [176]=Oop [184]=Oop [192]=Oop }
                      ;*synchronization entry
                      ; - jdk.internal.reflect.DirectMethodHandleAccessor::invokeImpl@-1
                      ; - jdk.internal.reflect.DirectMethodHandleAccessor::invoke@23
  0x0000023980481668: 1c07 e961 

  0x000002398048166c: ;   {metadata({method} {0x000002398f0ae518} 'invokeExact_MT' '(Ljava/lang/Object;Ljava/lang/Object;Ljava/lang/Object;Ljava/lang/Object;)Ljava/lang/Object;' in 'java/lang/invoke/Invokers$Holder')}
  0x000002398048166c: daff ff49 | ba10 e50a | 8f39 0200 | 004c 8954 | 2408 48c7 | 0424 ffff 

  0x0000023980481684: ;   {runtime_call counter_overflow Runtime1 stub}
  0x0000023980481684: ffff e8f5 

  0x0000023980481688: ; ImmutableOopMap {rdx=Oop r8=Oop rsi=Oop [176]=Oop [184]=Oop [192]=Oop [200]=Oop }
                      ;*synchronization entry
                      ; - java.lang.invoke.Invokers$Holder::invokeExact_MT@-1
                      ; - jdk.internal.reflect.DirectMethodHandleAccessor::invokeImpl@104
                      ; - jdk.internal.reflect.DirectMethodHandleAccessor::invoke@23
  0x0000023980481688: 241c 07e9 | 4cdc ffff 

  0x0000023980481690: ;   {metadata({method} {0x000002398f3dc408} 'checkExactType' '(Ljava/lang/invoke/MethodHandle;Ljava/lang/invoke/MethodType;)V' in 'java/lang/invoke/Invokers')}
  0x0000023980481690: 49ba 00c4 | 3d8f 3902 | 0000 4c89 | 5424 0848 | c704 24ff 

  0x00000239804816a4: ;   {runtime_call counter_overflow Runtime1 stub}
  0x00000239804816a4: ffff ffe8 

  0x00000239804816a8: ; ImmutableOopMap {rdx=Oop r8=Oop rsi=Oop rbx=Oop [176]=Oop [184]=Oop [192]=Oop [200]=Oop }
                      ;*synchronization entry
                      ; - java.lang.invoke.Invokers::checkExactType@-1
                      ; - java.lang.invoke.Invokers$Holder::invokeExact_MT@10
                      ; - jdk.internal.reflect.DirectMethodHandleAccessor::invokeImpl@104
                      ; - jdk.internal.reflect.DirectMethodHandleAccessor::invoke@23
  0x00000239804816a8: d424 1c07 | e9ec dcff 

  0x00000239804816b0: ;   {runtime_call throw_null_pointer_exception Runtime1 stub}
  0x00000239804816b0: ffe8 cad3 

  0x00000239804816b4: ; ImmutableOopMap {rdx=Oop r8=Oop rsi=Oop rbx=Oop [176]=Oop [184]=Oop [192]=Oop [200]=Oop }
                      ;*invokevirtual type {reexecute=0 rethrow=0 return_oop=0}
                      ; - java.lang.invoke.Invokers::checkExactType@1
                      ; - java.lang.invoke.Invokers$Holder::invokeExact_MT@10
                      ; - jdk.internal.reflect.DirectMethodHandleAccessor::invokeImpl@104
                      ; - jdk.internal.reflect.DirectMethodHandleAccessor::invoke@23
                      ;   {metadata({method} {0x000002398f3dc300} 'checkCustomized' '(Ljava/lang/invoke/MethodHandle;)V' in 'java/lang/invoke/Invokers')}
  0x00000239804816b4: 1b07 49ba | f8c2 3d8f | 3902 0000 | 4c89 5424 | 0848 c704 | 24ff ffff 

  0x00000239804816cc: ;   {runtime_call counter_overflow Runtime1 stub}
  0x00000239804816cc: ffe8 ae24 

  0x00000239804816d0: ; ImmutableOopMap {rdx=Oop r8=Oop rsi=Oop [176]=Oop [184]=Oop [192]=Oop [200]=Oop }
                      ;*synchronization entry
                      ; - java.lang.invoke.Invokers::checkCustomized@-1
                      ; - java.lang.invoke.Invokers$Holder::invokeExact_MT@14
                      ; - jdk.internal.reflect.DirectMethodHandleAccessor::invokeImpl@104
                      ; - jdk.internal.reflect.DirectMethodHandleAccessor::invoke@23
  0x00000239804816d0: 1c07 e922 

  0x00000239804816d4: ;   {metadata({method} {0x000002398f0944d8} 'isCompileConstant' '(Ljava/lang/Object;)Z' in 'java/lang/invoke/MethodHandleImpl')}
  0x00000239804816d4: deff ff49 | bad0 4409 | 8f39 0200 | 004c 8954 | 2408 48c7 | 0424 ffff 

  0x00000239804816ec: ;   {runtime_call counter_overflow Runtime1 stub}
  0x00000239804816ec: ffff e88d 

  0x00000239804816f0: ; ImmutableOopMap {rdx=Oop r8=Oop rsi=Oop [176]=Oop [184]=Oop [192]=Oop [200]=Oop }
                      ;*synchronization entry
                      ; - java.lang.invoke.MethodHandleImpl::isCompileConstant@-1
                      ; - java.lang.invoke.Invokers::checkCustomized@1
                      ; - java.lang.invoke.Invokers$Holder::invokeExact_MT@14
                      ; - jdk.internal.reflect.DirectMethodHandleAccessor::invokeImpl@104
                      ; - jdk.internal.reflect.DirectMethodHandleAccessor::invoke@23
  0x00000239804816f0: 241c 07e9 | 3ade ffff 

  0x00000239804816f8: ;   {runtime_call throw_null_pointer_exception Runtime1 stub}
  0x00000239804816f8: e883 d31b 

  0x00000239804816fc: ; ImmutableOopMap {rdx=Oop r8=Oop rsi=Oop [176]=Oop [184]=Oop [192]=Oop [200]=Oop }
                      ;*getfield customized {reexecute=1 rethrow=0 return_oop=0}
                      ; - (reexecute) java.lang.invoke.Invokers::checkCustomized@12
                      ; - java.lang.invoke.Invokers$Holder::invokeExact_MT@14
                      ; - jdk.internal.reflect.DirectMethodHandleAccessor::invokeImpl@104
                      ; - jdk.internal.reflect.DirectMethodHandleAccessor::invoke@23
                      ;   {internal_word}
  0x00000239804816fc: 0749 ba84 | f747 8039 | 0200 004d | 8997 6804 

  0x000002398048170c: ;   {runtime_call SafepointBlob}
  0x000002398048170c: 0000 e96d 

  0x0000023980481710: ;   {runtime_call throw_null_pointer_exception Runtime1 stub}
  0x0000023980481710: 3d10 07e8 

  0x0000023980481714: ; ImmutableOopMap {rdx=Oop r9=Oop r8=Oop rsi=Oop [176]=Oop [184]=Oop [192]=Oop [216]=Oop }
                      ;*aaload {reexecute=0 rethrow=0 return_oop=0}
                      ; - jdk.internal.reflect.DirectMethodHandleAccessor::invokeImpl@85
                      ; - jdk.internal.reflect.DirectMethodHandleAccessor::invoke@23
  0x0000023980481714: 68d3 1b07 

  0x0000023980481718: ;   {runtime_call throw_null_pointer_exception Runtime1 stub}
  0x0000023980481718: e863 d31b 

  0x000002398048171c: ; ImmutableOopMap {rdx=Oop r9=Oop r8=Oop rsi=Oop [176]=Oop [184]=Oop [192]=Oop [216]=Oop }
                      ;*aaload {reexecute=0 rethrow=0 return_oop=0}
                      ; - jdk.internal.reflect.DirectMethodHandleAccessor::invokeImpl@85
                      ; - jdk.internal.reflect.DirectMethodHandleAccessor::invoke@23
  0x000002398048171c: 0748 c704 | 2400 0000 | 004c 894c 

  0x0000023980481728: ;   {runtime_call throw_range_check_failed Runtime1 stub}
  0x0000023980481728: 2408 e851 

  0x000002398048172c: ; ImmutableOopMap {rdx=Oop r9=Oop r8=Oop rsi=Oop [176]=Oop [184]=Oop [192]=Oop [216]=Oop }
                      ;*aaload {reexecute=0 rethrow=0 return_oop=0}
                      ; - jdk.internal.reflect.DirectMethodHandleAccessor::invokeImpl@85
                      ; - jdk.internal.reflect.DirectMethodHandleAccessor::invoke@23
  0x000002398048172c: ca1b 0748 | c704 2401 | 0000 004c | 894c 2408 

  0x000002398048173c: ;   {runtime_call throw_range_check_failed Runtime1 stub}
  0x000002398048173c: e83f ca1b 

  0x0000023980481740: ; ImmutableOopMap {rdx=Oop r9=Oop r8=Oop rsi=Oop rdi=Oop [176]=Oop [184]=Oop [192]=Oop [208]=Oop [216]=Oop }
                      ;*aaload {reexecute=0 rethrow=0 return_oop=0}
                      ; - jdk.internal.reflect.DirectMethodHandleAccessor::invokeImpl@88
                      ; - jdk.internal.reflect.DirectMethodHandleAccessor::invoke@23
  0x0000023980481740: 0748 c704 | 2402 0000 | 004c 894c 

  0x000002398048174c: ;   {runtime_call throw_range_check_failed Runtime1 stub}
  0x000002398048174c: 2408 e82d 

  0x0000023980481750: ; ImmutableOopMap {rdx=Oop r9=Oop r8=Oop rsi=Oop rdi=Oop rbx=Oop [176]=Oop [184]=Oop [192]=Oop [208]=Oop [216]=Oop [224]=Oop }
                      ;*aaload {reexecute=0 rethrow=0 return_oop=0}
                      ; - jdk.internal.reflect.DirectMethodHandleAccessor::invokeImpl@91
                      ; - jdk.internal.reflect.DirectMethodHandleAccessor::invoke@23
                      ;   {metadata({method} {0x00000239f97102b8} 'invokeExact_MT' '(Ljava/lang/Object;Ljava/lang/Object;Ljava/lang/Object;Ljava/lang/Object;Ljava/lang/Object;Ljava/lang/Object;)Ljava/lang/Object;' in 'java/lang/invoke/LambdaForm$MH+0x00000239900ef000')}
  0x0000023980481750: ca1b 0749 | bab0 0271 | f939 0200 | 004c 8954 | 2408 48c7 | 0424 ffff 

  0x0000023980481768: ;   {runtime_call counter_overflow Runtime1 stub}
  0x0000023980481768: ffff e811 

  0x000002398048176c: ; ImmutableOopMap {rdx=Oop r8=Oop rsi=Oop rdi=Oop rbx=Oop rax=Oop [176]=Oop [192]=Oop [208]=Oop [216]=Oop [224]=Oop [232]=Oop }
                      ;*synchronization entry
                      ; - java.lang.invoke.LambdaForm$MH/0x00000239900ef000::invokeExact_MT@-1
                      ; - jdk.internal.reflect.DirectMethodHandleAccessor::invokeImpl@92
                      ; - jdk.internal.reflect.DirectMethodHandleAccessor::invoke@23
  0x000002398048176c: 241c 07e9 | f4e1 ffff 

  0x0000023980481774: ;   {metadata({method} {0x000002398f3dc408} 'checkExactType' '(Ljava/lang/invoke/MethodHandle;Ljava/lang/invoke/MethodType;)V' in 'java/lang/invoke/Invokers')}
  0x0000023980481774: 49ba 00c4 | 3d8f 3902 | 0000 4c89 | 5424 0848 | c704 24ff 

  0x0000023980481788: ;   {runtime_call counter_overflow Runtime1 stub}
  0x0000023980481788: ffff ffe8 

  0x000002398048178c: ; ImmutableOopMap {rdx=Oop r8=Oop rsi=Oop rdi=Oop rbx=Oop rax=Oop r9=Oop [176]=Oop [192]=Oop [208]=Oop [216]=Oop [224]=Oop [232]=Oop }
                      ;*synchronization entry
                      ; - java.lang.invoke.Invokers::checkExactType@-1
                      ; - java.lang.invoke.LambdaForm$MH/0x00000239900ef000::invokeExact_MT@11
                      ; - jdk.internal.reflect.DirectMethodHandleAccessor::invokeImpl@92
                      ; - jdk.internal.reflect.DirectMethodHandleAccessor::invoke@23
  0x000002398048178c: f023 1c07 | e99c e2ff 

  0x0000023980481794: ;   {runtime_call throw_null_pointer_exception Runtime1 stub}
  0x0000023980481794: ffe8 e6d2 

  0x0000023980481798: ; ImmutableOopMap {rdx=Oop r8=Oop rsi=Oop rdi=Oop rbx=Oop rax=Oop r9=Oop [176]=Oop [192]=Oop [208]=Oop [216]=Oop [224]=Oop [232]=Oop }
                      ;*invokevirtual type {reexecute=0 rethrow=0 return_oop=0}
                      ; - java.lang.invoke.Invokers::checkExactType@1
                      ; - java.lang.invoke.LambdaForm$MH/0x00000239900ef000::invokeExact_MT@11
                      ; - jdk.internal.reflect.DirectMethodHandleAccessor::invokeImpl@92
                      ; - jdk.internal.reflect.DirectMethodHandleAccessor::invoke@23
                      ;   {metadata({method} {0x000002398f3dc300} 'checkCustomized' '(Ljava/lang/invoke/MethodHandle;)V' in 'java/lang/invoke/Invokers')}
  0x0000023980481798: 1b07 49ba | f8c2 3d8f | 3902 0000 | 4c89 5424 | 0848 c704 | 24ff ffff 

  0x00000239804817b0: ;   {runtime_call counter_overflow Runtime1 stub}
  0x00000239804817b0: ffe8 ca23 

  0x00000239804817b4: ; ImmutableOopMap {rdx=Oop r8=Oop rsi=Oop rdi=Oop rbx=Oop rax=Oop [176]=Oop [192]=Oop [208]=Oop [216]=Oop [224]=Oop [232]=Oop }
                      ;*synchronization entry
                      ; - java.lang.invoke.Invokers::checkCustomized@-1
                      ; - java.lang.invoke.LambdaForm$MH/0x00000239900ef000::invokeExact_MT@15
                      ; - jdk.internal.reflect.DirectMethodHandleAccessor::invokeImpl@92
                      ; - jdk.internal.reflect.DirectMethodHandleAccessor::invoke@23
  0x00000239804817b4: 1c07 e9d9 

  0x00000239804817b8: ;   {metadata({method} {0x000002398f0944d8} 'isCompileConstant' '(Ljava/lang/Object;)Z' in 'java/lang/invoke/MethodHandleImpl')}
  0x00000239804817b8: e3ff ff49 | bad0 4409 | 8f39 0200 | 004c 8954 | 2408 48c7 | 0424 ffff 

  0x00000239804817d0: ;   {runtime_call counter_overflow Runtime1 stub}
  0x00000239804817d0: ffff e8a9 

  0x00000239804817d4: ; ImmutableOopMap {rdx=Oop r8=Oop rsi=Oop rdi=Oop rbx=Oop rax=Oop [176]=Oop [192]=Oop [208]=Oop [216]=Oop [224]=Oop [232]=Oop }
                      ;*synchronization entry
                      ; - java.lang.invoke.MethodHandleImpl::isCompileConstant@-1
                      ; - java.lang.invoke.Invokers::checkCustomized@1
                      ; - java.lang.invoke.LambdaForm$MH/0x00000239900ef000::invokeExact_MT@15
                      ; - jdk.internal.reflect.DirectMethodHandleAccessor::invokeImpl@92
                      ; - jdk.internal.reflect.DirectMethodHandleAccessor::invoke@23
  0x00000239804817d4: 231c 07e9 | f6e3 ffff 

  0x00000239804817dc: ;   {runtime_call throw_null_pointer_exception Runtime1 stub}
  0x00000239804817dc: e89f d21b 

  0x00000239804817e0: ; ImmutableOopMap {rdx=Oop r8=Oop rsi=Oop rdi=Oop rbx=Oop rax=Oop [176]=Oop [192]=Oop [208]=Oop [216]=Oop [224]=Oop [232]=Oop }
                      ;*getfield customized {reexecute=1 rethrow=0 return_oop=0}
                      ; - (reexecute) java.lang.invoke.Invokers::checkCustomized@12
                      ; - java.lang.invoke.LambdaForm$MH/0x00000239900ef000::invokeExact_MT@15
                      ; - jdk.internal.reflect.DirectMethodHandleAccessor::invokeImpl@92
                      ; - jdk.internal.reflect.DirectMethodHandleAccessor::invoke@23
                      ;   {internal_word}
  0x00000239804817e0: 0749 ba4c | fe47 8039 | 0200 004d | 8997 6804 

  0x00000239804817f0: ;   {runtime_call SafepointBlob}
  0x00000239804817f0: 0000 e989 

  0x00000239804817f4: ;   {runtime_call throw_null_pointer_exception Runtime1 stub}
  0x00000239804817f4: 3c10 07e8 

  0x00000239804817f8: ; ImmutableOopMap {rdx=Oop r9=Oop r8=Oop rsi=Oop [176]=Oop [184]=Oop [192]=Oop [248]=Oop }
                      ;*aaload {reexecute=0 rethrow=0 return_oop=0}
                      ; - jdk.internal.reflect.DirectMethodHandleAccessor::invokeImpl@68
                      ; - jdk.internal.reflect.DirectMethodHandleAccessor::invoke@23
  0x00000239804817f8: 84d2 1b07 

  0x00000239804817fc: ;   {runtime_call throw_null_pointer_exception Runtime1 stub}
  0x00000239804817fc: e87f d21b 

  0x0000023980481800: ; ImmutableOopMap {rdx=Oop r9=Oop r8=Oop rsi=Oop [176]=Oop [184]=Oop [192]=Oop [248]=Oop }
                      ;*aaload {reexecute=0 rethrow=0 return_oop=0}
                      ; - jdk.internal.reflect.DirectMethodHandleAccessor::invokeImpl@68
                      ; - jdk.internal.reflect.DirectMethodHandleAccessor::invoke@23
  0x0000023980481800: 0748 c704 | 2400 0000 | 004c 894c 

  0x000002398048180c: ;   {runtime_call throw_range_check_failed Runtime1 stub}
  0x000002398048180c: 2408 e86d 

  0x0000023980481810: ; ImmutableOopMap {rdx=Oop r9=Oop r8=Oop rsi=Oop [176]=Oop [184]=Oop [192]=Oop [248]=Oop }
                      ;*aaload {reexecute=0 rethrow=0 return_oop=0}
                      ; - jdk.internal.reflect.DirectMethodHandleAccessor::invokeImpl@68
                      ; - jdk.internal.reflect.DirectMethodHandleAccessor::invoke@23
  0x0000023980481810: c91b 0748 | c704 2401 | 0000 004c | 894c 2408 

  0x0000023980481820: ;   {runtime_call throw_range_check_failed Runtime1 stub}
  0x0000023980481820: e85b c91b 

  0x0000023980481824: ; ImmutableOopMap {rdx=Oop r9=Oop r8=Oop rsi=Oop rdi=Oop [176]=Oop [184]=Oop [192]=Oop [240]=Oop [248]=Oop }
                      ;*aaload {reexecute=0 rethrow=0 return_oop=0}
                      ; - jdk.internal.reflect.DirectMethodHandleAccessor::invokeImpl@71
                      ; - jdk.internal.reflect.DirectMethodHandleAccessor::invoke@23
                      ;   {metadata({method} {0x00000239f94052b8} 'invokeExact_MT' '(Ljava/lang/Object;Ljava/lang/Object;Ljava/lang/Object;Ljava/lang/Object;Ljava/lang/Object;)Ljava/lang/Object;' in 'java/lang/invoke/LambdaForm$MH+0x0000023990002800')}
  0x0000023980481824: 0749 bab0 | 5240 f939 | 0200 004c | 8954 2408 | 48c7 0424 | ffff ffff 

  0x000002398048183c: ;   {runtime_call counter_overflow Runtime1 stub}
  0x000002398048183c: e83f 231c 

  0x0000023980481840: ; ImmutableOopMap {rdx=Oop r8=Oop rsi=Oop rdi=Oop rbx=Oop [176]=Oop [192]=Oop [240]=Oop [248]=Oop [256]=Oop }
                      ;*synchronization entry
                      ; - java.lang.invoke.LambdaForm$MH/0x0000023990002800::invokeExact_MT@-1
                      ; - jdk.internal.reflect.DirectMethodHandleAccessor::invokeImpl@72
                      ; - jdk.internal.reflect.DirectMethodHandleAccessor::invoke@23
  0x0000023980481840: 07e9 cae7 

  0x0000023980481844: ;   {metadata({method} {0x000002398f3dc408} 'checkExactType' '(Ljava/lang/invoke/MethodHandle;Ljava/lang/invoke/MethodType;)V' in 'java/lang/invoke/Invokers')}
  0x0000023980481844: ffff 49ba | 00c4 3d8f | 3902 0000 | 4c89 5424 | 0848 c704 | 24ff ffff 

  0x000002398048185c: ;   {runtime_call counter_overflow Runtime1 stub}
  0x000002398048185c: ffe8 1e23 

  0x0000023980481860: ; ImmutableOopMap {rdx=Oop r8=Oop rsi=Oop rdi=Oop rbx=Oop rcx=Oop [176]=Oop [192]=Oop [240]=Oop [248]=Oop [256]=Oop }
                      ;*synchronization entry
                      ; - java.lang.invoke.Invokers::checkExactType@-1
                      ; - java.lang.invoke.LambdaForm$MH/0x0000023990002800::invokeExact_MT@11
                      ; - jdk.internal.reflect.DirectMethodHandleAccessor::invokeImpl@72
                      ; - jdk.internal.reflect.DirectMethodHandleAccessor::invoke@23
  0x0000023980481860: 1c07 e970 

  0x0000023980481864: ;   {runtime_call throw_null_pointer_exception Runtime1 stub}
  0x0000023980481864: e8ff ffe8 

  0x0000023980481868: ; ImmutableOopMap {rdx=Oop r8=Oop rsi=Oop rdi=Oop rbx=Oop rcx=Oop [176]=Oop [192]=Oop [240]=Oop [248]=Oop [256]=Oop }
                      ;*invokevirtual type {reexecute=0 rethrow=0 return_oop=0}
                      ; - java.lang.invoke.Invokers::checkExactType@1
                      ; - java.lang.invoke.LambdaForm$MH/0x0000023990002800::invokeExact_MT@11
                      ; - jdk.internal.reflect.DirectMethodHandleAccessor::invokeImpl@72
                      ; - jdk.internal.reflect.DirectMethodHandleAccessor::invoke@23
  0x0000023980481868: 14d2 1b07 

  0x000002398048186c: ;   {metadata({method} {0x000002398f3dc300} 'checkCustomized' '(Ljava/lang/invoke/MethodHandle;)V' in 'java/lang/invoke/Invokers')}
  0x000002398048186c: 49ba f8c2 | 3d8f 3902 | 0000 4c89 | 5424 0848 | c704 24ff 

  0x0000023980481880: ;   {runtime_call counter_overflow Runtime1 stub}
  0x0000023980481880: ffff ffe8 

  0x0000023980481884: ; ImmutableOopMap {rdx=Oop r8=Oop rsi=Oop rdi=Oop rbx=Oop [176]=Oop [192]=Oop [240]=Oop [248]=Oop [256]=Oop }
                      ;*synchronization entry
                      ; - java.lang.invoke.Invokers::checkCustomized@-1
                      ; - java.lang.invoke.LambdaForm$MH/0x0000023990002800::invokeExact_MT@15
                      ; - jdk.internal.reflect.DirectMethodHandleAccessor::invokeImpl@72
                      ; - jdk.internal.reflect.DirectMethodHandleAccessor::invoke@23
  0x0000023980481884: f822 1c07 | e9a6 e9ff 

  0x000002398048188c: ;   {metadata({method} {0x000002398f0944d8} 'isCompileConstant' '(Ljava/lang/Object;)Z' in 'java/lang/invoke/MethodHandleImpl')}
  0x000002398048188c: ff49 bad0 | 4409 8f39 | 0200 004c | 8954 2408 | 48c7 0424 | ffff ffff 

  0x00000239804818a4: ;   {runtime_call counter_overflow Runtime1 stub}
  0x00000239804818a4: e8d7 221c 

  0x00000239804818a8: ; ImmutableOopMap {rdx=Oop r8=Oop rsi=Oop rdi=Oop rbx=Oop [176]=Oop [192]=Oop [240]=Oop [248]=Oop [256]=Oop }
                      ;*synchronization entry
                      ; - java.lang.invoke.MethodHandleImpl::isCompileConstant@-1
                      ; - java.lang.invoke.Invokers::checkCustomized@1
                      ; - java.lang.invoke.LambdaForm$MH/0x0000023990002800::invokeExact_MT@15
                      ; - jdk.internal.reflect.DirectMethodHandleAccessor::invokeImpl@72
                      ; - jdk.internal.reflect.DirectMethodHandleAccessor::invoke@23
  0x00000239804818a8: 07e9 bee9 

  0x00000239804818ac: ;   {runtime_call throw_null_pointer_exception Runtime1 stub}
  0x00000239804818ac: ffff e8cd 

  0x00000239804818b0: ; ImmutableOopMap {rdx=Oop r8=Oop rsi=Oop rdi=Oop rbx=Oop [176]=Oop [192]=Oop [240]=Oop [248]=Oop [256]=Oop }
                      ;*getfield customized {reexecute=1 rethrow=0 return_oop=0}
                      ; - (reexecute) java.lang.invoke.Invokers::checkCustomized@12
                      ; - java.lang.invoke.LambdaForm$MH/0x0000023990002800::invokeExact_MT@15
                      ; - jdk.internal.reflect.DirectMethodHandleAccessor::invokeImpl@72
                      ; - jdk.internal.reflect.DirectMethodHandleAccessor::invoke@23
                      ;   {internal_word}
  0x00000239804818b0: d11b 0749 | bad4 0448 | 8039 0200 | 004d 8997 | 6804 0000 

  0x00000239804818c4: ;   {runtime_call SafepointBlob}
  0x00000239804818c4: e9b7 3b10 

  0x00000239804818c8: ;   {runtime_call throw_null_pointer_exception Runtime1 stub}
  0x00000239804818c8: 07e8 b2d1 

  0x00000239804818cc: ; ImmutableOopMap {rdx=Oop r9=Oop r8=Oop rsi=Oop [176]=Oop [184]=Oop [192]=Oop [272]=Oop }
                      ;*aaload {reexecute=0 rethrow=0 return_oop=0}
                      ; - jdk.internal.reflect.DirectMethodHandleAccessor::invokeImpl@54
                      ; - jdk.internal.reflect.DirectMethodHandleAccessor::invoke@23
                      ;   {runtime_call throw_null_pointer_exception Runtime1 stub}
  0x00000239804818cc: 1b07 e8ad 

  0x00000239804818d0: ; ImmutableOopMap {rdx=Oop r9=Oop r8=Oop rsi=Oop [176]=Oop [184]=Oop [192]=Oop [272]=Oop }
                      ;*aaload {reexecute=0 rethrow=0 return_oop=0}
                      ; - jdk.internal.reflect.DirectMethodHandleAccessor::invokeImpl@54
                      ; - jdk.internal.reflect.DirectMethodHandleAccessor::invoke@23
  0x00000239804818d0: d11b 0748 | c704 2400 | 0000 004c | 894c 2408 

  0x00000239804818e0: ;   {runtime_call throw_range_check_failed Runtime1 stub}
  0x00000239804818e0: e89b c81b 

  0x00000239804818e4: ; ImmutableOopMap {rdx=Oop r9=Oop r8=Oop rsi=Oop [176]=Oop [184]=Oop [192]=Oop [272]=Oop }
                      ;*aaload {reexecute=0 rethrow=0 return_oop=0}
                      ; - jdk.internal.reflect.DirectMethodHandleAccessor::invokeImpl@54
                      ; - jdk.internal.reflect.DirectMethodHandleAccessor::invoke@23
                      ;   {metadata({method} {0x000002398f0ae518} 'invokeExact_MT' '(Ljava/lang/Object;Ljava/lang/Object;Ljava/lang/Object;Ljava/lang/Object;)Ljava/lang/Object;' in 'java/lang/invoke/Invokers$Holder')}
  0x00000239804818e4: 0749 ba10 | e50a 8f39 | 0200 004c | 8954 2408 | 48c7 0424 | ffff ffff 

  0x00000239804818fc: ;   {runtime_call counter_overflow Runtime1 stub}
  0x00000239804818fc: e87f 221c 

  0x0000023980481900: ; ImmutableOopMap {rdx=Oop r8=Oop rsi=Oop rdi=Oop [176]=Oop [192]=Oop [264]=Oop [272]=Oop }
                      ;*synchronization entry
                      ; - java.lang.invoke.Invokers$Holder::invokeExact_MT@-1
                      ; - jdk.internal.reflect.DirectMethodHandleAccessor::invokeImpl@55
                      ; - jdk.internal.reflect.DirectMethodHandleAccessor::invoke@23
  0x0000023980481900: 07e9 71ed 

  0x0000023980481904: ;   {metadata({method} {0x000002398f3dc408} 'checkExactType' '(Ljava/lang/invoke/MethodHandle;Ljava/lang/invoke/MethodType;)V' in 'java/lang/invoke/Invokers')}
  0x0000023980481904: ffff 49ba | 00c4 3d8f | 3902 0000 | 4c89 5424 | 0848 c704 | 24ff ffff 

  0x000002398048191c: ;   {runtime_call counter_overflow Runtime1 stub}
  0x000002398048191c: ffe8 5e22 

  0x0000023980481920: ; ImmutableOopMap {rdx=Oop r8=Oop rsi=Oop rdi=Oop rax=Oop [176]=Oop [192]=Oop [264]=Oop [272]=Oop }
                      ;*synchronization entry
                      ; - java.lang.invoke.Invokers::checkExactType@-1
                      ; - java.lang.invoke.Invokers$Holder::invokeExact_MT@10
                      ; - jdk.internal.reflect.DirectMethodHandleAccessor::invokeImpl@55
                      ; - jdk.internal.reflect.DirectMethodHandleAccessor::invoke@23
  0x0000023980481920: 1c07 e90f 

  0x0000023980481924: ;   {runtime_call throw_null_pointer_exception Runtime1 stub}
  0x0000023980481924: eeff ffe8 

  0x0000023980481928: ; ImmutableOopMap {rdx=Oop r8=Oop rsi=Oop rdi=Oop rax=Oop [176]=Oop [192]=Oop [264]=Oop [272]=Oop }
                      ;*invokevirtual type {reexecute=0 rethrow=0 return_oop=0}
                      ; - java.lang.invoke.Invokers::checkExactType@1
                      ; - java.lang.invoke.Invokers$Holder::invokeExact_MT@10
                      ; - jdk.internal.reflect.DirectMethodHandleAccessor::invokeImpl@55
                      ; - jdk.internal.reflect.DirectMethodHandleAccessor::invoke@23
  0x0000023980481928: 54d1 1b07 

  0x000002398048192c: ;   {metadata({method} {0x000002398f3dc300} 'checkCustomized' '(Ljava/lang/invoke/MethodHandle;)V' in 'java/lang/invoke/Invokers')}
  0x000002398048192c: 49ba f8c2 | 3d8f 3902 | 0000 4c89 | 5424 0848 | c704 24ff 

  0x0000023980481940: ;   {runtime_call counter_overflow Runtime1 stub}
  0x0000023980481940: ffff ffe8 

  0x0000023980481944: ; ImmutableOopMap {rdx=Oop r8=Oop rsi=Oop rdi=Oop [176]=Oop [192]=Oop [264]=Oop [272]=Oop }
                      ;*synchronization entry
                      ; - java.lang.invoke.Invokers::checkCustomized@-1
                      ; - java.lang.invoke.Invokers$Holder::invokeExact_MT@14
                      ; - jdk.internal.reflect.DirectMethodHandleAccessor::invokeImpl@55
                      ; - jdk.internal.reflect.DirectMethodHandleAccessor::invoke@23
  0x0000023980481944: 3822 1c07 | e941 efff 

  0x000002398048194c: ;   {metadata({method} {0x000002398f0944d8} 'isCompileConstant' '(Ljava/lang/Object;)Z' in 'java/lang/invoke/MethodHandleImpl')}
  0x000002398048194c: ff49 bad0 | 4409 8f39 | 0200 004c | 8954 2408 | 48c7 0424 | ffff ffff 

  0x0000023980481964: ;   {runtime_call counter_overflow Runtime1 stub}
  0x0000023980481964: e817 221c 

  0x0000023980481968: ; ImmutableOopMap {rdx=Oop r8=Oop rsi=Oop rdi=Oop [176]=Oop [192]=Oop [264]=Oop [272]=Oop }
                      ;*synchronization entry
                      ; - java.lang.invoke.MethodHandleImpl::isCompileConstant@-1
                      ; - java.lang.invoke.Invokers::checkCustomized@1
                      ; - java.lang.invoke.Invokers$Holder::invokeExact_MT@14
                      ; - jdk.internal.reflect.DirectMethodHandleAccessor::invokeImpl@55
                      ; - jdk.internal.reflect.DirectMethodHandleAccessor::invoke@23
  0x0000023980481968: 07e9 58ef 

  0x000002398048196c: ;   {runtime_call throw_null_pointer_exception Runtime1 stub}
  0x000002398048196c: ffff e80d 

  0x0000023980481970: ; ImmutableOopMap {rdx=Oop r8=Oop rsi=Oop rdi=Oop [176]=Oop [192]=Oop [264]=Oop [272]=Oop }
                      ;*getfield customized {reexecute=1 rethrow=0 return_oop=0}
                      ; - (reexecute) java.lang.invoke.Invokers::checkCustomized@12
                      ; - java.lang.invoke.Invokers$Holder::invokeExact_MT@14
                      ; - jdk.internal.reflect.DirectMethodHandleAccessor::invokeImpl@55
                      ; - jdk.internal.reflect.DirectMethodHandleAccessor::invoke@23
                      ;   {internal_word}
  0x0000023980481970: d11b 0749 | ba2c 0b48 | 8039 0200 | 004d 8997 | 6804 0000 

  0x0000023980481984: ;   {runtime_call SafepointBlob}
  0x0000023980481984: e9f7 3a10 

  0x0000023980481988: ;   {metadata({method} {0x000002398f0ae5c8} 'invokeExact_MT' '(Ljava/lang/Object;Ljava/lang/Object;Ljava/lang/Object;)Ljava/lang/Object;' in 'java/lang/invoke/Invokers$Holder')}
  0x0000023980481988: 0749 bac0 | e50a 8f39 | 0200 004c | 8954 2408 | 48c7 0424 | ffff ffff 

  0x00000239804819a0: ;   {runtime_call counter_overflow Runtime1 stub}
  0x00000239804819a0: e8db 211c 

  0x00000239804819a4: ; ImmutableOopMap {rdx=Oop r8=Oop rsi=Oop [176]=Oop [192]=Oop [280]=Oop }
                      ;*synchronization entry
                      ; - java.lang.invoke.Invokers$Holder::invokeExact_MT@-1
                      ; - jdk.internal.reflect.DirectMethodHandleAccessor::invokeImpl@41
                      ; - jdk.internal.reflect.DirectMethodHandleAccessor::invoke@23
  0x00000239804819a4: 07e9 6bf2 

  0x00000239804819a8: ;   {metadata({method} {0x000002398f3dc408} 'checkExactType' '(Ljava/lang/invoke/MethodHandle;Ljava/lang/invoke/MethodType;)V' in 'java/lang/invoke/Invokers')}
  0x00000239804819a8: ffff 49ba | 00c4 3d8f | 3902 0000 | 4c89 5424 | 0848 c704 | 24ff ffff 

  0x00000239804819c0: ;   {runtime_call counter_overflow Runtime1 stub}
  0x00000239804819c0: ffe8 ba21 

  0x00000239804819c4: ; ImmutableOopMap {rdx=Oop r8=Oop rsi=Oop rbx=Oop [176]=Oop [192]=Oop [280]=Oop }
                      ;*synchronization entry
                      ; - java.lang.invoke.Invokers::checkExactType@-1
                      ; - java.lang.invoke.Invokers$Holder::invokeExact_MT@10
                      ; - jdk.internal.reflect.DirectMethodHandleAccessor::invokeImpl@41
                      ; - jdk.internal.reflect.DirectMethodHandleAccessor::invoke@23
  0x00000239804819c4: 1c07 e9bf 

  0x00000239804819c8: ;   {runtime_call throw_null_pointer_exception Runtime1 stub}
  0x00000239804819c8: f2ff ffe8 

  0x00000239804819cc: ; ImmutableOopMap {rdx=Oop r8=Oop rsi=Oop rbx=Oop [176]=Oop [192]=Oop [280]=Oop }
                      ;*invokevirtual type {reexecute=0 rethrow=0 return_oop=0}
                      ; - java.lang.invoke.Invokers::checkExactType@1
                      ; - java.lang.invoke.Invokers$Holder::invokeExact_MT@10
                      ; - jdk.internal.reflect.DirectMethodHandleAccessor::invokeImpl@41
                      ; - jdk.internal.reflect.DirectMethodHandleAccessor::invoke@23
  0x00000239804819cc: b0d0 1b07 

  0x00000239804819d0: ;   {metadata({method} {0x000002398f3dc300} 'checkCustomized' '(Ljava/lang/invoke/MethodHandle;)V' in 'java/lang/invoke/Invokers')}
  0x00000239804819d0: 49ba f8c2 | 3d8f 3902 | 0000 4c89 | 5424 0848 | c704 24ff 

  0x00000239804819e4: ;   {runtime_call counter_overflow Runtime1 stub}
  0x00000239804819e4: ffff ffe8 

  0x00000239804819e8: ; ImmutableOopMap {rdx=Oop r8=Oop rsi=Oop [176]=Oop [192]=Oop [280]=Oop }
                      ;*synchronization entry
                      ; - java.lang.invoke.Invokers::checkCustomized@-1
                      ; - java.lang.invoke.Invokers$Holder::invokeExact_MT@14
                      ; - jdk.internal.reflect.DirectMethodHandleAccessor::invokeImpl@41
                      ; - jdk.internal.reflect.DirectMethodHandleAccessor::invoke@23
  0x00000239804819e8: 9421 1c07 | e99a f3ff 

  0x00000239804819f0: ;   {metadata({method} {0x000002398f0944d8} 'isCompileConstant' '(Ljava/lang/Object;)Z' in 'java/lang/invoke/MethodHandleImpl')}
  0x00000239804819f0: ff49 bad0 | 4409 8f39 | 0200 004c | 8954 2408 | 48c7 0424 | ffff ffff 

  0x0000023980481a08: ;   {runtime_call counter_overflow Runtime1 stub}
  0x0000023980481a08: e873 211c 

  0x0000023980481a0c: ; ImmutableOopMap {rdx=Oop r8=Oop rsi=Oop [176]=Oop [192]=Oop [280]=Oop }
                      ;*synchronization entry
                      ; - java.lang.invoke.MethodHandleImpl::isCompileConstant@-1
                      ; - java.lang.invoke.Invokers::checkCustomized@1
                      ; - java.lang.invoke.Invokers$Holder::invokeExact_MT@14
                      ; - jdk.internal.reflect.DirectMethodHandleAccessor::invokeImpl@41
                      ; - jdk.internal.reflect.DirectMethodHandleAccessor::invoke@23
  0x0000023980481a0c: 07e9 b2f3 

  0x0000023980481a10: ;   {runtime_call throw_null_pointer_exception Runtime1 stub}
  0x0000023980481a10: ffff e869 

  0x0000023980481a14: ; ImmutableOopMap {rdx=Oop r8=Oop rsi=Oop [176]=Oop [192]=Oop [280]=Oop }
                      ;*getfield customized {reexecute=1 rethrow=0 return_oop=0}
                      ; - (reexecute) java.lang.invoke.Invokers::checkCustomized@12
                      ; - java.lang.invoke.Invokers$Holder::invokeExact_MT@14
                      ; - jdk.internal.reflect.DirectMethodHandleAccessor::invokeImpl@41
                      ; - jdk.internal.reflect.DirectMethodHandleAccessor::invoke@23
                      ;   {internal_word}
  0x0000023980481a14: d01b 0749 | ba05 0f48 | 8039 0200 | 004d 8997 | 6804 0000 

  0x0000023980481a28: ;   {runtime_call SafepointBlob}
  0x0000023980481a28: e953 3a10 

  0x0000023980481a2c: ;   {runtime_call throw_null_pointer_exception Runtime1 stub}
  0x0000023980481a2c: 07e8 4ed0 

  0x0000023980481a30: ; ImmutableOopMap {rax=Oop [176]=Oop [192]=Oop [280]=Oop }
                      ;*athrow {reexecute=1 rethrow=0 return_oop=0}
                      ; - (reexecute) java.lang.invoke.Invokers::checkExactType@15
                      ; - java.lang.invoke.Invokers$Holder::invokeExact_MT@10
                      ; - jdk.internal.reflect.DirectMethodHandleAccessor::invokeImpl@41
                      ; - jdk.internal.reflect.DirectMethodHandleAccessor::invoke@23
                      ;   {runtime_call throw_null_pointer_exception Runtime1 stub}
  0x0000023980481a30: 1b07 e849 

  0x0000023980481a34: ; ImmutableOopMap {rax=Oop [176]=Oop [192]=Oop [264]=Oop [272]=Oop }
                      ;*athrow {reexecute=1 rethrow=0 return_oop=0}
                      ; - (reexecute) java.lang.invoke.Invokers::checkExactType@15
                      ; - java.lang.invoke.Invokers$Holder::invokeExact_MT@10
                      ; - jdk.internal.reflect.DirectMethodHandleAccessor::invokeImpl@55
                      ; - jdk.internal.reflect.DirectMethodHandleAccessor::invoke@23
                      ;   {runtime_call throw_null_pointer_exception Runtime1 stub}
  0x0000023980481a34: d01b 07e8 

  0x0000023980481a38: ; ImmutableOopMap {rax=Oop [176]=Oop [192]=Oop [240]=Oop [248]=Oop [256]=Oop }
                      ;*athrow {reexecute=1 rethrow=0 return_oop=0}
                      ; - (reexecute) java.lang.invoke.Invokers::checkExactType@15
                      ; - java.lang.invoke.LambdaForm$MH/0x0000023990002800::invokeExact_MT@11
                      ; - jdk.internal.reflect.DirectMethodHandleAccessor::invokeImpl@72
                      ; - jdk.internal.reflect.DirectMethodHandleAccessor::invoke@23
  0x0000023980481a38: 44d0 1b07 

  0x0000023980481a3c: ;   {runtime_call throw_null_pointer_exception Runtime1 stub}
  0x0000023980481a3c: e83f d01b 

  0x0000023980481a40: ; ImmutableOopMap {rax=Oop [176]=Oop [192]=Oop [208]=Oop [216]=Oop [224]=Oop [232]=Oop }
                      ;*athrow {reexecute=1 rethrow=0 return_oop=0}
                      ; - (reexecute) java.lang.invoke.Invokers::checkExactType@15
                      ; - java.lang.invoke.LambdaForm$MH/0x00000239900ef000::invokeExact_MT@11
                      ; - jdk.internal.reflect.DirectMethodHandleAccessor::invokeImpl@92
                      ; - jdk.internal.reflect.DirectMethodHandleAccessor::invoke@23
                      ;   {runtime_call throw_null_pointer_exception Runtime1 stub}
  0x0000023980481a40: 07e8 3ad0 

  0x0000023980481a44: ; ImmutableOopMap {rax=Oop [176]=Oop [184]=Oop [192]=Oop [200]=Oop }
                      ;*athrow {reexecute=1 rethrow=0 return_oop=0}
                      ; - (reexecute) java.lang.invoke.Invokers::checkExactType@15
                      ; - java.lang.invoke.Invokers$Holder::invokeExact_MT@10
                      ; - jdk.internal.reflect.DirectMethodHandleAccessor::invokeImpl@104
                      ; - jdk.internal.reflect.DirectMethodHandleAccessor::invoke@23
                      ;   {metadata({method} {0x000002398f3c84c0} 'isIllegalArgument' '(Ljava/lang/RuntimeException;)Z' in 'jdk/internal/reflect/DirectMethodHandleAccessor')}
  0x0000023980481a44: 1b07 49ba | b884 3c8f | 3902 0000 | 4c89 5424 | 0848 c704 | 24ff ffff 

  0x0000023980481a5c: ;   {runtime_call counter_overflow Runtime1 stub}
  0x0000023980481a5c: ffe8 1e21 

  0x0000023980481a60: ; ImmutableOopMap {rax=Oop }
                      ;*synchronization entry
                      ; - jdk.internal.reflect.DirectMethodHandleAccessor::isIllegalArgument@-1
                      ; - jdk.internal.reflect.DirectMethodHandleAccessor::invoke@58
  0x0000023980481a60: 1c07 e951 

  0x0000023980481a64: ;   {metadata({method} {0x000002398f3c84c0} 'isIllegalArgument' '(Ljava/lang/RuntimeException;)Z' in 'jdk/internal/reflect/DirectMethodHandleAccessor')}
  0x0000023980481a64: f6ff ff49 | bab8 843c | 8f39 0200 | 004c 8954 | 2408 48c7 | 0424 ffff 

  0x0000023980481a7c: ;   {runtime_call counter_overflow Runtime1 stub}
  0x0000023980481a7c: ffff e8fd 

  0x0000023980481a80: ; ImmutableOopMap {rax=Oop }
                      ;*synchronization entry
                      ; - jdk.internal.reflect.DirectMethodHandleAccessor::isIllegalArgument@-1
                      ; - jdk.internal.reflect.DirectMethodHandleAccessor::invoke@30
  0x0000023980481a80: 201c 07e9 | ebf6 ffff 

  0x0000023980481a88: ;   {metadata(nullptr)}
  0x0000023980481a88: 48ba 0000 | 0000 0000 | 0000 b800 

  0x0000023980481a94: ;   {runtime_call load_klass_patching Runtime1 stub}
  0x0000023980481a94: 0f05 0ae8 

  0x0000023980481a98: ; ImmutableOopMap {}
                      ;*new {reexecute=1 rethrow=0 return_oop=0}
                      ; - (reexecute) jdk.internal.reflect.DirectMethodHandleAccessor::invoke@36
  0x0000023980481a98: 6410 1c07 | e92f f7ff | ff48 8bd2 

  0x0000023980481aa4: ;   {runtime_call fast_new_instance Runtime1 stub}
  0x0000023980481aa4: e8d7 d81b 

  0x0000023980481aa8: ; ImmutableOopMap {}
                      ;*new {reexecute=0 rethrow=0 return_oop=0}
                      ; - jdk.internal.reflect.DirectMethodHandleAccessor::invoke@36
  0x0000023980481aa8: 07e9 7af7 

  0x0000023980481aac: ;   {metadata(nullptr)}
  0x0000023980481aac: ffff 48ba | 0000 0000 | 0000 0000 | b800 0f05 

  0x0000023980481abc: ;   {runtime_call load_klass_patching Runtime1 stub}
  0x0000023980481abc: 0ae8 3e10 

  0x0000023980481ac0: ; ImmutableOopMap {r8=Oop }
                      ;*new {reexecute=1 rethrow=0 return_oop=0}
                      ; - (reexecute) jdk.internal.reflect.DirectMethodHandleAccessor::invoke@46
  0x0000023980481ac0: 1c07 e9b9 

  0x0000023980481ac4: ;   {runtime_call throw_null_pointer_exception Runtime1 stub}
  0x0000023980481ac4: f7ff ffe8 

  0x0000023980481ac8: ; ImmutableOopMap {r8=Oop }
                      ;*new {reexecute=0 rethrow=0 return_oop=0}
                      ; - jdk.internal.reflect.DirectMethodHandleAccessor::invoke@46
  0x0000023980481ac8: b4cf 1b07 

  0x0000023980481acc: ;   {runtime_call fast_new_instance_init_check Runtime1 stub}
  0x0000023980481acc: 488b d2e8 

  0x0000023980481ad0: ; ImmutableOopMap {r8=Oop }
                      ;*new {reexecute=0 rethrow=0 return_oop=0}
                      ; - jdk.internal.reflect.DirectMethodHandleAccessor::invoke@46
  0x0000023980481ad0: acdb 1b07 | e90c f8ff 

  0x0000023980481ad8: ;   {metadata(nullptr)}
  0x0000023980481ad8: ff48 ba00 | 0000 0000 | 0000 00b8 | 000f 050a 

  0x0000023980481ae8: ;   {runtime_call load_klass_patching Runtime1 stub}
  0x0000023980481ae8: e813 101c 

  0x0000023980481aec: ; ImmutableOopMap {[288]=Oop }
                      ;*new {reexecute=1 rethrow=0 return_oop=0}
                      ; - (reexecute) jdk.internal.reflect.DirectMethodHandleAccessor::invoke@64
  0x0000023980481aec: 07e9 36f8 | ffff 488b 

  0x0000023980481af4: ;   {runtime_call fast_new_instance Runtime1 stub}
  0x0000023980481af4: d2e8 86d8 

  0x0000023980481af8: ; ImmutableOopMap {[288]=Oop }
                      ;*new {reexecute=0 rethrow=0 return_oop=0}
                      ; - jdk.internal.reflect.DirectMethodHandleAccessor::invoke@64
  0x0000023980481af8: 1b07 e981 

  0x0000023980481afc: ;   {metadata(nullptr)}
  0x0000023980481afc: f8ff ff48 | ba00 0000 | 0000 0000 | 00b8 000f 

  0x0000023980481b0c: ;   {runtime_call load_klass_patching Runtime1 stub}
  0x0000023980481b0c: 050a e8ed 

  0x0000023980481b10: ; ImmutableOopMap {r8=Oop }
                      ;*new {reexecute=1 rethrow=0 return_oop=0}
                      ; - (reexecute) jdk.internal.reflect.DirectMethodHandleAccessor::invoke@73
  0x0000023980481b10: 0f1c 07e9 | c0f8 ffff 

  0x0000023980481b18: ;   {runtime_call throw_null_pointer_exception Runtime1 stub}
  0x0000023980481b18: e863 cf1b 

  0x0000023980481b1c: ; ImmutableOopMap {r8=Oop }
                      ;*new {reexecute=0 rethrow=0 return_oop=0}
                      ; - jdk.internal.reflect.DirectMethodHandleAccessor::invoke@73
  0x0000023980481b1c: 0748 8bd2 

  0x0000023980481b20: ;   {runtime_call fast_new_instance_init_check Runtime1 stub}
  0x0000023980481b20: e85b db1b 

  0x0000023980481b24: ; ImmutableOopMap {r8=Oop }
                      ;*new {reexecute=0 rethrow=0 return_oop=0}
                      ; - jdk.internal.reflect.DirectMethodHandleAccessor::invoke@73
  0x0000023980481b24: 07e9 13f9 

  0x0000023980481b28: ;   {metadata(nullptr)}
  0x0000023980481b28: ffff 48ba | 0000 0000 | 0000 0000 | b800 0f05 

  0x0000023980481b38: ;   {runtime_call load_klass_patching Runtime1 stub}
  0x0000023980481b38: 0ae8 c20f 

  0x0000023980481b3c: ; ImmutableOopMap {[176]=Oop [184]=Oop [192]=Oop }
                      ;*new {reexecute=1 rethrow=0 return_oop=0}
                      ; - (reexecute) jdk.internal.reflect.DirectMethodHandleAccessor::checkReceiver@14
                      ; - jdk.internal.reflect.DirectMethodHandleAccessor::invoke@9
  0x0000023980481b3c: 1c07 e93d | f9ff ff48 

  0x0000023980481b44: ;   {runtime_call fast_new_instance Runtime1 stub}
  0x0000023980481b44: 8bd2 e835 

  0x0000023980481b48: ; ImmutableOopMap {[176]=Oop [184]=Oop [192]=Oop }
                      ;*new {reexecute=0 rethrow=0 return_oop=0}
                      ; - jdk.internal.reflect.DirectMethodHandleAccessor::checkReceiver@14
                      ; - jdk.internal.reflect.DirectMethodHandleAccessor::invoke@9
  0x0000023980481b48: d81b 07e9 | 88f9 ffff 

  0x0000023980481b50: ;   {metadata(nullptr)}
  0x0000023980481b50: 48ba 0000 | 0000 0000 | 0000 b800 

  0x0000023980481b5c: ;   {runtime_call load_klass_patching Runtime1 stub}
  0x0000023980481b5c: 0f05 0ae8 

  0x0000023980481b60: ; ImmutableOopMap {r8=Oop }
                      ;*new {reexecute=1 rethrow=0 return_oop=0}
                      ; - (reexecute) jdk.internal.reflect.DirectMethodHandleAccessor::invoke@83
  0x0000023980481b60: 9c0f 1c07 | e9d7 f9ff 

  0x0000023980481b68: ;   {runtime_call throw_null_pointer_exception Runtime1 stub}
  0x0000023980481b68: ffe8 12cf 

  0x0000023980481b6c: ; ImmutableOopMap {r8=Oop }
                      ;*new {reexecute=0 rethrow=0 return_oop=0}
                      ; - jdk.internal.reflect.DirectMethodHandleAccessor::invoke@83
  0x0000023980481b6c: 1b07 488b 

  0x0000023980481b70: ;   {runtime_call fast_new_instance_init_check Runtime1 stub}
  0x0000023980481b70: d2e8 0adb 

  0x0000023980481b74: ; ImmutableOopMap {r8=Oop }
                      ;*new {reexecute=0 rethrow=0 return_oop=0}
                      ; - jdk.internal.reflect.DirectMethodHandleAccessor::invoke@83
  0x0000023980481b74: 1b07 e92a | faff ff49 | 8b87 0005 | 0000 49c7 | 8700 0500 | 0000 0000 | 0049 c787 | 0805 0000 
  0x0000023980481b94: 0000 0000 | 4881 c470 | 0100 005d 

  0x0000023980481ba0: ;   {runtime_call unwind_exception Runtime1 stub}
  0x0000023980481ba0: e9db bf1b | 07f4 f4f4 
[Stub Code]
  0x0000023980481ba8: ;   {no_reloc}
  0x0000023980481ba8: 0f1f 4400 

  0x0000023980481bac: ;   {static_stub}
  0x0000023980481bac: 0048 bb00 | 0000 0000 

  0x0000023980481bb4: ;   {runtime_call nmethod}
  0x0000023980481bb4: 0000 00e9 | fbff ffff 

  0x0000023980481bbc: ;   {static_stub}
  0x0000023980481bbc: 9048 bb00 | 0000 0000 

  0x0000023980481bc4: ;   {runtime_call nmethod}
  0x0000023980481bc4: 0000 00e9 | fbff ffff 

  0x0000023980481bcc: ;   {static_stub}
  0x0000023980481bcc: 9048 bb00 | 0000 0000 

  0x0000023980481bd4: ;   {runtime_call nmethod}
  0x0000023980481bd4: 0000 00e9 | fbff ffff 

  0x0000023980481bdc: ;   {static_stub}
  0x0000023980481bdc: 9048 bb00 | 0000 0000 

  0x0000023980481be4: ;   {runtime_call nmethod}
  0x0000023980481be4: 0000 00e9 | fbff ffff 

  0x0000023980481bec: ;   {static_stub}
  0x0000023980481bec: 9048 bb00 | 0000 0000 

  0x0000023980481bf4: ;   {runtime_call nmethod}
  0x0000023980481bf4: 0000 00e9 | fbff ffff 

  0x0000023980481bfc: ;   {static_stub}
  0x0000023980481bfc: 48bb 0000 | 0000 0000 

  0x0000023980481c04: ;   {runtime_call nmethod}
  0x0000023980481c04: 0000 e9fb 

  0x0000023980481c08: ;   {static_stub}
  0x0000023980481c08: ffff ff48 | bb00 0000 | 0000 0000 

  0x0000023980481c14: ;   {runtime_call nmethod}
  0x0000023980481c14: 00e9 fbff 

  0x0000023980481c18: ;   {static_stub}
  0x0000023980481c18: ffff 48bb | 0000 0000 | 0000 0000 

  0x0000023980481c24: ;   {runtime_call nmethod}
  0x0000023980481c24: e9fb ffff 

  0x0000023980481c28: ;   {static_stub}
  0x0000023980481c28: ff48 bb00 | 0000 0000 

  0x0000023980481c30: ;   {runtime_call nmethod}
  0x0000023980481c30: 0000 00e9 | fbff ffff 

  0x0000023980481c38: ;   {static_stub}
  0x0000023980481c38: 48bb 0000 | 0000 0000 

  0x0000023980481c40: ;   {runtime_call nmethod}
  0x0000023980481c40: 0000 e9fb 

  0x0000023980481c44: ;   {static_stub}
  0x0000023980481c44: ffff ff48 | bb00 0000 | 0000 0000 

  0x0000023980481c50: ;   {runtime_call nmethod}
  0x0000023980481c50: 00e9 fbff 

  0x0000023980481c54: ;   {static_stub}
  0x0000023980481c54: ffff 48bb | 0000 0000 | 0000 0000 

  0x0000023980481c60: ;   {runtime_call nmethod}
  0x0000023980481c60: e9fb ffff 

  0x0000023980481c64: ;   {static_stub}
  0x0000023980481c64: ff48 bb00 | 0000 0000 

  0x0000023980481c6c: ;   {runtime_call nmethod}
  0x0000023980481c6c: 0000 00e9 | fbff ffff 

  0x0000023980481c74: ;   {static_stub}
  0x0000023980481c74: 48bb 0000 | 0000 0000 

  0x0000023980481c7c: ;   {runtime_call nmethod}
  0x0000023980481c7c: 0000 e9fb 

  0x0000023980481c80: ;   {static_stub}
  0x0000023980481c80: ffff ff48 | bb00 0000 | 0000 0000 

  0x0000023980481c8c: ;   {runtime_call nmethod}
  0x0000023980481c8c: 00e9 fbff 

  0x0000023980481c90: ;   {runtime_call handle_exception_from_callee Runtime1 stub}
  0x0000023980481c90: ffff e8e9 

  0x0000023980481c94: ;   {external_word}
  0x0000023980481c94: eb1b 0748 | b950 6326 | c2fb 7f00 | 0048 83e4 

  0x0000023980481ca4: ;   {runtime_call}
  0x0000023980481ca4: f048 b8c0 | c9e8 c1fb | 7f00 00ff 

  0x0000023980481cb0: ;   {section_word}
  0x0000023980481cb0: d0f4 49ba | b21c 4880 | 3902 0000 

  0x0000023980481cbc: ;   {runtime_call DeoptimizationBlob}
  0x0000023980481cbc: 4152 e95d 

  0x0000023980481cc0: ;   {section_word}
  0x0000023980481cc0: 2a10 0749 | bac3 1c48 | 8039 0200 

  0x0000023980481ccc: ;   {runtime_call DeoptimizationBlob}
  0x0000023980481ccc: 0041 52e9 | 4c2a 1007 | f4f4 f4f4 
[/MachCode]


Compiled method (c1) 84472 2422       3       java.lang.reflect.Method::invoke (108 bytes)
 total in heap  [0x000002398047de90,0x000002398047e900] = 2672
 relocation     [0x000002398047dff0,0x000002398047e0b0] = 192
 main code      [0x000002398047e0c0,0x000002398047e6a0] = 1504
 stub code      [0x000002398047e6a0,0x000002398047e738] = 152
 metadata       [0x000002398047e738,0x000002398047e748] = 16
 scopes data    [0x000002398047e748,0x000002398047e808] = 192
 scopes pcs     [0x000002398047e808,0x000002398047e8d8] = 208
 dependencies   [0x000002398047e8d8,0x000002398047e8e0] = 8
 nul chk table  [0x000002398047e8e0,0x000002398047e900] = 32

[Constant Pool (empty)]

[MachCode]
[Entry Point]
  # {method} {0x000002398f044978} 'invoke' '(Ljava/lang/Object;[Ljava/lang/Object;)Ljava/lang/Object;' in 'java/lang/reflect/Method'
  # this:     rdx:rdx   = 'java/lang/reflect/Method'
  # parm0:    r8:r8     = 'java/lang/Object'
  # parm1:    r9:r9     = '[Ljava/lang/Object;'
  #           [sp+0x90]  (sp of caller)
  0x000002398047e0c0: 448b 5208 | 49bb 0000 | 008f 3902 | 0000 4d03 | d34c 3bd0 

  0x000002398047e0d4: ;   {runtime_call ic_miss_stub}
  0x000002398047e0d4: 0f85 a606 | 1007 660f | 1f44 0000 
[Verified Entry Point]
  0x000002398047e0e0: 8984 2400 | 80ff ff55 | 4881 ec80 | 0000 0090 | 4181 7f20 | 0100 0000 

  0x000002398047e0f8: ;   {runtime_call StubRoutines (final stubs)}
  0x000002398047e0f8: 7405 e8a1 | 830e 0748 | 8954 2448 | 4c89 4424 

  0x000002398047e108: ;   {metadata(method data for {method} {0x000002398f044978} 'invoke' '(Ljava/lang/Object;[Ljava/lang/Object;)Ljava/lang/Object;' in 'java/lang/reflect/Method')}
  0x000002398047e108: 5048 be40 | d690 f939 | 0200 008b | becc 0000 | 0083 c702 | 89be cc00 | 0000 81e7 | fe07 0000 
  0x000002398047e128: 85ff 0f84 | c204 0000 | 4c89 4c24 | 5848 8bf2 

  0x000002398047e138: ;   {metadata(method data for {method} {0x000002398f044978} 'invoke' '(Ljava/lang/Object;[Ljava/lang/Object;)Ljava/lang/Object;' in 'java/lang/reflect/Method')}
  0x000002398047e138: 48bf 40d6 | 90f9 3902 | 0000 4883 | 8710 0100 | 0001 488b | f248 8bd6 | 0f1f 8000 

  0x000002398047e154: ;   {optimized virtual_call}
  0x000002398047e154: 0000 00e8 

  0x000002398047e158: ; ImmutableOopMap {[72]=Oop [80]=Oop [88]=Oop }
                      ;*invokevirtual isCallerSensitive {reexecute=0 rethrow=0 return_oop=0}
                      ; - java.lang.reflect.Method::invoke@1
  0x000002398047e158: 2458 f6ff 

  0x000002398047e15c: ;   {other}
  0x000002398047e15c: 0f1f 8400 | cc02 0000 | 488b 5424 | 480f be72 

  0x000002398047e16c: ;   {metadata(method data for {method} {0x000002398f044978} 'invoke' '(Ljava/lang/Object;[Ljava/lang/Object;)Ljava/lang/Object;' in 'java/lang/reflect/Method')}
  0x000002398047e16c: 0c85 f648 | be40 d690 | f939 0200 | 0048 c7c7 | 4801 0000 | 7407 48c7 | c758 0100 | 0048 8b1c 
  0x000002398047e18c: 3e48 8d5b | 0148 891c | 3e0f 8441 | 0000 0085 

  0x000002398047e19c: ;   {metadata(method data for {method} {0x000002398f044978} 'invoke' '(Ljava/lang/Object;[Ljava/lang/Object;)Ljava/lang/Object;' in 'java/lang/reflect/Method')}
  0x000002398047e19c: c048 be40 | d690 f939 | 0200 0048 | c7c7 7801 | 0000 7507 | 48c7 c768 | 0100 0048 | 8b1c 3e48 
  0x000002398047e1bc: 8d5b 0148 | 891c 3e0f | 8513 0000 

  0x000002398047e1c8: ;   {oop(nullptr)}
  0x000002398047e1c8: 0048 bb00 | 0000 0000 | 0000 0089 | 4424 60e9 | 3000 0000 | 8944 2460 

  0x000002398047e1e0: ;   {metadata(method data for {method} {0x000002398f044978} 'invoke' '(Ljava/lang/Object;[Ljava/lang/Object;)Ljava/lang/Object;' in 'java/lang/reflect/Method')}
  0x000002398047e1e0: 48be 40d6 | 90f9 3902 | 0000 4883 | 8688 0100 | 0001 0f1f 

  0x000002398047e1f4: ;   {static_call}
  0x000002398047e1f4: 4400 00e8 

  0x000002398047e1f8: ; ImmutableOopMap {[72]=Oop [80]=Oop [88]=Oop }
                      ;*invokestatic getCallerClass {reexecute=0 rethrow=0 return_oop=0}
                      ; - java.lang.reflect.Method::invoke@19
  0x000002398047e1f8: 840e 1007 

  0x000002398047e1fc: ;   {other}
  0x000002398047e1fc: 0f1f 8400 | 6c03 0001 | 488b d848 | 8b54 2448 | 440f be42 | 0c45 85c0 

  0x000002398047e214: ;   {metadata(method data for {method} {0x000002398f044978} 'invoke' '(Ljava/lang/Object;[Ljava/lang/Object;)Ljava/lang/Object;' in 'java/lang/reflect/Method')}
  0x000002398047e214: 49b8 40d6 | 90f9 3902 | 0000 49c7 | c1a8 0100 | 0074 0749 | c7c1 9801 | 0000 4b8b | 3c08 488d 
  0x000002398047e234: 7f01 4b89 | 3c08 0f84 | 0a00 0000 | 4889 5c24 | 68e9 5701 | 0000 448b | 4a24 8b72 

  0x000002398047e250: ;   {metadata(method data for {method} {0x000002398f044978} 'invoke' '(Ljava/lang/Object;[Ljava/lang/Object;)Ljava/lang/Object;' in 'java/lang/reflect/Method')}
  0x000002398047e250: 2049 b840 | d690 f939 | 0200 0049 | 8380 b801 

  0x000002398047e260: ;   {metadata(method data for {method} {0x000002398f3defc0} 'isStatic' '(I)Z' in 'java/lang/reflect/Modifier')}
  0x000002398047e260: 0000 0149 | b8c0 3811 | f939 0200 | 0041 8bb8 | cc00 0000 | 83c7 0241 | 89b8 cc00 | 0000 81e7 
  0x000002398047e280: feff 1f00 | 85ff 0f84 | 8703 0000 | 4c8b c641 | 83e0 0845 

  0x000002398047e294: ;   {metadata(method data for {method} {0x000002398f3defc0} 'isStatic' '(I)Z' in 'java/lang/reflect/Modifier')}
  0x000002398047e294: 85c0 49b8 | c038 11f9 | 3902 0000 | 48c7 c710 | 0100 0074 | 0748 c7c7 | 2001 0000 | 498b 0438 
  0x000002398047e2b4: 488d 4001 | 4989 0438 | 0f84 1c00 

  0x000002398047e2c0: ;   {metadata(method data for {method} {0x000002398f3defc0} 'isStatic' '(I)Z' in 'java/lang/reflect/Modifier')}
  0x000002398047e2c0: 0000 49b8 | c038 11f9 | 3902 0000 | 41ff 8030 | 0100 0041 | b801 0000 | 00e9 0600 | 0000 41b8 
  0x000002398047e2e0: 0000 0000 | 4183 e001 

  0x000002398047e2e8: ;   {metadata(method data for {method} {0x000002398f044978} 'invoke' '(Ljava/lang/Object;[Ljava/lang/Object;)Ljava/lang/Object;' in 'java/lang/reflect/Method')}
  0x000002398047e2e8: 4585 c049 | b840 d690 | f939 0200 | 0048 c7c7 | c801 0000 | 7407 48c7 | c7d8 0100 | 0049 8b04 
  0x000002398047e308: 3848 8d40 | 0149 8904 | 380f 8420 

  0x000002398047e314: ;   {metadata(method data for {method} {0x000002398f044978} 'invoke' '(Ljava/lang/Object;[Ljava/lang/Object;)Ljava/lang/Object;' in 'java/lang/reflect/Method')}
  0x000002398047e314: 0000 0049 | b840 d690 | f939 0200 | 0041 ff80 | e801 0000 

  0x000002398047e328: ;   {oop(nullptr)}
  0x000002398047e328: 48bf 0000 | 0000 0000 | 0000 e935 | 0000 004c | 8b44 2450 

  0x000002398047e33c: ; implicit exception: dispatches to 0x000002398047e634
  0x000002398047e33c: 493b 0049 

  0x000002398047e340: ;   {metadata(method data for {method} {0x000002398f044978} 'invoke' '(Ljava/lang/Object;[Ljava/lang/Object;)Ljava/lang/Object;' in 'java/lang/reflect/Method')}
  0x000002398047e340: 8bf8 48b8 | 40d6 90f9 | 3902 0000 | 4883 8000 | 0200 0001 | 418b 7808 | 49ba 0000 | 008f 3902 
  0x000002398047e360: 0000 4903 | fa48 8b7f | 7048 8b3f 

  0x000002398047e36c: ;   {metadata(method data for {method} {0x000002398f044978} 'invoke' '(Ljava/lang/Object;[Ljava/lang/Object;)Ljava/lang/Object;' in 'java/lang/reflect/Method')}
  0x000002398047e36c: 488b c248 | b940 d690 | f939 0200 | 0048 8381 | 3802 0000 | 014c 8bc3 | 488b ca48 | 8bd1 4889 
  0x000002398047e38c: ;   {optimized virtual_call}
  0x000002398047e38c: 5c24 68e8 

  0x000002398047e390: ; ImmutableOopMap {[72]=Oop [80]=Oop [88]=Oop [104]=Oop }
                      ;*invokevirtual checkAccess {reexecute=0 rethrow=0 return_oop=0}
                      ; - java.lang.reflect.Method::invoke@60
  0x000002398047e390: ec06 1007 

  0x000002398047e394: ;   {other}
  0x000002398047e394: 0f1f 8400 | 0405 0002 | 488b 5424 | 488b 724c 

  0x000002398047e3a4: ;   {metadata(method data for {method} {0x000002398f044978} 'invoke' '(Ljava/lang/Object;[Ljava/lang/Object;)Ljava/lang/Object;' in 'java/lang/reflect/Method')}
  0x000002398047e3a4: 4885 f648 | bf40 d690 | f939 0200 | 0048 c7c3 | 7002 0000 | 7507 48c7 | c380 0200 | 0048 8b04 
  0x000002398047e3c4: 1f48 8d40 | 0148 8904 | 1f0f 852c | 0000 0048 

  0x000002398047e3d4: ;   {metadata(method data for {method} {0x000002398f044978} 'invoke' '(Ljava/lang/Object;[Ljava/lang/Object;)Ljava/lang/Object;' in 'java/lang/reflect/Method')}
  0x000002398047e3d4: 8bf2 48bf | 40d6 90f9 | 3902 0000 | 4883 8790 | 0200 0001 | 0f1f 8000 

  0x000002398047e3ec: ;   {optimized virtual_call}
  0x000002398047e3ec: 0000 00e8 

  0x000002398047e3f0: ; ImmutableOopMap {[80]=Oop [88]=Oop [104]=Oop }
                      ;*invokevirtual acquireMethodAccessor {reexecute=0 rethrow=0 return_oop=0}
                      ; - java.lang.reflect.Method::invoke@75
  0x000002398047e3f0: fd02 0000 

  0x000002398047e3f4: ;   {other}
  0x000002398047e3f4: 0f1f 8400 | 6405 0003 | 488b f08b | 4424 6085 

  0x000002398047e404: ;   {metadata(method data for {method} {0x000002398f044978} 'invoke' '(Ljava/lang/Object;[Ljava/lang/Object;)Ljava/lang/Object;' in 'java/lang/reflect/Method')}
  0x000002398047e404: c049 b840 | d690 f939 | 0200 0049 | c7c1 c802 | 0000 7407 | 49c7 c1d8 | 0200 004b | 8b3c 0848 
  0x000002398047e424: 8d7f 014b | 893c 080f | 84ea 0000 | 0048 8b5c | 2468 483b | 064c 8bc6 

  0x000002398047e43c: ;   {metadata(method data for {method} {0x000002398f044978} 'invoke' '(Ljava/lang/Object;[Ljava/lang/Object;)Ljava/lang/Object;' in 'java/lang/reflect/Method')}
  0x000002398047e43c: 49b9 40d6 | 90f9 3902 | 0000 458b | 4008 49ba | 0000 008f | 3902 0000 | 4d03 c24d | 3b81 f802 
  0x000002398047e45c: 0000 750d | 4983 8100 | 0300 0001 | e960 0000 | 004d 3b81 | 0803 0000 | 750d 4983 | 8110 0300 
  0x000002398047e47c: 0001 e94a | 0000 0049 | 83b9 f802 | 0000 0075 | 174d 8981 | f802 0000 | 49c7 8100 | 0300 0001 
  0x000002398047e49c: 0000 00e9 | 2900 0000 | 4983 b908 | 0300 0000 | 7517 4d89 | 8108 0300 | 0049 c781 | 1003 0000 
  0x000002398047e4bc: 0100 0000 | e908 0000 | 0049 8381 | e802 0000 | 014c 8b44 | 2450 4c8b | 4c24 5848 | 8bfb 488b 
  0x000002398047e4dc: d648 b8ff | ffff ffff 

  0x000002398047e4e4: ;   {virtual_call}
  0x000002398047e4e4: ffff ffe8 

  0x000002398047e4e8: ; ImmutableOopMap {}
                      ;*invokeinterface invoke {reexecute=0 rethrow=0 return_oop=0}
                      ; - java.lang.reflect.Method::invoke@90
  0x000002398047e4e8: 9408 1007 

  0x000002398047e4ec: ;   {other}
  0x000002398047e4ec: 0f1f 8400 | 5c06 0004 

  0x000002398047e4f4: ;   {metadata(method data for {method} {0x000002398f044978} 'invoke' '(Ljava/lang/Object;[Ljava/lang/Object;)Ljava/lang/Object;' in 'java/lang/reflect/Method')}
  0x000002398047e4f4: 49b8 40d6 | 90f9 3902 | 0000 41ff | 8020 0300 | 0048 81c4 | 8000 0000 

  0x000002398047e50c: ;   {poll_return}
  0x000002398047e50c: 5d49 3ba7 | 5004 0000 | 0f87 2401 | 0000 c34c | 8b4c 2458 | 4c8b 4424 | 5048 3b06 

  0x000002398047e528: ;   {metadata(method data for {method} {0x000002398f044978} 'invoke' '(Ljava/lang/Object;[Ljava/lang/Object;)Ljava/lang/Object;' in 'java/lang/reflect/Method')}
  0x000002398047e528: 488b d648 | bf40 d690 | f939 0200 | 008b 5208 | 49ba 0000 | 008f 3902 | 0000 4903 | d248 3b97 
  0x000002398047e548: 4803 0000 | 750d 4883 | 8750 0300 | 0001 e960 | 0000 0048 | 3b97 5803 | 0000 750d | 4883 8760 
  0x000002398047e568: 0300 0001 | e94a 0000 | 0048 83bf | 4803 0000 | 0075 1748 | 8997 4803 | 0000 48c7 | 8750 0300 
  0x000002398047e588: 0001 0000 | 00e9 2900 | 0000 4883 | bf58 0300 | 0000 7517 | 4889 9758 | 0300 0048 | c787 6003 
  0x000002398047e5a8: 0000 0100 | 0000 e908 | 0000 0048 | 8387 3803 | 0000 0148 | 8bd6 0f1f | 8000 0000 | 0048 b8b8 
  0x000002398047e5c8: cc19 8f39 

  0x000002398047e5cc: ;   {virtual_call}
  0x000002398047e5cc: 0200 00e8 

  0x000002398047e5d0: ; ImmutableOopMap {}
                      ;*invokeinterface invoke {reexecute=0 rethrow=0 return_oop=0}
                      ; - java.lang.reflect.Method::invoke@102
  0x000002398047e5d0: 6c08 0000 

  0x000002398047e5d4: ;   {other}
  0x000002398047e5d4: 0f1f 8400 | 4407 0005 | 4881 c480 | 0000 005d 

  0x000002398047e5e4: ;   {poll_return}
  0x000002398047e5e4: 493b a750 | 0400 000f | 8768 0000 

  0x000002398047e5f0: ;   {metadata({method} {0x000002398f044978} 'invoke' '(Ljava/lang/Object;[Ljava/lang/Object;)Ljava/lang/Object;' in 'java/lang/reflect/Method')}
  0x000002398047e5f0: 00c3 49ba | 7049 048f | 3902 0000 | 4c89 5424 | 0848 c704 | 24ff ffff 

  0x000002398047e608: ;   {runtime_call counter_overflow Runtime1 stub}
  0x000002398047e608: ffe8 7255 

  0x000002398047e60c: ; ImmutableOopMap {rdx=Oop r8=Oop r9=Oop [72]=Oop [80]=Oop }
                      ;*synchronization entry
                      ; - java.lang.reflect.Method::invoke@-1
  0x000002398047e60c: 1c07 e91d 

  0x000002398047e610: ;   {metadata({method} {0x000002398f3defc0} 'isStatic' '(I)Z' in 'java/lang/reflect/Modifier')}
  0x000002398047e610: fbff ff49 | bab8 ef3d | 8f39 0200 | 004c 8954 | 2408 48c7 | 0424 ffff 

  0x000002398047e628: ;   {runtime_call counter_overflow Runtime1 stub}
  0x000002398047e628: ffff e851 

  0x000002398047e62c: ; ImmutableOopMap {rbx=Oop rdx=Oop r9=Oop [72]=Oop [80]=Oop [88]=Oop }
                      ;*synchronization entry
                      ; - java.lang.reflect.Modifier::isStatic@-1
                      ; - java.lang.reflect.Method::invoke@42
  0x000002398047e62c: 551c 07e9 | 58fc ffff 

  0x000002398047e634: ;   {runtime_call throw_null_pointer_exception Runtime1 stub}
  0x000002398047e634: e847 041c 

  0x000002398047e638: ; ImmutableOopMap {rbx=Oop rdx=Oop r9=Oop r8=Oop [72]=Oop [80]=Oop [88]=Oop }
                      ;*invokevirtual getClass {reexecute=0 rethrow=0 return_oop=0}
                      ; - java.lang.reflect.Method::invoke@53
                      ;   {runtime_call throw_null_pointer_exception Runtime1 stub}
  0x000002398047e638: 07e8 4204 

  0x000002398047e63c: ; ImmutableOopMap {rsi=Oop rbx=Oop [80]=Oop [88]=Oop }
                      ;*invokeinterface invoke {reexecute=0 rethrow=0 return_oop=0}
                      ; - java.lang.reflect.Method::invoke@90
                      ;   {internal_word}
  0x000002398047e63c: 1c07 49ba | 0de5 4780 | 3902 0000 | 4d89 9768 

  0x000002398047e64c: ;   {runtime_call SafepointBlob}
  0x000002398047e64c: 0400 00e9 | 2c6e 1007 

  0x000002398047e654: ;   {runtime_call throw_null_pointer_exception Runtime1 stub}
  0x000002398047e654: e827 041c 

  0x000002398047e658: ; ImmutableOopMap {r9=Oop r8=Oop rsi=Oop [80]=Oop }
                      ;*invokeinterface invoke {reexecute=0 rethrow=0 return_oop=0}
                      ; - java.lang.reflect.Method::invoke@102
                      ;   {internal_word}
  0x000002398047e658: 0749 bae4 | e547 8039 | 0200 004d | 8997 6804 

  0x000002398047e668: ;   {runtime_call SafepointBlob}
  0x000002398047e668: 0000 e911 | 6e10 0749 | 8b87 0005 | 0000 49c7 | 8700 0500 | 0000 0000 | 0049 c787 | 0805 0000 
  0x000002398047e688: 0000 0000 | 4881 c480 | 0000 005d 

  0x000002398047e694: ;   {runtime_call unwind_exception Runtime1 stub}
  0x000002398047e694: e9e7 f41b | 07f4 f4f4 | f4f4 f4f4 
[Stub Code]
  0x000002398047e6a0: ;   {no_reloc}
  0x000002398047e6a0: 0f1f 4400 

  0x000002398047e6a4: ;   {static_stub}
  0x000002398047e6a4: 0048 bb00 | 0000 0000 

  0x000002398047e6ac: ;   {runtime_call nmethod}
  0x000002398047e6ac: 0000 00e9 | fbff ffff 

  0x000002398047e6b4: ;   {static_stub}
  0x000002398047e6b4: 9048 bb00 | 0000 0000 

  0x000002398047e6bc: ;   {runtime_call nmethod}
  0x000002398047e6bc: 0000 00e9 | fbff ffff 

  0x000002398047e6c4: ;   {static_stub}
  0x000002398047e6c4: 48bb 0000 | 0000 0000 

  0x000002398047e6cc: ;   {runtime_call nmethod}
  0x000002398047e6cc: 0000 e9fb 

  0x000002398047e6d0: ;   {static_stub}
  0x000002398047e6d0: ffff ff48 | bb00 0000 | 0000 0000 

  0x000002398047e6dc: ;   {runtime_call nmethod}
  0x000002398047e6dc: 00e9 fbff 

  0x000002398047e6e0: ;   {static_stub}
  0x000002398047e6e0: ffff 48bb | 0000 0000 | 0000 0000 

  0x000002398047e6ec: ;   {runtime_call nmethod}
  0x000002398047e6ec: e9fb ffff 

  0x000002398047e6f0: ;   {static_stub}
  0x000002398047e6f0: ff48 bbe8 | 4d04 8f39 

  0x000002398047e6f8: ;   {runtime_call I2C/C2I adapters}
  0x000002398047e6f8: 0200 00e9 | 634d 1007 
[Exception Handler]
  0x000002398047e700: ;   {runtime_call handle_exception_from_callee Runtime1 stub}
  0x000002398047e700: e87b 211c 

  0x000002398047e704: ;   {external_word}
  0x000002398047e704: 0748 b950 | 6326 c2fb | 7f00 0048 

  0x000002398047e710: ;   {runtime_call}
  0x000002398047e710: 83e4 f048 | b8c0 c9e8 | c1fb 7f00 | 00ff d0f4 
[Deopt Handler Code]
  0x000002398047e720: ;   {section_word}
  0x000002398047e720: 49ba 20e7 | 4780 3902 | 0000 4152 

  0x000002398047e72c: ;   {runtime_call DeoptimizationBlob}
  0x000002398047e72c: e9ef 5f10 | 07f4 f4f4 | f4f4 f4f4 
[/MachCode]


---------------  P R O C E S S  ---------------

Threads class SMR info:
_java_thread_list=0x00000239f89a1180, length=21, elements={
0x00000239f1912710, 0x00000239f8700080, 0x00000239f8700be0, 0x00000239f87042c0,
0x00000239f8706d30, 0x00000239f8708190, 0x00000239f8709fb0, 0x00000239f870ad40,
0x00000239f87105b0, 0x00000239f8902710, 0x00000239f89d5880, 0x00000239fee3cfd0,
0x00000239fd105e50, 0x00000239ff08bdb0, 0x00000239f8a0ca60, 0x00000239fe9fbbc0,
0x00000239fea30750, 0x00000239f89a63f0, 0x00000239f89a6a80, 0x00000239f89a7110,
0x00000239f89a5d60
}

Java Threads: ( => current thread )
  0x00000239f1912710 JavaThread "main"                              [_thread_blocked, id=62124, stack(0x000000fadc800000,0x000000fadc900000) (1024K)]
  0x00000239f8700080 JavaThread "Reference Handler"          daemon [_thread_blocked, id=38448, stack(0x000000fadd000000,0x000000fadd100000) (1024K)]
  0x00000239f8700be0 JavaThread "Finalizer"                  daemon [_thread_blocked, id=66080, stack(0x000000fadd100000,0x000000fadd200000) (1024K)]
  0x00000239f87042c0 JavaThread "Signal Dispatcher"          daemon [_thread_blocked, id=56268, stack(0x000000fadd200000,0x000000fadd300000) (1024K)]
  0x00000239f8706d30 JavaThread "Attach Listener"            daemon [_thread_blocked, id=55872, stack(0x000000fadd300000,0x000000fadd400000) (1024K)]
  0x00000239f8708190 JavaThread "Service Thread"             daemon [_thread_blocked, id=27856, stack(0x000000fadd400000,0x000000fadd500000) (1024K)]
  0x00000239f8709fb0 JavaThread "Monitor Deflation Thread"   daemon [_thread_blocked, id=6412, stack(0x000000fadd500000,0x000000fadd600000) (1024K)]
  0x00000239f870ad40 JavaThread "C2 CompilerThread0"         daemon [_thread_blocked, id=10028, stack(0x000000fadd600000,0x000000fadd700000) (1024K)]
  0x00000239f87105b0 JavaThread "C1 CompilerThread0"         daemon [_thread_blocked, id=42052, stack(0x000000fadd700000,0x000000fadd800000) (1024K)]
  0x00000239f8902710 JavaThread "Common-Cleaner"             daemon [_thread_blocked, id=24176, stack(0x000000fadd800000,0x000000fadd900000) (1024K)]
  0x00000239f89d5880 JavaThread "Notification Thread"        daemon [_thread_blocked, id=55120, stack(0x000000fadd900000,0x000000fadda00000) (1024K)]
  0x00000239fee3cfd0 JavaThread "Daemon health stats"               [_thread_blocked, id=67440, stack(0x000000faddf00000,0x000000fade000000) (1024K)]
  0x00000239fd105e50 JavaThread "Incoming local TCP Connector on port 60348"        [_thread_in_native, id=43004, stack(0x000000fade000000,0x000000fade100000) (1024K)]
  0x00000239ff08bdb0 JavaThread "Daemon periodic checks"            [_thread_blocked, id=64272, stack(0x000000fade100000,0x000000fade200000) (1024K)]
  0x00000239f8a0ca60 JavaThread "Daemon"                            [_thread_blocked, id=68844, stack(0x000000fade200000,0x000000fade300000) (1024K)]
  0x00000239fe9fbbc0 JavaThread "Handler for socket connection from /127.0.0.1:60348 to /127.0.0.1:49998"        [_thread_in_native, id=55392, stack(0x000000fade300000,0x000000fade400000) (1024K)]
  0x00000239fea30750 JavaThread "Cancel handler"                    [_thread_blocked, id=69152, stack(0x000000fade400000,0x000000fade500000) (1024K)]
=>0x00000239f89a63f0 JavaThread "Daemon worker"                     [_thread_in_vm, id=45552, stack(0x000000fade500000,0x000000fade600000) (1024K)]
  0x00000239f89a6a80 JavaThread "Asynchronous log dispatcher for DefaultDaemonConnection: socket connection from /127.0.0.1:60348 to /127.0.0.1:49998"        [_thread_blocked, id=48916, stack(0x000000fade600000,0x000000fade700000) (1024K)]
  0x00000239f89a7110 JavaThread "Stdin handler"                     [_thread_blocked, id=2192, stack(0x000000fade700000,0x000000fade800000) (1024K)]
  0x00000239f89a5d60 JavaThread "Daemon client event forwarder"        [_thread_blocked, id=68464, stack(0x000000fade800000,0x000000fade900000) (1024K)]
Total: 21

Other Threads:
  0x00000239f86ddb60 VMThread "VM Thread"                           [id=26244, stack(0x000000fadcf00000,0x000000fadd000000) (1024K)] _threads_hazard_ptr=0x00000239f89a1180
  0x00000239f86cfc60 WatcherThread "VM Periodic Task Thread"        [id=31216, stack(0x000000fadce00000,0x000000fadcf00000) (1024K)]
  0x00000239f193cdc0 WorkerThread "GC Thread#0"                     [id=66524, stack(0x000000fadc900000,0x000000fadca00000) (1024K)]
  0x00000239fd941af0 WorkerThread "GC Thread#1"                     [id=66592, stack(0x000000fadda00000,0x000000faddb00000) (1024K)]
  0x00000239fd941ea0 WorkerThread "GC Thread#2"                     [id=66596, stack(0x000000faddb00000,0x000000faddc00000) (1024K)]
  0x00000239fdae63c0 WorkerThread "GC Thread#3"                     [id=66600, stack(0x000000faddc00000,0x000000faddd00000) (1024K)]
  0x00000239fdae6770 WorkerThread "GC Thread#4"                     [id=66604, stack(0x000000faddd00000,0x000000fadde00000) (1024K)]
  0x00000239fdae6b20 WorkerThread "GC Thread#5"                     [id=66608, stack(0x000000fadde00000,0x000000faddf00000) (1024K)]
  0x00000239f19424d0 ConcurrentGCThread "G1 Main Marker"            [id=57268, stack(0x000000fadca00000,0x000000fadcb00000) (1024K)]
  0x00000239f1942ef0 WorkerThread "G1 Conc#0"                       [id=33692, stack(0x000000fadcb00000,0x000000fadcc00000) (1024K)]
  0x00000239f859d230 ConcurrentGCThread "G1 Refine#0"               [id=45348, stack(0x000000fadcc00000,0x000000fadcd00000) (1024K)]
  0x00000239f85a0470 ConcurrentGCThread "G1 Service"                [id=19340, stack(0x000000fadcd00000,0x000000fadce00000) (1024K)]
Total: 12

Threads with active compile tasks:
C2 CompilerThread0  84719 2769       4       jdk.internal.org.objectweb.asm.Frame::execute (2305 bytes)
C1 CompilerThread0  84719 2776       3       java.util.concurrent.ConcurrentLinkedQueue::poll (84 bytes)
Total: 2

VM state: synchronizing (normal execution)

VM Mutex/Monitor currently owned by a thread:  ([mutex/lock_event])
[0x00007ffbc251d530] Metaspace_lock - owner thread: 0x00000239f89a63f0
[0x00007ffbc251f5b0] Threads_lock - owner thread: 0x00000239f86ddb60

Heap address: 0x00000000e0000000, size: 512 MB, Compressed Oops mode: 32-bit

CDS archive(s) mapped at: [0x000002398f000000-0x000002398fba0000-0x000002398fba0000), size 12189696, SharedBaseAddress: 0x000002398f000000, ArchiveRelocationMode: 1.
Compressed class space mapped at: 0x0000023990000000-0x00000239a4000000, reserved size: 335544320
Narrow klass base: 0x000002398f000000, Narrow klass shift: 0, Narrow klass range: 0x100000000

GC Precious Log:
 CardTable entry size: 512
 Card Set container configuration: InlinePtr #cards 5 size 8 Array Of Cards #cards 12 size 40 Howl #buckets 4 coarsen threshold 1843 Howl Bitmap #cards 512 size 80 coarsen threshold 460 Card regions per heap region 1 cards per card region 2048
 CPUs: 12 total, 12 available
 Memory: 15688M
 Large Page Support: Disabled
 NUMA Support: Disabled
 Compressed Oops: Enabled (32-bit)
 Heap Region Size: 1M
 Heap Min Capacity: 256M
 Heap Initial Capacity: 256M
 Heap Max Capacity: 512M
 Pre-touch: Disabled
 Parallel Workers: 10
 Concurrent Workers: 3
 Concurrent Refinement Workers: 10
 Periodic GC: Disabled

Heap:
 garbage-first heap   total 262144K, used 76688K [0x00000000e0000000, 0x0000000100000000)
  region size 1024K, 64 young (65536K), 3 survivors (3072K)
 Metaspace       used 12910K, committed 13248K, reserved 393216K
  class space    used 1748K, committed 1920K, reserved 327680K

Heap Regions: E=young(eden), S=young(survivor), O=old, HS=humongous(starts), HC=humongous(continues), CS=collection set, F=free, TAMS=top-at-mark-start, PB=parsable bottom
|   0|0x00000000e0000000, 0x00000000e0100000, 0x00000000e0100000|100%|HS|  |TAMS 0x00000000e0000000| PB 0x00000000e0000000| Complete 
|   1|0x00000000e0100000, 0x00000000e0200000, 0x00000000e0200000|100%|HC|  |TAMS 0x00000000e0100000| PB 0x00000000e0100000| Complete 
|   2|0x00000000e0200000, 0x00000000e0300000, 0x00000000e0300000|100%|HC|  |TAMS 0x00000000e0200000| PB 0x00000000e0200000| Complete 
|   3|0x00000000e0300000, 0x00000000e0400000, 0x00000000e0400000|100%|HC|  |TAMS 0x00000000e0300000| PB 0x00000000e0300000| Complete 
|   4|0x00000000e0400000, 0x00000000e0500000, 0x00000000e0500000|100%| O|  |TAMS 0x00000000e0400000| PB 0x00000000e0400000| Untracked 
|   5|0x00000000e0500000, 0x00000000e0600000, 0x00000000e0600000|100%| O|  |TAMS 0x00000000e0500000| PB 0x00000000e0500000| Untracked 
|   6|0x00000000e0600000, 0x00000000e0700000, 0x00000000e0700000|100%| O|  |TAMS 0x00000000e0600000| PB 0x00000000e0600000| Untracked 
|   7|0x00000000e0700000, 0x00000000e0800000, 0x00000000e0800000|100%| O|  |TAMS 0x00000000e0700000| PB 0x00000000e0700000| Untracked 
|   8|0x00000000e0800000, 0x00000000e0900000, 0x00000000e0900000|100%|HS|  |TAMS 0x00000000e0800000| PB 0x00000000e0800000| Complete 
|   9|0x00000000e0900000, 0x00000000e0a00000, 0x00000000e0a00000|100%| O|  |TAMS 0x00000000e0900000| PB 0x00000000e0900000| Untracked 
|  10|0x00000000e0a00000, 0x00000000e0b00000, 0x00000000e0b00000|100%| O|  |TAMS 0x00000000e0a00000| PB 0x00000000e0a00000| Untracked 
|  11|0x00000000e0b00000, 0x00000000e0b80278, 0x00000000e0c00000| 50%| O|  |TAMS 0x00000000e0b00000| PB 0x00000000e0b00000| Untracked 
|  12|0x00000000e0c00000, 0x00000000e0d00000, 0x00000000e0d00000|100%|HS|  |TAMS 0x00000000e0c00000| PB 0x00000000e0c00000| Complete 
|  13|0x00000000e0d00000, 0x00000000e0d00000, 0x00000000e0e00000|  0%| F|  |TAMS 0x00000000e0d00000| PB 0x00000000e0d00000| Untracked 
|  14|0x00000000e0e00000, 0x00000000e0e00000, 0x00000000e0f00000|  0%| F|  |TAMS 0x00000000e0e00000| PB 0x00000000e0e00000| Untracked 
|  15|0x00000000e0f00000, 0x00000000e0f00000, 0x00000000e1000000|  0%| F|  |TAMS 0x00000000e0f00000| PB 0x00000000e0f00000| Untracked 
|  16|0x00000000e1000000, 0x00000000e1000000, 0x00000000e1100000|  0%| F|  |TAMS 0x00000000e1000000| PB 0x00000000e1000000| Untracked 
|  17|0x00000000e1100000, 0x00000000e1100000, 0x00000000e1200000|  0%| F|  |TAMS 0x00000000e1100000| PB 0x00000000e1100000| Untracked 
|  18|0x00000000e1200000, 0x00000000e1200000, 0x00000000e1300000|  0%| F|  |TAMS 0x00000000e1200000| PB 0x00000000e1200000| Untracked 
|  19|0x00000000e1300000, 0x00000000e1300000, 0x00000000e1400000|  0%| F|  |TAMS 0x00000000e1300000| PB 0x00000000e1300000| Untracked 
|  20|0x00000000e1400000, 0x00000000e1400000, 0x00000000e1500000|  0%| F|  |TAMS 0x00000000e1400000| PB 0x00000000e1400000| Untracked 
|  21|0x00000000e1500000, 0x00000000e1500000, 0x00000000e1600000|  0%| F|  |TAMS 0x00000000e1500000| PB 0x00000000e1500000| Untracked 
|  22|0x00000000e1600000, 0x00000000e1600000, 0x00000000e1700000|  0%| F|  |TAMS 0x00000000e1600000| PB 0x00000000e1600000| Untracked 
|  23|0x00000000e1700000, 0x00000000e1700000, 0x00000000e1800000|  0%| F|  |TAMS 0x00000000e1700000| PB 0x00000000e1700000| Untracked 
|  24|0x00000000e1800000, 0x00000000e1800000, 0x00000000e1900000|  0%| F|  |TAMS 0x00000000e1800000| PB 0x00000000e1800000| Untracked 
|  25|0x00000000e1900000, 0x00000000e1900000, 0x00000000e1a00000|  0%| F|  |TAMS 0x00000000e1900000| PB 0x00000000e1900000| Untracked 
|  26|0x00000000e1a00000, 0x00000000e1a00000, 0x00000000e1b00000|  0%| F|  |TAMS 0x00000000e1a00000| PB 0x00000000e1a00000| Untracked 
|  27|0x00000000e1b00000, 0x00000000e1b00000, 0x00000000e1c00000|  0%| F|  |TAMS 0x00000000e1b00000| PB 0x00000000e1b00000| Untracked 
|  28|0x00000000e1c00000, 0x00000000e1c00000, 0x00000000e1d00000|  0%| F|  |TAMS 0x00000000e1c00000| PB 0x00000000e1c00000| Untracked 
|  29|0x00000000e1d00000, 0x00000000e1d00000, 0x00000000e1e00000|  0%| F|  |TAMS 0x00000000e1d00000| PB 0x00000000e1d00000| Untracked 
|  30|0x00000000e1e00000, 0x00000000e1e00000, 0x00000000e1f00000|  0%| F|  |TAMS 0x00000000e1e00000| PB 0x00000000e1e00000| Untracked 
|  31|0x00000000e1f00000, 0x00000000e1f00000, 0x00000000e2000000|  0%| F|  |TAMS 0x00000000e1f00000| PB 0x00000000e1f00000| Untracked 
|  32|0x00000000e2000000, 0x00000000e2000000, 0x00000000e2100000|  0%| F|  |TAMS 0x00000000e2000000| PB 0x00000000e2000000| Untracked 
|  33|0x00000000e2100000, 0x00000000e2100000, 0x00000000e2200000|  0%| F|  |TAMS 0x00000000e2100000| PB 0x00000000e2100000| Untracked 
|  34|0x00000000e2200000, 0x00000000e2200000, 0x00000000e2300000|  0%| F|  |TAMS 0x00000000e2200000| PB 0x00000000e2200000| Untracked 
|  35|0x00000000e2300000, 0x00000000e2300000, 0x00000000e2400000|  0%| F|  |TAMS 0x00000000e2300000| PB 0x00000000e2300000| Untracked 
|  36|0x00000000e2400000, 0x00000000e2400000, 0x00000000e2500000|  0%| F|  |TAMS 0x00000000e2400000| PB 0x00000000e2400000| Untracked 
|  37|0x00000000e2500000, 0x00000000e2500000, 0x00000000e2600000|  0%| F|  |TAMS 0x00000000e2500000| PB 0x00000000e2500000| Untracked 
|  38|0x00000000e2600000, 0x00000000e2600000, 0x00000000e2700000|  0%| F|  |TAMS 0x00000000e2600000| PB 0x00000000e2600000| Untracked 
|  39|0x00000000e2700000, 0x00000000e2700000, 0x00000000e2800000|  0%| F|  |TAMS 0x00000000e2700000| PB 0x00000000e2700000| Untracked 
|  40|0x00000000e2800000, 0x00000000e2800000, 0x00000000e2900000|  0%| F|  |TAMS 0x00000000e2800000| PB 0x00000000e2800000| Untracked 
|  41|0x00000000e2900000, 0x00000000e2900000, 0x00000000e2a00000|  0%| F|  |TAMS 0x00000000e2900000| PB 0x00000000e2900000| Untracked 
|  42|0x00000000e2a00000, 0x00000000e2a00000, 0x00000000e2b00000|  0%| F|  |TAMS 0x00000000e2a00000| PB 0x00000000e2a00000| Untracked 
|  43|0x00000000e2b00000, 0x00000000e2b00000, 0x00000000e2c00000|  0%| F|  |TAMS 0x00000000e2b00000| PB 0x00000000e2b00000| Untracked 
|  44|0x00000000e2c00000, 0x00000000e2c00000, 0x00000000e2d00000|  0%| F|  |TAMS 0x00000000e2c00000| PB 0x00000000e2c00000| Untracked 
|  45|0x00000000e2d00000, 0x00000000e2d00000, 0x00000000e2e00000|  0%| F|  |TAMS 0x00000000e2d00000| PB 0x00000000e2d00000| Untracked 
|  46|0x00000000e2e00000, 0x00000000e2e00000, 0x00000000e2f00000|  0%| F|  |TAMS 0x00000000e2e00000| PB 0x00000000e2e00000| Untracked 
|  47|0x00000000e2f00000, 0x00000000e2f00000, 0x00000000e3000000|  0%| F|  |TAMS 0x00000000e2f00000| PB 0x00000000e2f00000| Untracked 
|  48|0x00000000e3000000, 0x00000000e3000000, 0x00000000e3100000|  0%| F|  |TAMS 0x00000000e3000000| PB 0x00000000e3000000| Untracked 
|  49|0x00000000e3100000, 0x00000000e3100000, 0x00000000e3200000|  0%| F|  |TAMS 0x00000000e3100000| PB 0x00000000e3100000| Untracked 
|  50|0x00000000e3200000, 0x00000000e3200000, 0x00000000e3300000|  0%| F|  |TAMS 0x00000000e3200000| PB 0x00000000e3200000| Untracked 
|  51|0x00000000e3300000, 0x00000000e3300000, 0x00000000e3400000|  0%| F|  |TAMS 0x00000000e3300000| PB 0x00000000e3300000| Untracked 
|  52|0x00000000e3400000, 0x00000000e3400000, 0x00000000e3500000|  0%| F|  |TAMS 0x00000000e3400000| PB 0x00000000e3400000| Untracked 
|  53|0x00000000e3500000, 0x00000000e3500000, 0x00000000e3600000|  0%| F|  |TAMS 0x00000000e3500000| PB 0x00000000e3500000| Untracked 
|  54|0x00000000e3600000, 0x00000000e3600000, 0x00000000e3700000|  0%| F|  |TAMS 0x00000000e3600000| PB 0x00000000e3600000| Untracked 
|  55|0x00000000e3700000, 0x00000000e3700000, 0x00000000e3800000|  0%| F|  |TAMS 0x00000000e3700000| PB 0x00000000e3700000| Untracked 
|  56|0x00000000e3800000, 0x00000000e3800000, 0x00000000e3900000|  0%| F|  |TAMS 0x00000000e3800000| PB 0x00000000e3800000| Untracked 
|  57|0x00000000e3900000, 0x00000000e3900000, 0x00000000e3a00000|  0%| F|  |TAMS 0x00000000e3900000| PB 0x00000000e3900000| Untracked 
|  58|0x00000000e3a00000, 0x00000000e3a00000, 0x00000000e3b00000|  0%| F|  |TAMS 0x00000000e3a00000| PB 0x00000000e3a00000| Untracked 
|  59|0x00000000e3b00000, 0x00000000e3b00000, 0x00000000e3c00000|  0%| F|  |TAMS 0x00000000e3b00000| PB 0x00000000e3b00000| Untracked 
|  60|0x00000000e3c00000, 0x00000000e3c00000, 0x00000000e3d00000|  0%| F|  |TAMS 0x00000000e3c00000| PB 0x00000000e3c00000| Untracked 
|  61|0x00000000e3d00000, 0x00000000e3d00000, 0x00000000e3e00000|  0%| F|  |TAMS 0x00000000e3d00000| PB 0x00000000e3d00000| Untracked 
|  62|0x00000000e3e00000, 0x00000000e3e00000, 0x00000000e3f00000|  0%| F|  |TAMS 0x00000000e3e00000| PB 0x00000000e3e00000| Untracked 
|  63|0x00000000e3f00000, 0x00000000e3f00000, 0x00000000e4000000|  0%| F|  |TAMS 0x00000000e3f00000| PB 0x00000000e3f00000| Untracked 
|  64|0x00000000e4000000, 0x00000000e4000000, 0x00000000e4100000|  0%| F|  |TAMS 0x00000000e4000000| PB 0x00000000e4000000| Untracked 
|  65|0x00000000e4100000, 0x00000000e4100000, 0x00000000e4200000|  0%| F|  |TAMS 0x00000000e4100000| PB 0x00000000e4100000| Untracked 
|  66|0x00000000e4200000, 0x00000000e4200000, 0x00000000e4300000|  0%| F|  |TAMS 0x00000000e4200000| PB 0x00000000e4200000| Untracked 
|  67|0x00000000e4300000, 0x00000000e4300000, 0x00000000e4400000|  0%| F|  |TAMS 0x00000000e4300000| PB 0x00000000e4300000| Untracked 
|  68|0x00000000e4400000, 0x00000000e4400000, 0x00000000e4500000|  0%| F|  |TAMS 0x00000000e4400000| PB 0x00000000e4400000| Untracked 
|  69|0x00000000e4500000, 0x00000000e4500000, 0x00000000e4600000|  0%| F|  |TAMS 0x00000000e4500000| PB 0x00000000e4500000| Untracked 
|  70|0x00000000e4600000, 0x00000000e4600000, 0x00000000e4700000|  0%| F|  |TAMS 0x00000000e4600000| PB 0x00000000e4600000| Untracked 
|  71|0x00000000e4700000, 0x00000000e4700000, 0x00000000e4800000|  0%| F|  |TAMS 0x00000000e4700000| PB 0x00000000e4700000| Untracked 
|  72|0x00000000e4800000, 0x00000000e4800000, 0x00000000e4900000|  0%| F|  |TAMS 0x00000000e4800000| PB 0x00000000e4800000| Untracked 
|  73|0x00000000e4900000, 0x00000000e4900000, 0x00000000e4a00000|  0%| F|  |TAMS 0x00000000e4900000| PB 0x00000000e4900000| Untracked 
|  74|0x00000000e4a00000, 0x00000000e4a00000, 0x00000000e4b00000|  0%| F|  |TAMS 0x00000000e4a00000| PB 0x00000000e4a00000| Untracked 
|  75|0x00000000e4b00000, 0x00000000e4b00000, 0x00000000e4c00000|  0%| F|  |TAMS 0x00000000e4b00000| PB 0x00000000e4b00000| Untracked 
|  76|0x00000000e4c00000, 0x00000000e4c00000, 0x00000000e4d00000|  0%| F|  |TAMS 0x00000000e4c00000| PB 0x00000000e4c00000| Untracked 
|  77|0x00000000e4d00000, 0x00000000e4d00000, 0x00000000e4e00000|  0%| F|  |TAMS 0x00000000e4d00000| PB 0x00000000e4d00000| Untracked 
|  78|0x00000000e4e00000, 0x00000000e4e00000, 0x00000000e4f00000|  0%| F|  |TAMS 0x00000000e4e00000| PB 0x00000000e4e00000| Untracked 
|  79|0x00000000e4f00000, 0x00000000e4f00000, 0x00000000e5000000|  0%| F|  |TAMS 0x00000000e4f00000| PB 0x00000000e4f00000| Untracked 
|  80|0x00000000e5000000, 0x00000000e5000000, 0x00000000e5100000|  0%| F|  |TAMS 0x00000000e5000000| PB 0x00000000e5000000| Untracked 
|  81|0x00000000e5100000, 0x00000000e5100000, 0x00000000e5200000|  0%| F|  |TAMS 0x00000000e5100000| PB 0x00000000e5100000| Untracked 
|  82|0x00000000e5200000, 0x00000000e5200000, 0x00000000e5300000|  0%| F|  |TAMS 0x00000000e5200000| PB 0x00000000e5200000| Untracked 
|  83|0x00000000e5300000, 0x00000000e5300000, 0x00000000e5400000|  0%| F|  |TAMS 0x00000000e5300000| PB 0x00000000e5300000| Untracked 
|  84|0x00000000e5400000, 0x00000000e5400000, 0x00000000e5500000|  0%| F|  |TAMS 0x00000000e5400000| PB 0x00000000e5400000| Untracked 
|  85|0x00000000e5500000, 0x00000000e5500000, 0x00000000e5600000|  0%| F|  |TAMS 0x00000000e5500000| PB 0x00000000e5500000| Untracked 
|  86|0x00000000e5600000, 0x00000000e5600000, 0x00000000e5700000|  0%| F|  |TAMS 0x00000000e5600000| PB 0x00000000e5600000| Untracked 
|  87|0x00000000e5700000, 0x00000000e5700000, 0x00000000e5800000|  0%| F|  |TAMS 0x00000000e5700000| PB 0x00000000e5700000| Untracked 
|  88|0x00000000e5800000, 0x00000000e5800000, 0x00000000e5900000|  0%| F|  |TAMS 0x00000000e5800000| PB 0x00000000e5800000| Untracked 
|  89|0x00000000e5900000, 0x00000000e5900000, 0x00000000e5a00000|  0%| F|  |TAMS 0x00000000e5900000| PB 0x00000000e5900000| Untracked 
|  90|0x00000000e5a00000, 0x00000000e5a00000, 0x00000000e5b00000|  0%| F|  |TAMS 0x00000000e5a00000| PB 0x00000000e5a00000| Untracked 
|  91|0x00000000e5b00000, 0x00000000e5b00000, 0x00000000e5c00000|  0%| F|  |TAMS 0x00000000e5b00000| PB 0x00000000e5b00000| Untracked 
|  92|0x00000000e5c00000, 0x00000000e5c00000, 0x00000000e5d00000|  0%| F|  |TAMS 0x00000000e5c00000| PB 0x00000000e5c00000| Untracked 
|  93|0x00000000e5d00000, 0x00000000e5d00000, 0x00000000e5e00000|  0%| F|  |TAMS 0x00000000e5d00000| PB 0x00000000e5d00000| Untracked 
|  94|0x00000000e5e00000, 0x00000000e5e00000, 0x00000000e5f00000|  0%| F|  |TAMS 0x00000000e5e00000| PB 0x00000000e5e00000| Untracked 
|  95|0x00000000e5f00000, 0x00000000e5f00000, 0x00000000e6000000|  0%| F|  |TAMS 0x00000000e5f00000| PB 0x00000000e5f00000| Untracked 
|  96|0x00000000e6000000, 0x00000000e6000000, 0x00000000e6100000|  0%| F|  |TAMS 0x00000000e6000000| PB 0x00000000e6000000| Untracked 
|  97|0x00000000e6100000, 0x00000000e6100000, 0x00000000e6200000|  0%| F|  |TAMS 0x00000000e6100000| PB 0x00000000e6100000| Untracked 
|  98|0x00000000e6200000, 0x00000000e6200000, 0x00000000e6300000|  0%| F|  |TAMS 0x00000000e6200000| PB 0x00000000e6200000| Untracked 
|  99|0x00000000e6300000, 0x00000000e6300000, 0x00000000e6400000|  0%| F|  |TAMS 0x00000000e6300000| PB 0x00000000e6300000| Untracked 
| 100|0x00000000e6400000, 0x00000000e6400000, 0x00000000e6500000|  0%| F|  |TAMS 0x00000000e6400000| PB 0x00000000e6400000| Untracked 
| 101|0x00000000e6500000, 0x00000000e6500000, 0x00000000e6600000|  0%| F|  |TAMS 0x00000000e6500000| PB 0x00000000e6500000| Untracked 
| 102|0x00000000e6600000, 0x00000000e6600000, 0x00000000e6700000|  0%| F|  |TAMS 0x00000000e6600000| PB 0x00000000e6600000| Untracked 
| 103|0x00000000e6700000, 0x00000000e6700000, 0x00000000e6800000|  0%| F|  |TAMS 0x00000000e6700000| PB 0x00000000e6700000| Untracked 
| 104|0x00000000e6800000, 0x00000000e6800000, 0x00000000e6900000|  0%| F|  |TAMS 0x00000000e6800000| PB 0x00000000e6800000| Untracked 
| 105|0x00000000e6900000, 0x00000000e6900000, 0x00000000e6a00000|  0%| F|  |TAMS 0x00000000e6900000| PB 0x00000000e6900000| Untracked 
| 106|0x00000000e6a00000, 0x00000000e6a00000, 0x00000000e6b00000|  0%| F|  |TAMS 0x00000000e6a00000| PB 0x00000000e6a00000| Untracked 
| 107|0x00000000e6b00000, 0x00000000e6b00000, 0x00000000e6c00000|  0%| F|  |TAMS 0x00000000e6b00000| PB 0x00000000e6b00000| Untracked 
| 108|0x00000000e6c00000, 0x00000000e6c00000, 0x00000000e6d00000|  0%| F|  |TAMS 0x00000000e6c00000| PB 0x00000000e6c00000| Untracked 
| 109|0x00000000e6d00000, 0x00000000e6d00000, 0x00000000e6e00000|  0%| F|  |TAMS 0x00000000e6d00000| PB 0x00000000e6d00000| Untracked 
| 110|0x00000000e6e00000, 0x00000000e6e00000, 0x00000000e6f00000|  0%| F|  |TAMS 0x00000000e6e00000| PB 0x00000000e6e00000| Untracked 
| 111|0x00000000e6f00000, 0x00000000e6f00000, 0x00000000e7000000|  0%| F|  |TAMS 0x00000000e6f00000| PB 0x00000000e6f00000| Untracked 
| 112|0x00000000e7000000, 0x00000000e7000000, 0x00000000e7100000|  0%| F|  |TAMS 0x00000000e7000000| PB 0x00000000e7000000| Untracked 
| 113|0x00000000e7100000, 0x00000000e7100000, 0x00000000e7200000|  0%| F|  |TAMS 0x00000000e7100000| PB 0x00000000e7100000| Untracked 
| 114|0x00000000e7200000, 0x00000000e7200000, 0x00000000e7300000|  0%| F|  |TAMS 0x00000000e7200000| PB 0x00000000e7200000| Untracked 
| 115|0x00000000e7300000, 0x00000000e7300000, 0x00000000e7400000|  0%| F|  |TAMS 0x00000000e7300000| PB 0x00000000e7300000| Untracked 
| 116|0x00000000e7400000, 0x00000000e7400000, 0x00000000e7500000|  0%| F|  |TAMS 0x00000000e7400000| PB 0x00000000e7400000| Untracked 
| 117|0x00000000e7500000, 0x00000000e7500000, 0x00000000e7600000|  0%| F|  |TAMS 0x00000000e7500000| PB 0x00000000e7500000| Untracked 
| 118|0x00000000e7600000, 0x00000000e7600000, 0x00000000e7700000|  0%| F|  |TAMS 0x00000000e7600000| PB 0x00000000e7600000| Untracked 
| 119|0x00000000e7700000, 0x00000000e7700000, 0x00000000e7800000|  0%| F|  |TAMS 0x00000000e7700000| PB 0x00000000e7700000| Untracked 
| 120|0x00000000e7800000, 0x00000000e7800000, 0x00000000e7900000|  0%| F|  |TAMS 0x00000000e7800000| PB 0x00000000e7800000| Untracked 
| 121|0x00000000e7900000, 0x00000000e7900000, 0x00000000e7a00000|  0%| F|  |TAMS 0x00000000e7900000| PB 0x00000000e7900000| Untracked 
| 122|0x00000000e7a00000, 0x00000000e7a00000, 0x00000000e7b00000|  0%| F|  |TAMS 0x00000000e7a00000| PB 0x00000000e7a00000| Untracked 
| 123|0x00000000e7b00000, 0x00000000e7b00000, 0x00000000e7c00000|  0%| F|  |TAMS 0x00000000e7b00000| PB 0x00000000e7b00000| Untracked 
| 124|0x00000000e7c00000, 0x00000000e7c00000, 0x00000000e7d00000|  0%| F|  |TAMS 0x00000000e7c00000| PB 0x00000000e7c00000| Untracked 
| 125|0x00000000e7d00000, 0x00000000e7d00000, 0x00000000e7e00000|  0%| F|  |TAMS 0x00000000e7d00000| PB 0x00000000e7d00000| Untracked 
| 126|0x00000000e7e00000, 0x00000000e7e00000, 0x00000000e7f00000|  0%| F|  |TAMS 0x00000000e7e00000| PB 0x00000000e7e00000| Untracked 
| 127|0x00000000e7f00000, 0x00000000e7f00000, 0x00000000e8000000|  0%| F|  |TAMS 0x00000000e7f00000| PB 0x00000000e7f00000| Untracked 
| 128|0x00000000e8000000, 0x00000000e8000000, 0x00000000e8100000|  0%| F|  |TAMS 0x00000000e8000000| PB 0x00000000e8000000| Untracked 
| 129|0x00000000e8100000, 0x00000000e8100000, 0x00000000e8200000|  0%| F|  |TAMS 0x00000000e8100000| PB 0x00000000e8100000| Untracked 
| 130|0x00000000e8200000, 0x00000000e8200000, 0x00000000e8300000|  0%| F|  |TAMS 0x00000000e8200000| PB 0x00000000e8200000| Untracked 
| 131|0x00000000e8300000, 0x00000000e8300000, 0x00000000e8400000|  0%| F|  |TAMS 0x00000000e8300000| PB 0x00000000e8300000| Untracked 
| 132|0x00000000e8400000, 0x00000000e8400000, 0x00000000e8500000|  0%| F|  |TAMS 0x00000000e8400000| PB 0x00000000e8400000| Untracked 
| 133|0x00000000e8500000, 0x00000000e8500000, 0x00000000e8600000|  0%| F|  |TAMS 0x00000000e8500000| PB 0x00000000e8500000| Untracked 
| 134|0x00000000e8600000, 0x00000000e8600000, 0x00000000e8700000|  0%| F|  |TAMS 0x00000000e8600000| PB 0x00000000e8600000| Untracked 
| 135|0x00000000e8700000, 0x00000000e8700000, 0x00000000e8800000|  0%| F|  |TAMS 0x00000000e8700000| PB 0x00000000e8700000| Untracked 
| 136|0x00000000e8800000, 0x00000000e8800000, 0x00000000e8900000|  0%| F|  |TAMS 0x00000000e8800000| PB 0x00000000e8800000| Untracked 
| 137|0x00000000e8900000, 0x00000000e8900000, 0x00000000e8a00000|  0%| F|  |TAMS 0x00000000e8900000| PB 0x00000000e8900000| Untracked 
| 138|0x00000000e8a00000, 0x00000000e8a00000, 0x00000000e8b00000|  0%| F|  |TAMS 0x00000000e8a00000| PB 0x00000000e8a00000| Untracked 
| 139|0x00000000e8b00000, 0x00000000e8b00000, 0x00000000e8c00000|  0%| F|  |TAMS 0x00000000e8b00000| PB 0x00000000e8b00000| Untracked 
| 140|0x00000000e8c00000, 0x00000000e8c00000, 0x00000000e8d00000|  0%| F|  |TAMS 0x00000000e8c00000| PB 0x00000000e8c00000| Untracked 
| 141|0x00000000e8d00000, 0x00000000e8d00000, 0x00000000e8e00000|  0%| F|  |TAMS 0x00000000e8d00000| PB 0x00000000e8d00000| Untracked 
| 142|0x00000000e8e00000, 0x00000000e8e00000, 0x00000000e8f00000|  0%| F|  |TAMS 0x00000000e8e00000| PB 0x00000000e8e00000| Untracked 
| 143|0x00000000e8f00000, 0x00000000e8f00000, 0x00000000e9000000|  0%| F|  |TAMS 0x00000000e8f00000| PB 0x00000000e8f00000| Untracked 
| 144|0x00000000e9000000, 0x00000000e9000000, 0x00000000e9100000|  0%| F|  |TAMS 0x00000000e9000000| PB 0x00000000e9000000| Untracked 
| 145|0x00000000e9100000, 0x00000000e9100000, 0x00000000e9200000|  0%| F|  |TAMS 0x00000000e9100000| PB 0x00000000e9100000| Untracked 
| 146|0x00000000e9200000, 0x00000000e9200000, 0x00000000e9300000|  0%| F|  |TAMS 0x00000000e9200000| PB 0x00000000e9200000| Untracked 
| 147|0x00000000e9300000, 0x00000000e9300000, 0x00000000e9400000|  0%| F|  |TAMS 0x00000000e9300000| PB 0x00000000e9300000| Untracked 
| 148|0x00000000e9400000, 0x00000000e9400000, 0x00000000e9500000|  0%| F|  |TAMS 0x00000000e9400000| PB 0x00000000e9400000| Untracked 
| 149|0x00000000e9500000, 0x00000000e9500000, 0x00000000e9600000|  0%| F|  |TAMS 0x00000000e9500000| PB 0x00000000e9500000| Untracked 
| 150|0x00000000e9600000, 0x00000000e9600000, 0x00000000e9700000|  0%| F|  |TAMS 0x00000000e9600000| PB 0x00000000e9600000| Untracked 
| 151|0x00000000e9700000, 0x00000000e9700000, 0x00000000e9800000|  0%| F|  |TAMS 0x00000000e9700000| PB 0x00000000e9700000| Untracked 
| 152|0x00000000e9800000, 0x00000000e9800000, 0x00000000e9900000|  0%| F|  |TAMS 0x00000000e9800000| PB 0x00000000e9800000| Untracked 
| 153|0x00000000e9900000, 0x00000000e9900000, 0x00000000e9a00000|  0%| F|  |TAMS 0x00000000e9900000| PB 0x00000000e9900000| Untracked 
| 154|0x00000000e9a00000, 0x00000000e9a00000, 0x00000000e9b00000|  0%| F|  |TAMS 0x00000000e9a00000| PB 0x00000000e9a00000| Untracked 
| 155|0x00000000e9b00000, 0x00000000e9b00000, 0x00000000e9c00000|  0%| F|  |TAMS 0x00000000e9b00000| PB 0x00000000e9b00000| Untracked 
| 156|0x00000000e9c00000, 0x00000000e9c00000, 0x00000000e9d00000|  0%| F|  |TAMS 0x00000000e9c00000| PB 0x00000000e9c00000| Untracked 
| 157|0x00000000e9d00000, 0x00000000e9d00000, 0x00000000e9e00000|  0%| F|  |TAMS 0x00000000e9d00000| PB 0x00000000e9d00000| Untracked 
| 158|0x00000000e9e00000, 0x00000000e9e00000, 0x00000000e9f00000|  0%| F|  |TAMS 0x00000000e9e00000| PB 0x00000000e9e00000| Untracked 
| 159|0x00000000e9f00000, 0x00000000e9f00000, 0x00000000ea000000|  0%| F|  |TAMS 0x00000000e9f00000| PB 0x00000000e9f00000| Untracked 
| 160|0x00000000ea000000, 0x00000000ea000000, 0x00000000ea100000|  0%| F|  |TAMS 0x00000000ea000000| PB 0x00000000ea000000| Untracked 
| 161|0x00000000ea100000, 0x00000000ea100000, 0x00000000ea200000|  0%| F|  |TAMS 0x00000000ea100000| PB 0x00000000ea100000| Untracked 
| 162|0x00000000ea200000, 0x00000000ea200000, 0x00000000ea300000|  0%| F|  |TAMS 0x00000000ea200000| PB 0x00000000ea200000| Untracked 
| 163|0x00000000ea300000, 0x00000000ea300000, 0x00000000ea400000|  0%| F|  |TAMS 0x00000000ea300000| PB 0x00000000ea300000| Untracked 
| 164|0x00000000ea400000, 0x00000000ea400000, 0x00000000ea500000|  0%| F|  |TAMS 0x00000000ea400000| PB 0x00000000ea400000| Untracked 
| 165|0x00000000ea500000, 0x00000000ea500000, 0x00000000ea600000|  0%| F|  |TAMS 0x00000000ea500000| PB 0x00000000ea500000| Untracked 
| 166|0x00000000ea600000, 0x00000000ea600000, 0x00000000ea700000|  0%| F|  |TAMS 0x00000000ea600000| PB 0x00000000ea600000| Untracked 
| 167|0x00000000ea700000, 0x00000000ea700000, 0x00000000ea800000|  0%| F|  |TAMS 0x00000000ea700000| PB 0x00000000ea700000| Untracked 
| 168|0x00000000ea800000, 0x00000000ea800000, 0x00000000ea900000|  0%| F|  |TAMS 0x00000000ea800000| PB 0x00000000ea800000| Untracked 
| 169|0x00000000ea900000, 0x00000000ea900000, 0x00000000eaa00000|  0%| F|  |TAMS 0x00000000ea900000| PB 0x00000000ea900000| Untracked 
| 170|0x00000000eaa00000, 0x00000000eaa00000, 0x00000000eab00000|  0%| F|  |TAMS 0x00000000eaa00000| PB 0x00000000eaa00000| Untracked 
| 171|0x00000000eab00000, 0x00000000eab00000, 0x00000000eac00000|  0%| F|  |TAMS 0x00000000eab00000| PB 0x00000000eab00000| Untracked 
| 172|0x00000000eac00000, 0x00000000eac00000, 0x00000000ead00000|  0%| F|  |TAMS 0x00000000eac00000| PB 0x00000000eac00000| Untracked 
| 173|0x00000000ead00000, 0x00000000ead00000, 0x00000000eae00000|  0%| F|  |TAMS 0x00000000ead00000| PB 0x00000000ead00000| Untracked 
| 174|0x00000000eae00000, 0x00000000eae00000, 0x00000000eaf00000|  0%| F|  |TAMS 0x00000000eae00000| PB 0x00000000eae00000| Untracked 
| 175|0x00000000eaf00000, 0x00000000eaf00000, 0x00000000eb000000|  0%| F|  |TAMS 0x00000000eaf00000| PB 0x00000000eaf00000| Untracked 
| 176|0x00000000eb000000, 0x00000000eb000000, 0x00000000eb100000|  0%| F|  |TAMS 0x00000000eb000000| PB 0x00000000eb000000| Untracked 
| 177|0x00000000eb100000, 0x00000000eb100000, 0x00000000eb200000|  0%| F|  |TAMS 0x00000000eb100000| PB 0x00000000eb100000| Untracked 
| 178|0x00000000eb200000, 0x00000000eb200000, 0x00000000eb300000|  0%| F|  |TAMS 0x00000000eb200000| PB 0x00000000eb200000| Untracked 
| 179|0x00000000eb300000, 0x00000000eb300000, 0x00000000eb400000|  0%| F|  |TAMS 0x00000000eb300000| PB 0x00000000eb300000| Untracked 
| 180|0x00000000eb400000, 0x00000000eb400000, 0x00000000eb500000|  0%| F|  |TAMS 0x00000000eb400000| PB 0x00000000eb400000| Untracked 
| 181|0x00000000eb500000, 0x00000000eb500000, 0x00000000eb600000|  0%| F|  |TAMS 0x00000000eb500000| PB 0x00000000eb500000| Untracked 
| 182|0x00000000eb600000, 0x00000000eb600000, 0x00000000eb700000|  0%| F|  |TAMS 0x00000000eb600000| PB 0x00000000eb600000| Untracked 
| 183|0x00000000eb700000, 0x00000000eb700000, 0x00000000eb800000|  0%| F|  |TAMS 0x00000000eb700000| PB 0x00000000eb700000| Untracked 
| 184|0x00000000eb800000, 0x00000000eb800000, 0x00000000eb900000|  0%| F|  |TAMS 0x00000000eb800000| PB 0x00000000eb800000| Untracked 
| 185|0x00000000eb900000, 0x00000000eb900000, 0x00000000eba00000|  0%| F|  |TAMS 0x00000000eb900000| PB 0x00000000eb900000| Untracked 
| 186|0x00000000eba00000, 0x00000000eba00000, 0x00000000ebb00000|  0%| F|  |TAMS 0x00000000eba00000| PB 0x00000000eba00000| Untracked 
| 187|0x00000000ebb00000, 0x00000000ebb00000, 0x00000000ebc00000|  0%| F|  |TAMS 0x00000000ebb00000| PB 0x00000000ebb00000| Untracked 
| 188|0x00000000ebc00000, 0x00000000ebc00000, 0x00000000ebd00000|  0%| F|  |TAMS 0x00000000ebc00000| PB 0x00000000ebc00000| Untracked 
| 189|0x00000000ebd00000, 0x00000000ebd00000, 0x00000000ebe00000|  0%| F|  |TAMS 0x00000000ebd00000| PB 0x00000000ebd00000| Untracked 
| 190|0x00000000ebe00000, 0x00000000ebe00000, 0x00000000ebf00000|  0%| F|  |TAMS 0x00000000ebe00000| PB 0x00000000ebe00000| Untracked 
| 191|0x00000000ebf00000, 0x00000000ebf00000, 0x00000000ec000000|  0%| F|  |TAMS 0x00000000ebf00000| PB 0x00000000ebf00000| Untracked 
| 192|0x00000000ec000000, 0x00000000ec080000, 0x00000000ec100000| 50%| E|  |TAMS 0x00000000ec000000| PB 0x00000000ec000000| Complete 
| 193|0x00000000ec100000, 0x00000000ec200000, 0x00000000ec200000|100%| E|CS|TAMS 0x00000000ec100000| PB 0x00000000ec100000| Complete 
| 194|0x00000000ec200000, 0x00000000ec300000, 0x00000000ec300000|100%| E|CS|TAMS 0x00000000ec200000| PB 0x00000000ec200000| Complete 
| 195|0x00000000ec300000, 0x00000000ec400000, 0x00000000ec400000|100%| E|CS|TAMS 0x00000000ec300000| PB 0x00000000ec300000| Complete 
| 196|0x00000000ec400000, 0x00000000ec500000, 0x00000000ec500000|100%| E|CS|TAMS 0x00000000ec400000| PB 0x00000000ec400000| Complete 
| 197|0x00000000ec500000, 0x00000000ec600000, 0x00000000ec600000|100%| E|CS|TAMS 0x00000000ec500000| PB 0x00000000ec500000| Complete 
| 198|0x00000000ec600000, 0x00000000ec700000, 0x00000000ec700000|100%| E|CS|TAMS 0x00000000ec600000| PB 0x00000000ec600000| Complete 
| 199|0x00000000ec700000, 0x00000000ec800000, 0x00000000ec800000|100%| E|CS|TAMS 0x00000000ec700000| PB 0x00000000ec700000| Complete 
| 200|0x00000000ec800000, 0x00000000ec900000, 0x00000000ec900000|100%| E|CS|TAMS 0x00000000ec800000| PB 0x00000000ec800000| Complete 
| 201|0x00000000ec900000, 0x00000000eca00000, 0x00000000eca00000|100%| E|CS|TAMS 0x00000000ec900000| PB 0x00000000ec900000| Complete 
| 202|0x00000000eca00000, 0x00000000ecb00000, 0x00000000ecb00000|100%| E|CS|TAMS 0x00000000eca00000| PB 0x00000000eca00000| Complete 
| 203|0x00000000ecb00000, 0x00000000ecc00000, 0x00000000ecc00000|100%| E|CS|TAMS 0x00000000ecb00000| PB 0x00000000ecb00000| Complete 
| 204|0x00000000ecc00000, 0x00000000ecd00000, 0x00000000ecd00000|100%| E|CS|TAMS 0x00000000ecc00000| PB 0x00000000ecc00000| Complete 
| 205|0x00000000ecd00000, 0x00000000ece00000, 0x00000000ece00000|100%| E|CS|TAMS 0x00000000ecd00000| PB 0x00000000ecd00000| Complete 
| 206|0x00000000ece00000, 0x00000000ecf00000, 0x00000000ecf00000|100%| E|CS|TAMS 0x00000000ece00000| PB 0x00000000ece00000| Complete 
| 207|0x00000000ecf00000, 0x00000000ed000000, 0x00000000ed000000|100%| E|CS|TAMS 0x00000000ecf00000| PB 0x00000000ecf00000| Complete 
| 208|0x00000000ed000000, 0x00000000ed100000, 0x00000000ed100000|100%| E|CS|TAMS 0x00000000ed000000| PB 0x00000000ed000000| Complete 
| 209|0x00000000ed100000, 0x00000000ed200000, 0x00000000ed200000|100%| E|CS|TAMS 0x00000000ed100000| PB 0x00000000ed100000| Complete 
| 210|0x00000000ed200000, 0x00000000ed300000, 0x00000000ed300000|100%| E|CS|TAMS 0x00000000ed200000| PB 0x00000000ed200000| Complete 
| 211|0x00000000ed300000, 0x00000000ed400000, 0x00000000ed400000|100%| E|CS|TAMS 0x00000000ed300000| PB 0x00000000ed300000| Complete 
| 212|0x00000000ed400000, 0x00000000ed500000, 0x00000000ed500000|100%| E|CS|TAMS 0x00000000ed400000| PB 0x00000000ed400000| Complete 
| 213|0x00000000ed500000, 0x00000000ed600000, 0x00000000ed600000|100%| E|CS|TAMS 0x00000000ed500000| PB 0x00000000ed500000| Complete 
| 214|0x00000000ed600000, 0x00000000ed700000, 0x00000000ed700000|100%| E|CS|TAMS 0x00000000ed600000| PB 0x00000000ed600000| Complete 
| 215|0x00000000ed700000, 0x00000000ed800000, 0x00000000ed800000|100%| E|CS|TAMS 0x00000000ed700000| PB 0x00000000ed700000| Complete 
| 216|0x00000000ed800000, 0x00000000ed900000, 0x00000000ed900000|100%| E|CS|TAMS 0x00000000ed800000| PB 0x00000000ed800000| Complete 
| 217|0x00000000ed900000, 0x00000000eda00000, 0x00000000eda00000|100%| E|CS|TAMS 0x00000000ed900000| PB 0x00000000ed900000| Complete 
| 218|0x00000000eda00000, 0x00000000edb00000, 0x00000000edb00000|100%| E|CS|TAMS 0x00000000eda00000| PB 0x00000000eda00000| Complete 
| 219|0x00000000edb00000, 0x00000000edc00000, 0x00000000edc00000|100%| E|CS|TAMS 0x00000000edb00000| PB 0x00000000edb00000| Complete 
| 220|0x00000000edc00000, 0x00000000edd00000, 0x00000000edd00000|100%| E|CS|TAMS 0x00000000edc00000| PB 0x00000000edc00000| Complete 
| 221|0x00000000edd00000, 0x00000000ede00000, 0x00000000ede00000|100%| E|CS|TAMS 0x00000000edd00000| PB 0x00000000edd00000| Complete 
| 222|0x00000000ede00000, 0x00000000edf00000, 0x00000000edf00000|100%| E|CS|TAMS 0x00000000ede00000| PB 0x00000000ede00000| Complete 
| 223|0x00000000edf00000, 0x00000000edf64140, 0x00000000ee000000| 39%| S|CS|TAMS 0x00000000edf00000| PB 0x00000000edf00000| Complete 
| 224|0x00000000ee000000, 0x00000000ee100000, 0x00000000ee100000|100%| S|CS|TAMS 0x00000000ee000000| PB 0x00000000ee000000| Complete 
| 225|0x00000000ee100000, 0x00000000ee200000, 0x00000000ee200000|100%| S|CS|TAMS 0x00000000ee100000| PB 0x00000000ee100000| Complete 
| 226|0x00000000ee200000, 0x00000000ee300000, 0x00000000ee300000|100%| E|CS|TAMS 0x00000000ee200000| PB 0x00000000ee200000| Complete 
| 227|0x00000000ee300000, 0x00000000ee400000, 0x00000000ee400000|100%| E|CS|TAMS 0x00000000ee300000| PB 0x00000000ee300000| Complete 
| 228|0x00000000ee400000, 0x00000000ee500000, 0x00000000ee500000|100%| E|CS|TAMS 0x00000000ee400000| PB 0x00000000ee400000| Complete 
| 229|0x00000000ee500000, 0x00000000ee600000, 0x00000000ee600000|100%| E|CS|TAMS 0x00000000ee500000| PB 0x00000000ee500000| Complete 
| 230|0x00000000ee600000, 0x00000000ee700000, 0x00000000ee700000|100%| E|CS|TAMS 0x00000000ee600000| PB 0x00000000ee600000| Complete 
| 231|0x00000000ee700000, 0x00000000ee800000, 0x00000000ee800000|100%| E|CS|TAMS 0x00000000ee700000| PB 0x00000000ee700000| Complete 
| 232|0x00000000ee800000, 0x00000000ee900000, 0x00000000ee900000|100%| E|CS|TAMS 0x00000000ee800000| PB 0x00000000ee800000| Complete 
| 233|0x00000000ee900000, 0x00000000eea00000, 0x00000000eea00000|100%| E|CS|TAMS 0x00000000ee900000| PB 0x00000000ee900000| Complete 
| 234|0x00000000eea00000, 0x00000000eeb00000, 0x00000000eeb00000|100%| E|CS|TAMS 0x00000000eea00000| PB 0x00000000eea00000| Complete 
| 235|0x00000000eeb00000, 0x00000000eec00000, 0x00000000eec00000|100%| E|CS|TAMS 0x00000000eeb00000| PB 0x00000000eeb00000| Complete 
| 236|0x00000000eec00000, 0x00000000eed00000, 0x00000000eed00000|100%| E|CS|TAMS 0x00000000eec00000| PB 0x00000000eec00000| Complete 
| 237|0x00000000eed00000, 0x00000000eee00000, 0x00000000eee00000|100%| E|CS|TAMS 0x00000000eed00000| PB 0x00000000eed00000| Complete 
| 238|0x00000000eee00000, 0x00000000eef00000, 0x00000000eef00000|100%| E|CS|TAMS 0x00000000eee00000| PB 0x00000000eee00000| Complete 
| 239|0x00000000eef00000, 0x00000000ef000000, 0x00000000ef000000|100%| E|CS|TAMS 0x00000000eef00000| PB 0x00000000eef00000| Complete 
| 240|0x00000000ef000000, 0x00000000ef100000, 0x00000000ef100000|100%| E|CS|TAMS 0x00000000ef000000| PB 0x00000000ef000000| Complete 
| 241|0x00000000ef100000, 0x00000000ef200000, 0x00000000ef200000|100%| E|CS|TAMS 0x00000000ef100000| PB 0x00000000ef100000| Complete 
| 242|0x00000000ef200000, 0x00000000ef300000, 0x00000000ef300000|100%| E|CS|TAMS 0x00000000ef200000| PB 0x00000000ef200000| Complete 
| 243|0x00000000ef300000, 0x00000000ef400000, 0x00000000ef400000|100%| E|CS|TAMS 0x00000000ef300000| PB 0x00000000ef300000| Complete 
| 244|0x00000000ef400000, 0x00000000ef500000, 0x00000000ef500000|100%| E|CS|TAMS 0x00000000ef400000| PB 0x00000000ef400000| Complete 
| 245|0x00000000ef500000, 0x00000000ef600000, 0x00000000ef600000|100%| E|CS|TAMS 0x00000000ef500000| PB 0x00000000ef500000| Complete 
| 246|0x00000000ef600000, 0x00000000ef700000, 0x00000000ef700000|100%| E|CS|TAMS 0x00000000ef600000| PB 0x00000000ef600000| Complete 
| 247|0x00000000ef700000, 0x00000000ef800000, 0x00000000ef800000|100%| E|CS|TAMS 0x00000000ef700000| PB 0x00000000ef700000| Complete 
| 248|0x00000000ef800000, 0x00000000ef900000, 0x00000000ef900000|100%| E|CS|TAMS 0x00000000ef800000| PB 0x00000000ef800000| Complete 
| 249|0x00000000ef900000, 0x00000000efa00000, 0x00000000efa00000|100%| E|CS|TAMS 0x00000000ef900000| PB 0x00000000ef900000| Complete 
| 250|0x00000000efa00000, 0x00000000efb00000, 0x00000000efb00000|100%| E|CS|TAMS 0x00000000efa00000| PB 0x00000000efa00000| Complete 
| 251|0x00000000efb00000, 0x00000000efc00000, 0x00000000efc00000|100%| E|CS|TAMS 0x00000000efb00000| PB 0x00000000efb00000| Complete 
| 252|0x00000000efc00000, 0x00000000efd00000, 0x00000000efd00000|100%| E|CS|TAMS 0x00000000efc00000| PB 0x00000000efc00000| Complete 
| 253|0x00000000efd00000, 0x00000000efe00000, 0x00000000efe00000|100%| E|CS|TAMS 0x00000000efd00000| PB 0x00000000efd00000| Complete 
| 254|0x00000000efe00000, 0x00000000eff00000, 0x00000000eff00000|100%| E|CS|TAMS 0x00000000efe00000| PB 0x00000000efe00000| Complete 
| 255|0x00000000eff00000, 0x00000000f0000000, 0x00000000f0000000|100%| E|CS|TAMS 0x00000000eff00000| PB 0x00000000eff00000| Complete 

Card table byte_map: [0x00000239f5160000,0x00000239f5260000] _byte_map_base: 0x00000239f4a60000

Marking Bits: (CMBitMap*) 0x00000239f193d3e0
 Bits: [0x00000239f5260000, 0x00000239f5a60000)

Polling page: 0x00000239ef6f0000

Metaspace:

Usage:
  Non-class:     10.90 MB used.
      Class:      1.71 MB used.
       Both:     12.61 MB used.

Virtual space:
  Non-class space:       64.00 MB reserved,      11.06 MB ( 17%) committed,  1 nodes.
      Class space:      320.00 MB reserved,       1.88 MB ( <1%) committed,  1 nodes.
             Both:      384.00 MB reserved,      12.94 MB (  3%) committed. 

Chunk freelists:
   Non-Class:  4.61 MB
       Class:  14.13 MB
        Both:  18.74 MB

MaxMetaspaceSize: 384.00 MB
CompressedClassSpaceSize: 320.00 MB
Initial GC threshold: 21.00 MB
Current GC threshold: 21.00 MB
CDS: on
 - commit_granule_bytes: 65536.
 - commit_granule_words: 8192.
 - virtual_space_node_default_size: 8388608.
 - enlarge_chunks_in_place: 1.
 - use_allocation_guard: 0.


Internal statistics:

num_allocs_failed_limit: 0.
num_arena_births: 414.
num_arena_deaths: 0.
num_vsnodes_births: 2.
num_vsnodes_deaths: 0.
num_space_committed: 207.
num_space_uncommitted: 0.
num_chunks_returned_to_freelist: 0.
num_chunks_taken_from_freelist: 822.
num_chunk_merges: 0.
num_chunk_splits: 543.
num_chunks_enlarged: 380.
num_inconsistent_stats: 0.

CodeHeap 'non-profiled nmethods': size=120000Kb used=1187Kb max_used=1187Kb free=118812Kb
 bounds [0x0000023987ad0000, 0x0000023987d40000, 0x000002398f000000]
CodeHeap 'profiled nmethods': size=120000Kb used=5335Kb max_used=5335Kb free=114664Kb
 bounds [0x0000023980000000, 0x0000023980540000, 0x0000023987530000]
CodeHeap 'non-nmethods': size=5760Kb used=1377Kb max_used=1395Kb free=4382Kb
 bounds [0x0000023987530000, 0x00000239877a0000, 0x0000023987ad0000]
CodeCache: size=245760Kb, used=7899Kb, max_used=7917Kb, free=237858Kb
 total_blobs=3308, nmethods=2770, adapters=442, full_count=0
Compilation: enabled, stopped_count=0, restarted_count=0

Compilation events (20 events):
Event: 74.883 Thread 0x00000239f87105b0 nmethod 2764 0x0000023980527b90 code [0x0000023980527fa0, 0x0000023980529870]
Event: 74.883 Thread 0x00000239f87105b0 2766       3       java.lang.invoke.MethodHandleImpl::valueConversion (325 bytes)
Event: 74.884 Thread 0x00000239f87105b0 nmethod 2766 0x000002398052a110 code [0x000002398052a420, 0x000002398052b050]
Event: 74.884 Thread 0x00000239f87105b0 2768       1       java.lang.invoke.LambdaForm::arity (5 bytes)
Event: 74.884 Thread 0x00000239f87105b0 nmethod 2768 0x0000023987bf6d10 code [0x0000023987bf6ea0, 0x0000023987bf6f68]
Event: 74.889 Thread 0x00000239f870ad40 nmethod 2749 0x0000023987bf7010 code [0x0000023987bf7240, 0x0000023987bf8288]
Event: 74.889 Thread 0x00000239f870ad40 2751       4       jdk.internal.util.ArraysSupport::mismatch (103 bytes)
Event: 74.890 Thread 0x00000239f87105b0 2773       3       java.lang.invoke.MethodHandleImpl::computeValueConversions (121 bytes)
Event: 74.891 Thread 0x00000239f87105b0 nmethod 2773 0x000002398052b490 code [0x000002398052b6a0, 0x000002398052be78]
Event: 74.891 Thread 0x00000239f87105b0 2772       3       java.lang.invoke.MethodHandleImpl::makePairwiseConvertByEditor (617 bytes)
Event: 74.893 Thread 0x00000239f870ad40 nmethod 2751 0x0000023987bf8910 code [0x0000023987bf8aa0, 0x0000023987bf8cf8]
Event: 74.893 Thread 0x00000239f870ad40 2769       4       jdk.internal.org.objectweb.asm.Frame::execute (2305 bytes)
Event: 74.896 Thread 0x00000239f87105b0 nmethod 2772 0x000002398052c210 code [0x000002398052ca20, 0x0000023980531ab0]
Event: 74.896 Thread 0x00000239f87105b0 2774       3       java.lang.invoke.MethodHandleImpl::countNonNull (42 bytes)
Event: 74.897 Thread 0x00000239f87105b0 nmethod 2774 0x0000023980533990 code [0x0000023980533b40, 0x0000023980533d78]
Event: 74.897 Thread 0x00000239f87105b0 2770       3       java.lang.invoke.MethodHandle::asTypeUncached (54 bytes)
Event: 74.898 Thread 0x00000239f87105b0 nmethod 2770 0x0000023980533e90 code [0x0000023980534160, 0x0000023980534c00]
Event: 74.898 Thread 0x00000239f87105b0 2771       3       java.lang.invoke.MethodType::isConvertibleTo (164 bytes)
Event: 74.898 Thread 0x00000239f87105b0 nmethod 2771 0x0000023980535090 code [0x00000239805352e0, 0x0000023980535bb8]
Event: 75.004 Thread 0x00000239f87105b0 2776       3       java.util.concurrent.ConcurrentLinkedQueue::poll (84 bytes)

GC Heap History (4 events):
Event: 7.247 GC heap before
{Heap before GC invocations=0 (full 0):
 garbage-first heap   total 262144K, used 26624K [0x00000000e0000000, 0x0000000100000000)
  region size 1024K, 23 young (23552K), 0 survivors (0K)
 Metaspace       used 2887K, committed 3008K, reserved 393216K
  class space    used 339K, committed 384K, reserved 327680K
}
Event: 7.474 GC heap after
{Heap after GC invocations=1 (full 0):
 garbage-first heap   total 262144K, used 11041K [0x00000000e0000000, 0x0000000100000000)
  region size 1024K, 3 young (3072K), 3 survivors (3072K)
 Metaspace       used 2887K, committed 3008K, reserved 393216K
  class space    used 339K, committed 384K, reserved 327680K
}
Event: 9.874 GC heap before
{Heap before GC invocations=1 (full 0):
 garbage-first heap   total 262144K, used 38689K [0x00000000e0000000, 0x0000000100000000)
  region size 1024K, 30 young (30720K), 3 survivors (3072K)
 Metaspace       used 4631K, committed 4800K, reserved 393216K
  class space    used 594K, committed 704K, reserved 327680K
}
Event: 9.881 GC heap after
{Heap after GC invocations=2 (full 0):
 garbage-first heap   total 262144K, used 14224K [0x00000000e0000000, 0x0000000100000000)
  region size 1024K, 3 young (3072K), 3 survivors (3072K)
 Metaspace       used 4631K, committed 4800K, reserved 393216K
  class space    used 594K, committed 704K, reserved 327680K
}

Dll operation events (20 events):
Event: 3.786 Attempting to load shared library C:\Users\leyot\.vscode\extensions\redhat.java-1.56.0-win32-x64\jre\21.0.12.1-win32-x86_64\bin\nio.dll
Event: 3.786 Loaded shared library C:\Users\leyot\.vscode\extensions\redhat.java-1.56.0-win32-x64\jre\21.0.12.1-win32-x86_64\bin\nio.dll
Event: 3.798 Attempting to load shared library C:\Users\leyot\.vscode\extensions\redhat.java-1.56.0-win32-x64\jre\21.0.12.1-win32-x86_64\bin\zip.dll
Event: 3.798 Loaded shared library C:\Users\leyot\.vscode\extensions\redhat.java-1.56.0-win32-x64\jre\21.0.12.1-win32-x86_64\bin\zip.dll
Event: 4.933 Attempting to load shared library C:\Users\leyot\.vscode\extensions\redhat.java-1.56.0-win32-x64\jre\21.0.12.1-win32-x86_64\bin\jimage.dll
Event: 4.933 Loaded shared library C:\Users\leyot\.vscode\extensions\redhat.java-1.56.0-win32-x64\jre\21.0.12.1-win32-x86_64\bin\jimage.dll
Event: 6.785 Attempting to load shared library C:\Users\leyot\.vscode\extensions\redhat.java-1.56.0-win32-x64\jre\21.0.12.1-win32-x86_64\bin\verify.dll
Event: 6.786 Loaded shared library C:\Users\leyot\.vscode\extensions\redhat.java-1.56.0-win32-x64\jre\21.0.12.1-win32-x86_64\bin\verify.dll
Event: 6.950 Attempting to load shared library C:\Users\leyot\.gradle\native\660c5614fbf4a5f2a75b1949f50a0caf5cd603558e7d8a26e50b933a0cfb79d1\windows-amd64\native-platform.dll
Event: 6.951 Loaded shared library C:\Users\leyot\.gradle\native\660c5614fbf4a5f2a75b1949f50a0caf5cd603558e7d8a26e50b933a0cfb79d1\windows-amd64\native-platform.dll
Event: 6.993 Attempting to load shared library C:\Users\leyot\.gradle\native\0.2.8\x86_64-windows-gnu\gradle-fileevents.dll
Event: 6.996 Loaded shared library C:\Users\leyot\.gradle\native\0.2.8\x86_64-windows-gnu\gradle-fileevents.dll
Event: 12.369 Attempting to load shared library C:\Users\leyot\.vscode\extensions\redhat.java-1.56.0-win32-x64\jre\21.0.12.1-win32-x86_64\bin\management.dll
Event: 12.371 Loaded shared library C:\Users\leyot\.vscode\extensions\redhat.java-1.56.0-win32-x64\jre\21.0.12.1-win32-x86_64\bin\management.dll
Event: 12.377 Attempting to load shared library C:\Users\leyot\.vscode\extensions\redhat.java-1.56.0-win32-x64\jre\21.0.12.1-win32-x86_64\bin\management_ext.dll
Event: 12.379 Loaded shared library C:\Users\leyot\.vscode\extensions\redhat.java-1.56.0-win32-x64\jre\21.0.12.1-win32-x86_64\bin\management_ext.dll
Event: 14.074 Attempting to load shared library C:\Users\leyot\.vscode\extensions\redhat.java-1.56.0-win32-x64\jre\21.0.12.1-win32-x86_64\bin\extnet.dll
Event: 14.075 Loaded shared library C:\Users\leyot\.vscode\extensions\redhat.java-1.56.0-win32-x64\jre\21.0.12.1-win32-x86_64\bin\extnet.dll
Event: 57.591 Attempting to load shared library C:\Users\leyot\.vscode\extensions\redhat.java-1.56.0-win32-x64\jre\21.0.12.1-win32-x86_64\bin\sunmscapi.dll
Event: 57.657 Loaded shared library C:\Users\leyot\.vscode\extensions\redhat.java-1.56.0-win32-x64\jre\21.0.12.1-win32-x86_64\bin\sunmscapi.dll

Deoptimization events (20 events):
Event: 65.970 Thread 0x00000239ff08bdb0 Uncommon trap: trap_request=0xffffff45 fr.pc=0x0000023987bac19c relative=0x000000000000017c
Event: 65.970 Thread 0x00000239ff08bdb0 Uncommon trap: reason=unstable_if action=reinterpret pc=0x0000023987bac19c method=java.util.concurrent.locks.ReentrantLock$NonfairSync.initialTryLock()Z @ 25 c2
Event: 65.971 Thread 0x00000239ff08bdb0 DEOPT PACKING pc=0x0000023987bac19c sp=0x000000fade1fec40
Event: 65.971 Thread 0x00000239ff08bdb0 DEOPT UNPACKING pc=0x0000023987584422 sp=0x000000fade1febe0 mode 2
Event: 66.558 Thread 0x00000239f8a0ca60 DEOPT PACKING pc=0x000002398044f6b6 sp=0x000000fade2fe030
Event: 66.558 Thread 0x00000239f8a0ca60 DEOPT UNPACKING pc=0x0000023987584bc2 sp=0x000000fade2fd588 mode 0
Event: 66.559 Thread 0x00000239f8a0ca60 DEOPT PACKING pc=0x000002398044f6b6 sp=0x000000fade2fe030
Event: 66.559 Thread 0x00000239f8a0ca60 DEOPT UNPACKING pc=0x0000023987584bc2 sp=0x000000fade2fd588 mode 0
Event: 67.578 Thread 0x00000239f89a63f0 Uncommon trap: trap_request=0xffffff45 fr.pc=0x0000023987b4713c relative=0x0000000000000e3c
Event: 67.578 Thread 0x00000239f89a63f0 Uncommon trap: reason=unstable_if action=reinterpret pc=0x0000023987b4713c method=java.util.concurrent.ConcurrentHashMap.putVal(Ljava/lang/Object;Ljava/lang/Object;Z)Ljava/lang/Object; @ 256 c2
Event: 67.578 Thread 0x00000239f89a63f0 DEOPT PACKING pc=0x0000023987b4713c sp=0x000000fade5febc0
Event: 67.578 Thread 0x00000239f89a63f0 DEOPT UNPACKING pc=0x0000023987584422 sp=0x000000fade5feb28 mode 2
Event: 67.857 Thread 0x00000239ff08bdb0 Uncommon trap: trap_request=0xffffff45 fr.pc=0x0000023987b20a48 relative=0x00000000000005e8
Event: 67.857 Thread 0x00000239ff08bdb0 Uncommon trap: reason=unstable_if action=reinterpret pc=0x0000023987b20a48 method=java.lang.AbstractStringBuilder.append(Ljava/lang/String;)Ljava/lang/AbstractStringBuilder; @ 1 c2
Event: 67.857 Thread 0x00000239ff08bdb0 DEOPT PACKING pc=0x0000023987b20a48 sp=0x000000fade1fe6a0
Event: 67.857 Thread 0x00000239ff08bdb0 DEOPT UNPACKING pc=0x0000023987584422 sp=0x000000fade1fe678 mode 2
Event: 71.175 Thread 0x00000239f89a63f0 Uncommon trap: trap_request=0xffffffcc fr.pc=0x0000023987bdebfc relative=0x000000000000033c
Event: 71.175 Thread 0x00000239f89a63f0 Uncommon trap: reason=intrinsic_or_type_checked_inlining action=make_not_entrant pc=0x0000023987bdebfc method=java.util.Arrays.copyOf([Ljava/lang/Object;ILjava/lang/Class;)[Ljava/lang/Object; @ 35 c2
Event: 71.175 Thread 0x00000239f89a63f0 DEOPT PACKING pc=0x0000023987bdebfc sp=0x000000fade5fde30
Event: 71.175 Thread 0x00000239f89a63f0 DEOPT UNPACKING pc=0x0000023987584422 sp=0x000000fade5fddd8 mode 2

Classes loaded (20 events):
Event: 68.200 Loading class java/util/Collections$UnmodifiableMap$UnmodifiableEntrySet
Event: 68.200 Loading class java/util/Collections$UnmodifiableMap$UnmodifiableEntrySet done
Event: 68.200 Loading class java/util/Collections$UnmodifiableMap$UnmodifiableEntrySet$1
Event: 68.200 Loading class java/util/Collections$UnmodifiableMap$UnmodifiableEntrySet$1 done
Event: 68.201 Loading class java/util/Collections$UnmodifiableMap$UnmodifiableEntrySet$UnmodifiableEntry
Event: 68.201 Loading class java/util/Collections$UnmodifiableMap$UnmodifiableEntrySet$UnmodifiableEntry done
Event: 70.123 Loading class java/lang/invoke/DirectMethodHandle$StaticAccessor
Event: 70.123 Loading class java/lang/invoke/DirectMethodHandle$StaticAccessor done
Event: 70.639 Loading class java/math/BigDecimal
Event: 70.642 Loading class java/math/BigDecimal done
Event: 70.800 Loading class java/lang/ThreadLocal$SuppliedThreadLocal
Event: 70.800 Loading class java/lang/ThreadLocal$SuppliedThreadLocal done
Event: 71.177 Loading class sun/reflect/generics/tree/VoidDescriptor
Event: 71.177 Loading class sun/reflect/generics/tree/VoidDescriptor done
Event: 72.982 Loading class java/util/HashMap$EntrySpliterator
Event: 72.982 Loading class java/util/HashMap$EntrySpliterator done
Event: 73.747 Loading class java/util/concurrent/atomic/AtomicReferenceArray
Event: 73.747 Loading class java/util/concurrent/atomic/AtomicReferenceArray done
Event: 73.747 Loading class java/lang/invoke/VarHandleReferences$Array
Event: 73.748 Loading class java/lang/invoke/VarHandleReferences$Array done

Classes unloaded (0 events):
No events

Classes redefined (0 events):
No events

Internal exceptions (20 events):
Event: 12.259 Thread 0x00000239f1912710 Exception <a 'java/lang/NoSuchMethodError'{0x00000000ede454a8}: 'java.lang.Object java.lang.invoke.Invokers$Holder.invokeExact_MT(java.lang.Object, java.lang.Object, java.lang.Object, java.lang.Object, java.lang.Object, java.lang.Object)'> (0x00000000ede454a8) 
thrown [s\src\hotspot\share\interpreter\linkResolver.cpp, line 773]
Event: 12.288 Thread 0x00000239f1912710 Exception <a 'java/lang/NoSuchMethodError'{0x00000000ede9b0f0}: 'java.lang.Object java.lang.invoke.DirectMethodHandle$Holder.invokeVirtual(java.lang.Object, java.lang.Object, java.lang.Object, java.lang.Object, java.lang.Object, java.lang.Object)'> (0x00000000ede9b0f0) 
thrown [s\src\hotspot\share\interpreter\linkResolver.cpp, line 773]
Event: 12.592 Thread 0x00000239f1912710 Exception <a 'java/lang/NoSuchMethodError'{0x00000000edcb6fd0}: 'java.lang.Object java.lang.invoke.DelegatingMethodHandle$Holder.reinvoke_L(java.lang.Object, java.lang.Object, java.lang.Object, java.lang.Object, java.lang.Object, java.lang.Object, java.lang.Object, java.lang.Object, java.lang.Object, java.lang.Object, java.lang.Object, java.lang.Object, java.lang.Object, java.lang.Object)'> (0x00000000edcb6fd0) 
thrown [s\src\hotspot\share\interpreter\linkResolver.cpp, line 773]
Event: 12.664 Thread 0x00000239f1912710 Exception <a 'java/lang/NoSuchMethodError'{0x00000000edb83e78}: 'java.lang.Object java.lang.invoke.DirectMethodHandle$Holder.invokeStatic(java.lang.Object, java.lang.Object, java.lang.Object, java.lang.Object, java.lang.Object, java.lang.Object, java.lang.Object, java.lang.Object, java.lang.Object, java.lang.Object, java.lang.Object, java.lang.Object, java.lang.Object)'> (0x00000000edb83e78) 
thrown [s\src\hotspot\share\interpreter\linkResolver.cpp, line 773]
Event: 12.739 Thread 0x00000239f1912710 Exception <a 'java/lang/NoSuchMethodError'{0x00000000edba37a0}: 'java.lang.Object java.lang.invoke.DirectMethodHandle$Holder.invokeStatic(java.lang.Object, java.lang.Object, java.lang.Object, java.lang.Object, java.lang.Object, java.lang.Object, java.lang.Object, java.lang.Object, java.lang.Object, java.lang.Object, java.lang.Object, java.lang.Object, java.lang.Object, java.lang.Object)'> (0x00000000edba37a0) 
thrown [s\src\hotspot\share\interpreter\linkResolver.cpp, line 773]
Event: 12.769 Thread 0x00000239f1912710 Exception <a 'java/lang/NoSuchMethodError'{0x00000000edbc3d70}: 'java.lang.Object java.lang.invoke.DirectMethodHandle$Holder.invokeStatic(java.lang.Object, java.lang.Object, java.lang.Object, java.lang.Object, java.lang.Object, java.lang.Object, java.lang.Object, java.lang.Object, java.lang.Object, java.lang.Object, java.lang.Object, java.lang.Object, java.lang.Object, java.lang.Object, java.lang.Object)'> (0x00000000edbc3d70) 
thrown [s\src\hotspot\share\interpreter\linkResolver.cpp, line 773]
Event: 12.801 Thread 0x00000239f1912710 Exception <a 'java/lang/NoSuchMethodError'{0x00000000edbe6a38}: 'java.lang.Object java.lang.invoke.DirectMethodHandle$Holder.invokeStatic(java.lang.Object, java.lang.Object, java.lang.Object, java.lang.Object, java.lang.Object, java.lang.Object, java.lang.Object, java.lang.Object, java.lang.Object, java.lang.Object, java.lang.Object, java.lang.Object, java.lang.Object, java.lang.Object, java.lang.Object, java.lang.Object)'> (0x00000000edbe6a38) 
thrown [s\src\hotspot\share\interpreter\linkResolver.cpp, lin
Event: 14.204 Thread 0x00000239f1912710 Exception <a 'java/lang/NoSuchMethodError'{0x00000000ed7d2210}: 'java.lang.Object java.lang.invoke.DirectMethodHandle$Holder.invokeVirtual(java.lang.Object, java.lang.Object, java.lang.Object, java.lang.Object, java.lang.Object, java.lang.Object, java.lang.Object, java.lang.Object, java.lang.Object)'> (0x00000000ed7d2210) 
thrown [s\src\hotspot\share\interpreter\linkResolver.cpp, line 773]
Event: 14.355 Thread 0x00000239f1912710 Exception <a 'java/lang/NoSuchMethodError'{0x00000000ed556368}: 'java.lang.Object java.lang.invoke.DirectMethodHandle$Holder.invokeStaticInit(java.lang.Object, int, int, int, int)'> (0x00000000ed556368) 
thrown [s\src\hotspot\share\interpreter\linkResolver.cpp, line 773]
Event: 15.355 Thread 0x00000239f1912710 Exception <a 'java/lang/NoSuchMethodError'{0x00000000ed5d6c68}: 'java.lang.Object java.lang.invoke.DirectMethodHandle$Holder.invokeStaticInit(java.lang.Object, java.lang.Object, int, int, int, int)'> (0x00000000ed5d6c68) 
thrown [s\src\hotspot\share\interpreter\linkResolver.cpp, line 773]
Event: 15.804 Thread 0x00000239f1912710 Exception <a 'java/io/IOException'{0x00000000ed242a60}> (0x00000000ed242a60) 
thrown [s\src\hotspot\share\prims\jni.cpp, line 520]
Event: 15.831 Thread 0x00000239f1912710 Implicit null exception at 0x0000023987b1f8a0 to 0x0000023987b1fe3c
Event: 15.851 Thread 0x00000239f1912710 Exception <a 'java/lang/NoSuchMethodError'{0x00000000ed2bf1b0}: 'java.lang.Object java.lang.invoke.DirectMethodHandle$Holder.newInvokeSpecial(java.lang.Object, java.lang.Object, java.lang.Object, java.lang.Object, java.lang.Object)'> (0x00000000ed2bf1b0) 
thrown [s\src\hotspot\share\interpreter\linkResolver.cpp, line 773]
Event: 15.863 Thread 0x00000239f1912710 Exception <a 'java/lang/NoSuchMethodError'{0x00000000ed2e1b88}: 'void java.lang.invoke.DirectMethodHandle$Holder.invokeSpecial(java.lang.Object, java.lang.Object, java.lang.Object)'> (0x00000000ed2e1b88) 
thrown [s\src\hotspot\share\interpreter\linkResolver.cpp, line 773]
Event: 67.857 Thread 0x00000239ff08bdb0 Implicit null exception at 0x0000023987b204a0 to 0x0000023987b20a30
Event: 73.517 Thread 0x00000239f89a63f0 Exception <a 'java/lang/NoSuchMethodError'{0x00000000ec6342d8}: 'java.lang.Object java.lang.invoke.DirectMethodHandle$Holder.invokeVirtual(java.lang.Object, java.lang.Object, java.lang.Object, java.lang.Object, java.lang.Object, java.lang.Object, java.lang.Object)'> (0x00000000ec6342d8) 
thrown [s\src\hotspot\share\interpreter\linkResolver.cpp, line 773]
Event: 73.538 Thread 0x00000239f89a63f0 Exception <a 'java/lang/NoSuchMethodError'{0x00000000ec6cb3f8}: 'long java.lang.invoke.DirectMethodHandle$Holder.invokeInterface(java.lang.Object, java.lang.Object)'> (0x00000000ec6cb3f8) 
thrown [s\src\hotspot\share\interpreter\linkResolver.cpp, line 773]
Event: 73.841 Thread 0x00000239f89a63f0 Exception <a 'java/lang/NoSuchMethodError'{0x00000000ec292990}: 'void java.lang.invoke.DirectMethodHandle$Holder.invokeStatic(java.lang.Object, java.lang.Object)'> (0x00000000ec292990) 
thrown [s\src\hotspot\share\interpreter\linkResolver.cpp, line 773]
Event: 74.881 Thread 0x00000239f89a63f0 Exception <a 'java/lang/NoSuchMethodError'{0x00000000ec2e8f38}: 'java.lang.Object java.lang.invoke.DirectMethodHandle$Holder.invokeVirtual(java.lang.Object, java.lang.Object, java.lang.Object, java.lang.Object, java.lang.Object, java.lang.Object, java.lang.Object, java.lang.Object, java.lang.Object, java.lang.Object, java.lang.Object, java.lang.Object)'> (0x00000000ec2e8f38) 
thrown [s\src\hotspot\share\interpreter\linkResolver.cpp, line 773]
Event: 74.882 Thread 0x00000239f89a63f0 Exception <a 'java/lang/NoSuchMethodError'{0x00000000ec2edf60}: 'java.lang.Object java.lang.invoke.DirectMethodHandle$Holder.invokeSpecial(java.lang.Object, java.lang.Object, java.lang.Object, java.lang.Object, java.lang.Object, java.lang.Object, java.lang.Object, java.lang.Object, java.lang.Object, java.lang.Object, java.lang.Object, java.lang.Object, java.lang.Object)'> (0x00000000ec2edf60) 
thrown [s\src\hotspot\share\interpreter\linkResolver.cpp, line 773]

ZGC Phase Switch (0 events):
No events

VM Operations (20 events):
Event: 59.854 Executing safepoint VM operation: Cleanup done
Event: 60.116 Executing non-safepoint VM operation: HandshakeAllThreads (HandshakeForDeflation)
Event: 60.116 Executing non-safepoint VM operation: HandshakeAllThreads (HandshakeForDeflation) done
Event: 60.116 Executing non-safepoint VM operation: RendezvousGCThreads
Event: 60.116 Executing non-safepoint VM operation: RendezvousGCThreads done
Event: 67.210 Executing safepoint VM operation: Cleanup
Event: 67.380 Executing safepoint VM operation: Cleanup done
Event: 68.395 Executing safepoint VM operation: Cleanup
Event: 68.397 Executing safepoint VM operation: Cleanup done
Event: 69.408 Executing safepoint VM operation: Cleanup
Event: 69.894 Executing safepoint VM operation: Cleanup done
Event: 70.904 Executing safepoint VM operation: Cleanup
Event: 70.950 Executing safepoint VM operation: Cleanup done
Event: 71.960 Executing safepoint VM operation: Cleanup
Event: 72.234 Executing safepoint VM operation: Cleanup done
Event: 73.253 Executing safepoint VM operation: Cleanup
Event: 73.277 Executing safepoint VM operation: Cleanup done
Event: 74.286 Executing safepoint VM operation: Cleanup
Event: 74.286 Executing safepoint VM operation: Cleanup done
Event: 75.297 Executing safepoint VM operation: Cleanup

Memory protections (0 events):
No events

Nmethod flushes (0 events):
No events

Events (20 events):
Event: 2.943 Thread 0x00000239f1912710 Thread added: 0x00000239f8700080
Event: 2.943 Thread 0x00000239f1912710 Thread added: 0x00000239f8700be0
Event: 2.944 Thread 0x00000239f1912710 Thread added: 0x00000239f87042c0
Event: 2.945 Thread 0x00000239f1912710 Thread added: 0x00000239f8706d30
Event: 2.945 Thread 0x00000239f1912710 Thread added: 0x00000239f8708190
Event: 2.945 Thread 0x00000239f1912710 Thread added: 0x00000239f8709fb0
Event: 2.945 Thread 0x00000239f1912710 Thread added: 0x00000239f870ad40
Event: 2.947 Thread 0x00000239f1912710 Thread added: 0x00000239f87105b0
Event: 3.764 Thread 0x00000239f1912710 Thread added: 0x00000239f8902710
Event: 3.870 Thread 0x00000239f1912710 Thread added: 0x00000239f89d5880
Event: 12.523 Thread 0x00000239f1912710 Thread added: 0x00000239fee3cfd0
Event: 15.465 Thread 0x00000239f1912710 Thread added: 0x00000239fd105e50
Event: 15.869 Thread 0x00000239f1912710 Thread added: 0x00000239ff08bdb0
Event: 57.716 Thread 0x00000239fd105e50 Thread added: 0x00000239f8a0ca60
Event: 57.721 Thread 0x00000239f8a0ca60 Thread added: 0x00000239fe9fbbc0
Event: 59.404 Thread 0x00000239f8a0ca60 Thread added: 0x00000239fea30750
Event: 66.567 Thread 0x00000239f8a0ca60 Thread added: 0x00000239f89a63f0
Event: 67.905 Thread 0x00000239f89a63f0 Thread added: 0x00000239f89a6a80
Event: 70.649 Thread 0x00000239f89a63f0 Thread added: 0x00000239f89a7110
Event: 71.135 Thread 0x00000239f89a63f0 Thread added: 0x00000239f89a5d60


Dynamic libraries:
0x00007ff7deda0000 - 0x00007ff7dedae000 	C:\Users\leyot\.vscode\extensions\redhat.java-1.56.0-win32-x64\jre\21.0.12.1-win32-x86_64\bin\java.exe
0x00007ffcd9920000 - 0x00007ffcd9b87000 	C:\WINDOWS\SYSTEM32\ntdll.dll
0x00007ffcd8b00000 - 0x00007ffcd8bcb000 	C:\WINDOWS\System32\KERNEL32.DLL
0x00007ffcd6e30000 - 0x00007ffcd7232000 	C:\WINDOWS\System32\KERNELBASE.dll
0x00007ffcd74e0000 - 0x00007ffcd762c000 	C:\WINDOWS\System32\ucrtbase.dll
0x00007ffc98c60000 - 0x00007ffc98c78000 	C:\Users\leyot\.vscode\extensions\redhat.java-1.56.0-win32-x64\jre\21.0.12.1-win32-x86_64\bin\jli.dll
0x00007ffcd8bd0000 - 0x00007ffcd8d9f000 	C:\WINDOWS\System32\USER32.dll
0x00007ffcd6be0000 - 0x00007ffcd6c07000 	C:\WINDOWS\System32\win32u.dll
0x00007ffcd9780000 - 0x00007ffcd97ab000 	C:\WINDOWS\System32\GDI32.dll
0x00007ffcd73b0000 - 0x00007ffcd74d9000 	C:\WINDOWS\System32\gdi32full.dll
0x00007ffcd7300000 - 0x00007ffcd73a3000 	C:\WINDOWS\System32\msvcp_win.dll
0x00007ffc9b3b0000 - 0x00007ffc9b3ce000 	C:\Users\leyot\.vscode\extensions\redhat.java-1.56.0-win32-x64\jre\21.0.12.1-win32-x86_64\bin\VCRUNTIME140.dll
0x00007ffcc5900000 - 0x00007ffcc5b90000 	C:\WINDOWS\WinSxS\amd64_microsoft.windows.common-controls_6595b64144ccf1df_6.0.26100.9278_none_3e0d1ba8e3303201\COMCTL32.dll
0x00007ffcd97b0000 - 0x00007ffcd9859000 	C:\WINDOWS\System32\msvcrt.dll
0x00007ffcd8680000 - 0x00007ffcd86b1000 	C:\WINDOWS\System32\IMM32.DLL
0x00007ffcb3340000 - 0x00007ffcb334c000 	C:\Users\leyot\.vscode\extensions\redhat.java-1.56.0-win32-x64\jre\21.0.12.1-win32-x86_64\bin\vcruntime140_1.dll
0x00007ffbe1ae0000 - 0x00007ffbe1b6d000 	C:\Users\leyot\.vscode\extensions\redhat.java-1.56.0-win32-x64\jre\21.0.12.1-win32-x86_64\bin\msvcp140.dll
0x00007ffbc1860000 - 0x00007ffbc2602000 	C:\Users\leyot\.vscode\extensions\redhat.java-1.56.0-win32-x64\jre\21.0.12.1-win32-x86_64\bin\server\jvm.dll
0x00007ffcd83c0000 - 0x00007ffcd847c000 	C:\WINDOWS\System32\ADVAPI32.dll
0x00007ffcd7640000 - 0x00007ffcd76e9000 	C:\WINDOWS\System32\sechost.dll
0x00007ffcd8700000 - 0x00007ffcd8818000 	C:\WINDOWS\System32\RPCRT4.dll
0x00007ffcd96f0000 - 0x00007ffcd9770000 	C:\WINDOWS\System32\WS2_32.dll
0x00007ffcd6980000 - 0x00007ffcd69de000 	C:\WINDOWS\SYSTEM32\POWRPROF.dll
0x00007ffccc1b0000 - 0x00007ffccc1e6000 	C:\WINDOWS\SYSTEM32\WINMM.dll
0x00007ffccea20000 - 0x00007ffccea2b000 	C:\WINDOWS\SYSTEM32\VERSION.dll
0x00007ffcd6950000 - 0x00007ffcd6965000 	C:\WINDOWS\SYSTEM32\UMPDC.dll
0x00007ffcd57f0000 - 0x00007ffcd580b000 	C:\WINDOWS\SYSTEM32\kernel.appcore.dll
0x00007ffca3d00000 - 0x00007ffca3d0a000 	C:\Users\leyot\.vscode\extensions\redhat.java-1.56.0-win32-x64\jre\21.0.12.1-win32-x86_64\bin\jimage.dll
0x00007ffccdce0000 - 0x00007ffccdf2c000 	C:\WINDOWS\SYSTEM32\DBGHELP.DLL
0x00007ffcd7890000 - 0x00007ffcd7c15000 	C:\WINDOWS\System32\combase.dll
0x00007ffcd85a0000 - 0x00007ffcd8679000 	C:\WINDOWS\System32\OLEAUT32.dll
0x00007ffcba3e0000 - 0x00007ffcba41b000 	C:\WINDOWS\SYSTEM32\dbgcore.DLL
0x00007ffcd6b20000 - 0x00007ffcd6bcc000 	C:\WINDOWS\System32\bcryptPrimitives.dll
0x00007ffc9eb60000 - 0x00007ffc9eb6f000 	C:\Users\leyot\.vscode\extensions\redhat.java-1.56.0-win32-x64\jre\21.0.12.1-win32-x86_64\bin\instrument.dll
0x00007ffc98870000 - 0x00007ffc98890000 	C:\Users\leyot\.vscode\extensions\redhat.java-1.56.0-win32-x64\jre\21.0.12.1-win32-x86_64\bin\java.dll
0x00007ffcd7c20000 - 0x00007ffcd83b8000 	C:\WINDOWS\System32\SHELL32.dll
0x00007ffcd4550000 - 0x00007ffcd4dfe000 	C:\WINDOWS\SYSTEM32\windows.storage.dll
0x00007ffcd84a0000 - 0x00007ffcd859b000 	C:\WINDOWS\System32\SHCORE.dll
0x00007ffcd8fd0000 - 0x00007ffcd9036000 	C:\WINDOWS\System32\shlwapi.dll
0x00007ffcd6a40000 - 0x00007ffcd6a69000 	C:\WINDOWS\SYSTEM32\profapi.dll
0x00007ffc98600000 - 0x00007ffc98618000 	C:\Users\leyot\.vscode\extensions\redhat.java-1.56.0-win32-x64\jre\21.0.12.1-win32-x86_64\bin\zip.dll
0x00007ffc9eb10000 - 0x00007ffc9eb20000 	C:\Users\leyot\.vscode\extensions\redhat.java-1.56.0-win32-x64\jre\21.0.12.1-win32-x86_64\bin\net.dll
0x00007ffcd0f80000 - 0x00007ffcd10aa000 	C:\WINDOWS\SYSTEM32\WINHTTP.dll
0x00007ffcd5db0000 - 0x00007ffcd5e1c000 	C:\WINDOWS\system32\mswsock.dll
0x00007ffc985e0000 - 0x00007ffc985f6000 	C:\Users\leyot\.vscode\extensions\redhat.java-1.56.0-win32-x64\jre\21.0.12.1-win32-x86_64\bin\nio.dll
0x00007ffcb8730000 - 0x00007ffcb8740000 	C:\Users\leyot\.vscode\extensions\redhat.java-1.56.0-win32-x64\jre\21.0.12.1-win32-x86_64\bin\verify.dll
0x00007ffc984f0000 - 0x00007ffc98517000 	C:\Users\leyot\.gradle\native\660c5614fbf4a5f2a75b1949f50a0caf5cd603558e7d8a26e50b933a0cfb79d1\windows-amd64\native-platform.dll
0x00007ffc7b590000 - 0x00007ffc7b607000 	C:\Users\leyot\.gradle\native\0.2.8\x86_64-windows-gnu\gradle-fileevents.dll
0x00007ffcb8720000 - 0x00007ffcb872a000 	C:\Users\leyot\.vscode\extensions\redhat.java-1.56.0-win32-x64\jre\21.0.12.1-win32-x86_64\bin\management.dll
0x00007ffc9eb70000 - 0x00007ffc9eb7c000 	C:\Users\leyot\.vscode\extensions\redhat.java-1.56.0-win32-x64\jre\21.0.12.1-win32-x86_64\bin\management_ext.dll
0x00007ffcd9660000 - 0x00007ffcd9668000 	C:\WINDOWS\System32\PSAPI.DLL
0x00007ffcd5180000 - 0x00007ffcd51b3000 	C:\WINDOWS\SYSTEM32\IPHLPAPI.DLL
0x00007ffcd8490000 - 0x00007ffcd849a000 	C:\WINDOWS\System32\NSI.dll
0x00007ffc9db40000 - 0x00007ffc9db49000 	C:\Users\leyot\.vscode\extensions\redhat.java-1.56.0-win32-x64\jre\21.0.12.1-win32-x86_64\bin\extnet.dll
0x00007ffcd60a0000 - 0x00007ffcd60bb000 	C:\WINDOWS\SYSTEM32\CRYPTSP.dll
0x00007ffcd5750000 - 0x00007ffcd5789000 	C:\WINDOWS\system32\rsaenh.dll
0x00007ffcd5e60000 - 0x00007ffcd5e94000 	C:\WINDOWS\SYSTEM32\USERENV.dll
0x00007ffcd6a10000 - 0x00007ffcd6a3a000 	C:\WINDOWS\SYSTEM32\bcrypt.dll
0x00007ffcd60c0000 - 0x00007ffcd60cc000 	C:\WINDOWS\SYSTEM32\CRYPTBASE.dll
0x00007ffc9c6c0000 - 0x00007ffc9c6ce000 	C:\Users\leyot\.vscode\extensions\redhat.java-1.56.0-win32-x64\jre\21.0.12.1-win32-x86_64\bin\sunmscapi.dll
0x00007ffcd6ca0000 - 0x00007ffcd6e1e000 	C:\WINDOWS\System32\CRYPT32.dll
0x00007ffcd62e0000 - 0x00007ffcd6310000 	C:\WINDOWS\SYSTEM32\ncrypt.dll
0x00007ffcd6290000 - 0x00007ffcd62cf000 	C:\WINDOWS\SYSTEM32\NTASN1.dll
0x00007ffca92c0000 - 0x00007ffca92c8000 	C:\WINDOWS\system32\wshunix.dll

JVMTI agents:
C:\Users\leyot\.gradle\wrapper\dists\gradle-9.6.0-bin\42k10rwplmzkhuboz9kdazi7s\gradle-9.6.0\lib\agents\gradle-instrumentation-agent-9.6.0.jar path:C:\Users\leyot\.vscode\extensions\redhat.java-1.56.0-win32-x64\jre\21.0.12.1-win32-x86_64\bin\instrument.dll, loaded, initialized, instrumentlib options:none

dbghelp: loaded successfully - version: 4.0.5 - missing functions: none
symbol engine: initialized successfully - sym options: 0x614 - pdb path: .;C:\Users\leyot\.vscode\extensions\redhat.java-1.56.0-win32-x64\jre\21.0.12.1-win32-x86_64\bin;C:\WINDOWS\SYSTEM32;C:\WINDOWS\WinSxS\amd64_microsoft.windows.common-controls_6595b64144ccf1df_6.0.26100.9278_none_3e0d1ba8e3303201;C:\Users\leyot\.vscode\extensions\redhat.java-1.56.0-win32-x64\jre\21.0.12.1-win32-x86_64\bin\server;C:\Users\leyot\.gradle\native\660c5614fbf4a5f2a75b1949f50a0caf5cd603558e7d8a26e50b933a0cfb79d1\windows-amd64;C:\Users\leyot\.gradle\native\0.2.8\x86_64-windows-gnu

VM Arguments:
jvm_args: --add-opens=java.base/java.lang=ALL-UNNAMED --add-opens=java.base/java.lang.invoke=ALL-UNNAMED --add-opens=java.base/java.util=ALL-UNNAMED --add-opens=java.prefs/java.util.prefs=ALL-UNNAMED --add-exports=jdk.compiler/com.sun.tools.javac.api=ALL-UNNAMED --add-exports=jdk.compiler/com.sun.tools.javac.util=ALL-UNNAMED --add-opens=java.base/java.nio.charset=ALL-UNNAMED --add-opens=java.base/java.net=ALL-UNNAMED --add-opens=java.base/java.util.concurrent=ALL-UNNAMED --add-opens=java.base/java.util.concurrent.atomic=ALL-UNNAMED --add-opens=java.xml/javax.xml.namespace=ALL-UNNAMED --add-opens=java.base/java.time=ALL-UNNAMED -XX:MaxMetaspaceSize=384m -XX:+HeapDumpOnOutOfMemoryError -Xms256m -Xmx512m -Dfile.encoding=UTF-8 -Duser.country=MX -Duser.language=es -Duser.variant -javaagent:C:\Users\leyot\.gradle\wrapper\dists\gradle-9.6.0-bin\42k10rwplmzkhuboz9kdazi7s\gradle-9.6.0\lib\agents\gradle-instrumentation-agent-9.6.0.jar 
java_command: org.gradle.launcher.daemon.bootstrap.GradleDaemon 9.6.0
java_class_path (initial): C:\Users\leyot\.gradle\wrapper\dists\gradle-9.6.0-bin\42k10rwplmzkhuboz9kdazi7s\gradle-9.6.0\lib\gradle-daemon-main-9.6.0.jar
Launcher Type: SUN_STANDARD

[Global flags]
     intx CICompilerCount                          = 4                                         {product} {ergonomic}
   size_t CompressedClassSpaceSize                 = 335544320                                 {product} {ergonomic}
     uint ConcGCThreads                            = 3                                         {product} {ergonomic}
     uint G1ConcRefinementThreads                  = 10                                        {product} {ergonomic}
   size_t G1HeapRegionSize                         = 1048576                                   {product} {ergonomic}
    uintx GCDrainStackTargetSize                   = 64                                        {product} {ergonomic}
     bool HeapDumpOnOutOfMemoryError               = true                                   {manageable} {command line}
   size_t InitialHeapSize                          = 268435456                                 {product} {command line}
   size_t MarkStackSize                            = 4194304                                   {product} {ergonomic}
   size_t MaxHeapSize                              = 536870912                                 {product} {command line}
   size_t MaxMetaspaceSize                         = 402653184                                 {product} {command line}
   size_t MaxNewSize                               = 321912832                                 {product} {ergonomic}
   size_t MinHeapDeltaBytes                        = 1048576                                   {product} {ergonomic}
   size_t MinHeapSize                              = 268435456                                 {product} {command line}
    uintx NonNMethodCodeHeapSize                   = 5839372                                {pd product} {ergonomic}
    uintx NonProfiledCodeHeapSize                  = 122909434                              {pd product} {ergonomic}
    uintx ProfiledCodeHeapSize                     = 122909434                              {pd product} {ergonomic}
    uintx ReservedCodeCacheSize                    = 251658240                              {pd product} {ergonomic}
     bool SegmentedCodeCache                       = true                                      {product} {ergonomic}
   size_t SoftMaxHeapSize                          = 536870912                              {manageable} {ergonomic}
     bool UseCompressedOops                        = true                           {product lp64_product} {ergonomic}
     bool UseG1GC                                  = true                                      {product} {ergonomic}
     bool UseLargePagesIndividualAllocation        = false                                  {pd product} {ergonomic}

Logging:
Log output configuration:
 #0: stdout all=warning uptime,level,tags foldmultilines=false
 #1: stderr all=off uptime,level,tags foldmultilines=false

Release file:
JAVA_VERSION="21.0.12.1" 
MODULES="java.base java.compiler java.datatransfer java.xml java.prefs java.desktop java.instrument java.logging java.management java.security.sasl java.naming java.rmi java.management.rmi java.net.http java.scripting java.security.jgss java.transaction.xa java.sql java.sql.rowset java.xml.crypto java.se java.smartcardio jdk.accessibility jdk.internal.jvmstat jdk.attach jdk.charsets jdk.internal.opt jdk.zipfs jdk.compiler jdk.crypto.ec jdk.crypto.cryptoki jdk.crypto.mscapi jdk.dynalink jdk.internal.ed jdk.editpad jdk.hotspot.agent jdk.httpserver jdk.internal.le jdk.internal.vm.ci jdk.internal.vm.compiler jdk.internal.vm.compiler.management jdk.jartool jdk.javadoc jdk.jcmd jdk.management jdk.management.agent jdk.jconsole jdk.jdeps jdk.jdwp.agent jdk.jdi jdk.jfr jdk.jshell jdk.jsobject jdk.jstatd jdk.localedata jdk.management.jfr jdk.naming.dns jdk.naming.rmi jdk.net jdk.nio.mapmode jdk.random jdk.sctp jdk.security.auth jdk.security.jgss jdk.unsupported jdk.unsupported.desktop jdk.xml.dom" 

Environment Variables:
JAVA_HOME=C:\Program Files\Java\jdk-22
PATH=C:\Program Files\Microsoft MPI\Bin\;C:\Program Files\Java\jdk-22\bin;C:\Program Files (x86)\Common Files\Oracle\Java\javapath;C:\Program Files\Common Files\Oracle\Java\javapath;C:\dev\flutter\bin;C:\WINDOWS\system32;C:\WINDOWS;C:\WINDOWS\System32\Wbem;C:\WINDOWS\System32\WindowsPowerShell\v1.0\;C:\WINDOWS\System32\OpenSSH\;C:\Program Files (x86)\NVIDIA Corporation\PhysX\Common;C:\Program Files\dotnet\;C:\flutter\bin;C:\Program Files (x86)\Windows Kits\10\Windows Performance Toolkit\;C:\WINDOWS\system32\config\systemprofile\dev\flutter\bin;C:\Program Files\Git\cmd;C:\Users\leyot\OneDrive\Documents\apache-maven\apache-maven-3.9.9-bin\apache-maven-3.9.9\bin;C:\Program Files\Java\jdk-22\bin;C:\Program Files (x86)\Microsoft SQL Server\170\Tools\Binn\;C:\Program Files\Microsoft SQL Server\170\Tools\Binn\;C:\Program Files\Microsoft SQL Server\Client SDK\ODBC\180\Tools\Binn\;C:\Program Files\Microsoft SQL Server\170\DTS\Binn\;C:\Program Files (x86)\Microsoft SQL Server\170\DTS\Binn\;C:\Program Files\nodejs\;C:\Program Files\NVIDIA Corporation\NVIDIA App\NvDLISR;C:\Program Files\Memurai\;C:\Program Files\Amazon\AWSCLIV2\;C:\Program Files (x86)\Firebird\Firebird_2_5\bin\;C:\Program Files\k6\;C:\Program Files\Docker\Docker\resources\bin;C:\Program Files\Java\jdk-22;C:\src\flutter\bin;C:\Users\leyot\AppData\Local\Microsoft\WindowsApps;C:\sqlite;C:\Users\leyot\AppData\Local\Programs\Microsoft VS Code\bin;C:\Program Files\MongoDB\Server\8.0\bin;C:\Program Files\MongoDB\mongosh-2.3.8-win32-x64\bin;C:\Program Files\mosquitto;C:\Program Files\mosquitto;C:\Users\leyot\OneDrive\Documents\apache-maven\apache-maven-3.9.9-bin\apache-maven-3.9.9\bin;C:\Program Files\PostgreSQL\15\bin;C:\Users\leyot\AppData\Roaming\npm;C:\Users\leyot\AppData\Local\Packages\PythonSoftwareFoundation.Python.3.13_qbz5n2kfra8p0\LocalCache\local-packages\Python313\Scripts;C:\Users\leyot\AppData\Local\Unity\bin;C:\Users\leyot\.dotnet\tools;
USERNAME=leyot
OS=Windows_NT
PROCESSOR_IDENTIFIER=AMD64 Family 25 Model 68 Stepping 1, AuthenticAMD
TMP=C:\Users\leyot\AppData\Local\Temp
TEMP=C:\Users\leyot\AppData\Local\Temp




Periodic native trim disabled

---------------  S Y S T E M  ---------------

OS:
 Windows 11 , 64 bit Build 26100 (10.0.26100.9444)
OS uptime: 0 days 3:30 hours
Hyper-V role detected

CPU: total 12 (initial active 12) (12 cores per cpu, 2 threads per core) family 25 model 68 stepping 1 microcode 0xa404107, cx8, cmov, fxsr, ht, mmx, 3dnowpref, sse, sse2, sse3, ssse3, sse4a, sse4.1, sse4.2, popcnt, lzcnt, tsc, tscinvbit, avx, avx2, aes, erms, clmul, bmi1, bmi2, adx, sha, fma, vzeroupper, clflush, clflushopt, hv, rdtscp, rdpid, fsrm, f16c, cet_ss
Processor Information for processor 0
  Max Mhz: 3301, Current Mhz: 2496, Mhz Limit: 3301
Processor Information for processor 1
  Max Mhz: 3301, Current Mhz: 2496, Mhz Limit: 3301
Processor Information for processor 2
  Max Mhz: 3301, Current Mhz: 2496, Mhz Limit: 3301
Processor Information for processor 3
  Max Mhz: 3301, Current Mhz: 2496, Mhz Limit: 3301
Processor Information for processor 4
  Max Mhz: 3301, Current Mhz: 2496, Mhz Limit: 3301
Processor Information for processor 5
  Max Mhz: 3301, Current Mhz: 2496, Mhz Limit: 3301
Processor Information for processor 6
  Max Mhz: 3301, Current Mhz: 2496, Mhz Limit: 3301
Processor Information for processor 7
  Max Mhz: 3301, Current Mhz: 2496, Mhz Limit: 3301
Processor Information for processor 8
  Max Mhz: 3301, Current Mhz: 2024, Mhz Limit: 3301
Processor Information for processor 9
  Max Mhz: 3301, Current Mhz: 2024, Mhz Limit: 3301
Processor Information for processor 10
  Max Mhz: 3301, Current Mhz: 2496, Mhz Limit: 3301
Processor Information for processor 11
  Max Mhz: 3301, Current Mhz: 2024, Mhz Limit: 3301

Memory: 4k page, system-wide physical 15688M (856M free)
TotalPageFile size 49531M (AvailPageFile size 2679M)
current process WorkingSet (physical memory assigned to process): 101M, peak: 139M
current process commit charge ("private bytes"): 395M, peak: 395M

vm_info: OpenJDK 64-Bit Server VM (21.0.12.1+1-LTS) for windows-amd64 JRE (21.0.12.1+1-LTS), built on 2026-08-18T00:00:00Z by "admin" with MS VC++ 17.12 (VS2022)

END.
